ISO-10303-21;
HEADER;
/* Generated by software containing ST-Developer
 * from STEP Tools, Inc. (www.steptools.com) 
 */

FILE_DESCRIPTION(
/* description */ (''),
/* implementation_level */ '2;1');

FILE_NAME(
/* name */ 'Case-top.step',
/* time_stamp */ '2026-05-30T20:12:50-05:00',
/* author */ (''),
/* organization */ (''),
/* preprocessor_version */ 'ST-DEVELOPER v20.1',
/* originating_system */ 'Autodesk Translation Framework v15.8.0.0',
/* authorisation */ '');

FILE_SCHEMA (('AUTOMOTIVE_DESIGN { 1 0 10303 214 3 1 1 }'));
ENDSEC;

DATA;
#10=MECHANICAL_DESIGN_GEOMETRIC_PRESENTATION_REPRESENTATION('',(#13),#4905);
#11=SHAPE_REPRESENTATION_RELATIONSHIP('SRR','None',#4912,#12);
#12=ADVANCED_BREP_SHAPE_REPRESENTATION('',(#14),#4904);
#13=STYLED_ITEM('',(#4922),#14);
#14=MANIFOLD_SOLID_BREP('Body1',#819);
#15=LINE('',#927,#33);
#16=LINE('',#936,#34);
#17=LINE('',#978,#35);
#18=LINE('',#994,#36);
#19=LINE('',#996,#37);
#20=LINE('',#998,#38);
#21=LINE('',#1115,#39);
#22=LINE('',#1185,#40);
#23=LINE('',#1189,#41);
#24=LINE('',#1191,#42);
#25=LINE('',#1193,#43);
#26=LINE('',#1310,#44);
#27=LINE('',#1420,#45);
#28=LINE('',#1424,#46);
#29=LINE('',#1426,#47);
#30=LINE('',#1428,#48);
#31=LINE('',#1545,#49);
#32=LINE('',#1655,#50);
#33=VECTOR('',#847,10.);
#34=VECTOR('',#848,10.);
#35=VECTOR('',#849,10.);
#36=VECTOR('',#854,10.);
#37=VECTOR('',#855,10.);
#38=VECTOR('',#856,10.);
#39=VECTOR('',#859,10.);
#40=VECTOR('',#860,10.);
#41=VECTOR('',#863,10.);
#42=VECTOR('',#864,10.);
#43=VECTOR('',#865,10.);
#44=VECTOR('',#868,10.);
#45=VECTOR('',#869,10.);
#46=VECTOR('',#872,10.);
#47=VECTOR('',#873,10.);
#48=VECTOR('',#874,10.);
#49=VECTOR('',#877,10.);
#50=VECTOR('',#878,10.);
#51=B_SPLINE_SURFACE_WITH_KNOTS('',3,1,((#912,#913),(#914,#915),(#916,#917),
(#918,#919),(#920,#921),(#922,#923),(#924,#925)),.UNSPECIFIED.,.F.,.F.,
 .F.,(4,1,1,1,4),(2,2),(0.,0.0861358513484492,0.287045041268567,0.487954231188684,
0.599898776107827),(-0.02,0.),.UNSPECIFIED.);
#52=B_SPLINE_SURFACE_WITH_KNOTS('',3,1,((#937,#938),(#939,#940),(#941,#942),
(#943,#944),(#945,#946),(#947,#948)),.UNSPECIFIED.,.F.,.F.,.F.,(4,1,1,4),
(2,2),(0.,0.0862043302366242,0.343970256378786,0.601736182520948),(-0.02,
0.),.UNSPECIFIED.);
#53=B_SPLINE_SURFACE_WITH_KNOTS('',3,1,((#955,#956),(#957,#958),(#959,#960),
(#961,#962),(#963,#964),(#965,#966),(#967,#968),(#969,#970),(#971,#972),
(#973,#974),(#975,#976)),.UNSPECIFIED.,.T.,.F.,.F.,(4,1,1,1,1,1,1,1,4),
(2,2),(0.,0.041271406495351,0.0825428129907019,0.123814219486053,0.165085625981404,
0.206357032476755,0.247628438972106,0.288899845467457,0.330171251962808),
(-0.02,0.),.UNSPECIFIED.);
#54=B_SPLINE_SURFACE_WITH_KNOTS('',3,3,((#1749,#1750,#1751,#1752),(#1753,
#1754,#1755,#1756),(#1757,#1758,#1759,#1760),(#1761,#1762,#1763,#1764),
(#1765,#1766,#1767,#1768),(#1769,#1770,#1771,#1772),(#1773,#1774,#1775,
#1776)),.UNSPECIFIED.,.F.,.F.,.F.,(4,1,1,1,4),(4,4),(0.,0.285714285714286,
0.571428571428571,0.857142857142857,1.),(-0.637499985750765,0.562499996336798),
 .UNSPECIFIED.);
#55=B_SPLINE_SURFACE_WITH_KNOTS('',3,3,((#1845,#1846,#1847,#1848),(#1849,
#1850,#1851,#1852),(#1853,#1854,#1855,#1856),(#1857,#1858,#1859,#1860),
(#1861,#1862,#1863,#1864),(#1865,#1866,#1867,#1868),(#1869,#1870,#1871,
#1872)),.UNSPECIFIED.,.F.,.F.,.F.,(4,1,1,1,4),(4,4),(0.,0.285714285714286,
0.571428571428571,0.857142857142857,1.),(0.637916658446192,0.712499996336798),
 .UNSPECIFIED.);
#56=B_SPLINE_SURFACE_WITH_KNOTS('',3,3,((#1881,#1882,#1883,#1884),(#1885,
#1886,#1887,#1888),(#1889,#1890,#1891,#1892),(#1893,#1894,#1895,#1896),
(#1897,#1898,#1899,#1900),(#1901,#1902,#1903,#1904),(#1905,#1906,#1907,
#1908)),.UNSPECIFIED.,.F.,.F.,.F.,(4,1,1,1,4),(4,4),(0.,0.285714285714286,
0.571428571428571,0.857142857142857,1.),(0.93083332432434,1.10749997524545),
 .UNSPECIFIED.);
#57=B_SPLINE_SURFACE_WITH_KNOTS('',3,3,((#1977,#1978,#1979,#1980),(#1981,
#1982,#1983,#1984),(#1985,#1986,#1987,#1988),(#1989,#1990,#1991,#1992),
(#1993,#1994,#1995,#1996),(#1997,#1998,#1999,#2000),(#2001,#2002,#2003,
#2004)),.UNSPECIFIED.,.F.,.F.,.F.,(4,1,1,1,4),(4,4),(0.,0.285714285714286,
0.571428571428571,0.857142857142857,1.),(0.787916658446193,0.857499995548278),
 .UNSPECIFIED.);
#58=B_SPLINE_SURFACE_WITH_KNOTS('',3,3,((#2013,#2014,#2015,#2016),(#2017,
#2018,#2019,#2020),(#2021,#2022,#2023,#2024),(#2025,#2026,#2027,#2028),
(#2029,#2030,#2031,#2032),(#2033,#2034,#2035,#2036),(#2037,#2038,#2039,
#2040)),.UNSPECIFIED.,.F.,.F.,.F.,(4,1,1,1,4),(4,4),(0.,0.285714285714286,
0.571428571428571,0.857142857142857,1.),(-1.74499996099621,-0.544999978908648),
 .UNSPECIFIED.);
#59=B_SPLINE_SURFACE_WITH_KNOTS('',3,3,((#2102,#2103,#2104,#2105),(#2106,
#2107,#2108,#2109),(#2110,#2111,#2112,#2113),(#2114,#2115,#2116,#2117),
(#2118,#2119,#2120,#2121),(#2122,#2123,#2124,#2125),(#2126,#2127,#2128,
#2129)),.UNSPECIFIED.,.F.,.F.,.F.,(4,1,1,1,4),(4,4),(0.,0.285714285714286,
0.571428571428571,0.857142857142857,1.),(-0.469583316799253,-0.394999978908648),
 .UNSPECIFIED.);
#60=B_SPLINE_SURFACE_WITH_KNOTS('',3,3,((#2130,#2131,#2132,#2133),(#2134,
#2135,#2136,#2137),(#2138,#2139,#2140,#2141),(#2142,#2143,#2144,#2145),
(#2146,#2147,#2148,#2149),(#2150,#2151,#2152,#2153),(#2154,#2155,#2156,
#2157)),.UNSPECIFIED.,.F.,.F.,.F.,(4,1,1,1,4),(4,4),(0.,0.285714285714286,
0.571428571428571,0.857142857142857,1.),(-0.176666650921106,8.94559806954536E-17),
 .UNSPECIFIED.);
#61=B_SPLINE_SURFACE_WITH_KNOTS('',3,3,((#2219,#2220,#2221,#2222),(#2223,
#2224,#2225,#2226),(#2227,#2228,#2229,#2230),(#2231,#2232,#2233,#2234),
(#2235,#2236,#2237,#2238),(#2239,#2240,#2241,#2242),(#2243,#2244,#2245,
#2246)),.UNSPECIFIED.,.F.,.F.,.F.,(4,1,1,1,4),(4,4),(0.,0.285714285714286,
0.571428571428571,0.857142857142857,1.),(-0.319583316799253,-0.249999979697168),
 .UNSPECIFIED.);
#62=B_SPLINE_SURFACE_WITH_KNOTS('',3,3,((#2247,#2248,#2249,#2250),(#2251,
#2252,#2253,#2254),(#2255,#2256,#2257,#2258),(#2259,#2260,#2261,#2262),
(#2263,#2264,#2265,#2266),(#2267,#2268,#2269,#2270),(#2271,#2272,#2273,
#2274)),.UNSPECIFIED.,.F.,.F.,.F.,(4,1,1,1,4),(4,4),(0.,0.285714285714286,
0.571428571428571,0.857142857142857,1.),(-0.34999999217689,0.0103553390593273),
 .UNSPECIFIED.);
#63=B_SPLINE_SURFACE_WITH_KNOTS('',3,3,((#2403,#2404,#2405,#2406),(#2407,
#2408,#2409,#2410),(#2411,#2412,#2413,#2414),(#2415,#2416,#2417,#2418),
(#2419,#2420,#2421,#2422),(#2423,#2424,#2425,#2426),(#2427,#2428,#2429,
#2430)),.UNSPECIFIED.,.F.,.F.,.F.,(4,1,1,1,4),(4,4),(0.,0.285714285714286,
0.571428571428571,0.857142857142857,1.),(-0.142126700858739,2.22044604925031E-16),
 .UNSPECIFIED.);
#64=B_SPLINE_SURFACE_WITH_KNOTS('',3,3,((#2497,#2498,#2499,#2500),(#2501,
#2502,#2503,#2504),(#2505,#2506,#2507,#2508),(#2509,#2510,#2511,#2512),
(#2513,#2514,#2515,#2516),(#2517,#2518,#2519,#2520),(#2521,#2522,#2523,
#2524)),.UNSPECIFIED.,.F.,.F.,.F.,(4,1,1,1,4),(4,4),(0.,0.285714285714286,
0.571428571428571,0.857142857142857,1.),(-1.56999996490777,1.11022302462516E-16),
 .UNSPECIFIED.);
#65=B_SPLINE_SURFACE_WITH_KNOTS('',3,3,((#2591,#2592,#2593,#2594),(#2595,
#2596,#2597,#2598),(#2599,#2600,#2601,#2602),(#2603,#2604,#2605,#2606),
(#2607,#2608,#2609,#2610),(#2611,#2612,#2613,#2614),(#2615,#2616,#2617,
#2618)),.UNSPECIFIED.,.F.,.F.,.F.,(4,1,1,1,4),(4,4),(0.,0.285714285714286,
0.571428571428571,0.857142857142857,1.),(-0.127279217768666,3.7758041227903E-16),
 .UNSPECIFIED.);
#66=B_SPLINE_SURFACE_WITH_KNOTS('',3,3,((#2685,#2686,#2687,#2688),(#2689,
#2690,#2691,#2692),(#2693,#2694,#2695,#2696),(#2697,#2698,#2699,#2700),
(#2701,#2702,#2703,#2704),(#2705,#2706,#2707,#2708),(#2709,#2710,#2711,
#2712)),.UNSPECIFIED.,.F.,.F.,.F.,(4,1,1,1,4),(4,4),(0.,0.285714285714286,
0.571428571428571,0.857142857142857,1.),(-3.53999992087483,3.33066907387547E-16),
 .UNSPECIFIED.);
#67=B_SPLINE_SURFACE_WITH_KNOTS('',3,3,((#2776,#2777,#2778,#2779),(#2780,
#2781,#2782,#2783),(#2784,#2785,#2786,#2787),(#2788,#2789,#2790,#2791),
(#2792,#2793,#2794,#2795),(#2796,#2797,#2798,#2799),(#2800,#2801,#2802,
#2803)),.UNSPECIFIED.,.F.,.F.,.F.,(4,1,1,1,4),(4,4),(0.,0.285714285714286,
0.571428571428571,0.857142857142857,1.),(-0.0943398092119069,-2.0352943792573E-16),
 .UNSPECIFIED.);
#68=B_SPLINE_SURFACE_WITH_KNOTS('',3,3,((#2870,#2871,#2872,#2873),(#2874,
#2875,#2876,#2877),(#2878,#2879,#2880,#2881),(#2882,#2883,#2884,#2885),
(#2886,#2887,#2888,#2889),(#2890,#2891,#2892,#2893),(#2894,#2895,#2896,
#2897)),.UNSPECIFIED.,.F.,.F.,.F.,(4,1,1,1,4),(4,4),(0.,0.285714285714286,
0.571428571428571,0.857142857142857,1.),(-1.69999996200204,2.54149431098939E-16),
 .UNSPECIFIED.);
#69=B_SPLINE_SURFACE_WITH_KNOTS('',3,3,((#2964,#2965,#2966,#2967),(#2968,
#2969,#2970,#2971),(#2972,#2973,#2974,#2975),(#2976,#2977,#2978,#2979),
(#2980,#2981,#2982,#2983),(#2984,#2985,#2986,#2987),(#2988,#2989,#2990,
#2991)),.UNSPECIFIED.,.F.,.F.,.F.,(4,1,1,1,4),(4,4),(0.,0.285714285714286,
0.571428571428571,0.857142857142857,1.),(-0.121037181663711,7.73123187604739E-16),
 .UNSPECIFIED.);
#70=B_SPLINE_SURFACE_WITH_KNOTS('',3,3,((#3061,#3062,#3063,#3064),(#3065,
#3066,#3067,#3068),(#3069,#3070,#3071,#3072),(#3073,#3074,#3075,#3076),
(#3077,#3078,#3079,#3080),(#3081,#3082,#3083,#3084),(#3085,#3086,#3087,
#3088)),.UNSPECIFIED.,.F.,.F.,.F.,(4,1,1,1,4),(4,4),(0.,0.285714285714286,
0.571428571428571,0.857142857142857,1.),(-0.0118469575404392,1.1749998871237),
 .UNSPECIFIED.);
#71=B_SPLINE_SURFACE_WITH_KNOTS('',3,3,((#3158,#3159,#3160,#3161),(#3162,
#3163,#3164,#3165),(#3166,#3167,#3168,#3169),(#3170,#3171,#3172,#3173),
(#3174,#3175,#3176,#3177),(#3178,#3179,#3180,#3181),(#3182,#3183,#3184,
#3185)),.UNSPECIFIED.,.F.,.F.,.F.,(4,1,1,1,4),(4,4),(0.,0.285714285714286,
0.571428571428571,0.857142857142857,1.),(-0.0799874834294773,0.0118469575404405),
 .UNSPECIFIED.);
#72=B_SPLINE_SURFACE_WITH_KNOTS('',3,3,((#3252,#3253,#3254,#3255),(#3256,
#3257,#3258,#3259),(#3260,#3261,#3262,#3263),(#3264,#3265,#3266,#3267),
(#3268,#3269,#3270,#3271),(#3272,#3273,#3274,#3275),(#3276,#3277,#3278,
#3279)),.UNSPECIFIED.,.F.,.F.,.F.,(4,1,1,1,4),(4,4),(0.,0.285714285714286,
0.571428571428571,0.857142857142857,1.),(-0.16000005300159,0.00892411031929702),
 .UNSPECIFIED.);
#73=B_SPLINE_SURFACE_WITH_KNOTS('',3,3,((#3346,#3347,#3348,#3349),(#3350,
#3351,#3352,#3353),(#3354,#3355,#3356,#3357),(#3358,#3359,#3360,#3361),
(#3362,#3363,#3364,#3365),(#3366,#3367,#3368,#3369),(#3370,#3371,#3372,
#3373)),.UNSPECIFIED.,.F.,.F.,.F.,(4,1,1,1,4),(4,4),(0.,0.285714285714286,
0.571428571428571,0.857142857142857,1.),(-0.109658574359068,2.77555756156289E-17),
 .UNSPECIFIED.);
#74=B_SPLINE_SURFACE_WITH_KNOTS('',3,3,((#3378,#3379,#3380,#3381),(#3382,
#3383,#3384,#3385),(#3386,#3387,#3388,#3389),(#3390,#3391,#3392,#3393),
(#3394,#3395,#3396,#3397),(#3398,#3399,#3400,#3401),(#3402,#3403,#3404,
#3405)),.UNSPECIFIED.,.F.,.F.,.F.,(4,1,1,1,4),(4,4),(0.,0.285714285714286,
0.571428571428571,0.857142857142857,1.),(-0.0884590280875573,0.),
 .UNSPECIFIED.);
#75=B_SPLINE_SURFACE_WITH_KNOTS('',3,3,((#3472,#3473,#3474,#3475),(#3476,
#3477,#3478,#3479),(#3480,#3481,#3482,#3483),(#3484,#3485,#3486,#3487),
(#3488,#3489,#3490,#3491),(#3492,#3493,#3494,#3495),(#3496,#3497,#3498,
#3499)),.UNSPECIFIED.,.F.,.F.,.F.,(4,1,1,1,4),(4,4),(0.,0.285714285714286,
0.571428571428571,0.857142857142857,1.),(-0.29035533280084,5.18843166444736E-17),
 .UNSPECIFIED.);
#76=B_SPLINE_SURFACE_WITH_KNOTS('',3,3,((#3566,#3567,#3568,#3569),(#3570,
#3571,#3572,#3573),(#3574,#3575,#3576,#3577),(#3578,#3579,#3580,#3581),
(#3582,#3583,#3584,#3585),(#3586,#3587,#3588,#3589),(#3590,#3591,#3592,
#3593)),.UNSPECIFIED.,.F.,.F.,.F.,(4,1,1,1,4),(4,4),(0.,0.285714285714286,
0.571428571428571,0.857142857142857,1.),(-0.0952081509051059,0.0103553390593304),
 .UNSPECIFIED.);
#77=B_SPLINE_SURFACE_WITH_KNOTS('',3,3,((#3598,#3599,#3600,#3601),(#3602,
#3603,#3604,#3605),(#3606,#3607,#3608,#3609),(#3610,#3611,#3612,#3613),
(#3614,#3615,#3616,#3617),(#3618,#3619,#3620,#3621),(#3622,#3623,#3624,
#3625)),.UNSPECIFIED.,.F.,.F.,.F.,(4,1,1,1,4),(4,4),(0.,0.285714285714286,
0.571428571428571,0.857142857142857,1.),(-0.263146007683206,-0.157582517718773),
 .UNSPECIFIED.);
#78=B_SPLINE_SURFACE_WITH_KNOTS('',3,3,((#3748,#3749,#3750,#3751),(#3752,
#3753,#3754,#3755),(#3756,#3757,#3758,#3759),(#3760,#3761,#3762,#3763),
(#3764,#3765,#3766,#3767),(#3768,#3769,#3770,#3771),(#3772,#3773,#3774,
#3775)),.UNSPECIFIED.,.F.,.F.,.F.,(4,1,1,1,4),(4,4),(0.,0.285714285714286,
0.571428571428571,0.857142857142857,1.),(0.362144652614649,0.652499985415488),
 .UNSPECIFIED.);
#79=B_SPLINE_SURFACE_WITH_KNOTS('',3,3,((#3839,#3840,#3841,#3842),(#3843,
#3844,#3845,#3846),(#3847,#3848,#3849,#3850),(#3851,#3852,#3853,#3854),
(#3855,#3856,#3857,#3858),(#3859,#3860,#3861,#3862),(#3863,#3864,#3865,
#3866)),.UNSPECIFIED.,.F.,.F.,.F.,(4,1,1,1,4),(4,4),(0.,0.285714285714286,
0.571428571428571,0.857142857142857,1.),(-0.144699752015429,-0.0562407239278718),
 .UNSPECIFIED.);
#80=B_SPLINE_SURFACE_WITH_KNOTS('',3,3,((#3871,#3872,#3873,#3874),(#3875,
#3876,#3877,#3878),(#3879,#3880,#3881,#3882),(#3883,#3884,#3885,#3886),
(#3887,#3888,#3889,#3890),(#3891,#3892,#3893,#3894),(#3895,#3896,#3897,
#3898)),.UNSPECIFIED.,.F.,.F.,.F.,(4,1,1,1,4),(4,4),(0.,0.285714285714286,
0.571428571428571,0.857142857142857,1.),(-0.235047270033711,-0.125388695674643),
 .UNSPECIFIED.);
#81=B_SPLINE_SURFACE_WITH_KNOTS('',3,3,((#3962,#3963,#3964,#3965),(#3966,
#3967,#3968,#3969),(#3970,#3971,#3972,#3973),(#3974,#3975,#3976,#3977),
(#3978,#3979,#3980,#3981),(#3982,#3983,#3984,#3985),(#3986,#3987,#3988,
#3989)),.UNSPECIFIED.,.F.,.F.,.F.,(4,1,1,1,4),(4,4),(0.,0.285714285714286,
0.571428571428571,0.857142857142857,1.),(-0.502500159216555,-0.33357599589567),
 .UNSPECIFIED.);
#82=B_SPLINE_SURFACE_WITH_KNOTS('',3,3,((#4053,#4054,#4055,#4056),(#4057,
#4058,#4059,#4060),(#4061,#4062,#4063,#4064),(#4065,#4066,#4067,#4068),
(#4069,#4070,#4071,#4072),(#4073,#4074,#4075,#4076),(#4077,#4078,#4079,
#4080)),.UNSPECIFIED.,.F.,.F.,.F.,(4,1,1,1,4),(4,4),(0.,0.285714285714286,
0.571428571428571,0.857142857142857,1.),(-0.163363139425154,-0.0715286984552367),
 .UNSPECIFIED.);
#83=B_SPLINE_SURFACE_WITH_KNOTS('',3,3,((#4144,#4145,#4146,#4147),(#4148,
#4149,#4150,#4151),(#4152,#4153,#4154,#4155),(#4156,#4157,#4158,#4159),
(#4160,#4161,#4162,#4163),(#4164,#4165,#4166,#4167),(#4168,#4169,#4170,
#4171)),.UNSPECIFIED.,.F.,.F.,.F.,(4,1,1,1,4),(4,4),(0.,0.285714285714286,
0.571428571428571,0.857142857142857,1.),(0.28315306520097,1.46999990986511),
 .UNSPECIFIED.);
#84=B_SPLINE_SURFACE_WITH_KNOTS('',3,3,((#4235,#4236,#4237,#4238),(#4239,
#4240,#4241,#4242),(#4243,#4244,#4245,#4246),(#4247,#4248,#4249,#4250),
(#4251,#4252,#4253,#4254),(#4255,#4256,#4257,#4258),(#4259,#4260,#4261,
#4262)),.UNSPECIFIED.,.F.,.F.,.F.,(4,1,1,1,4),(4,4),(0.,0.285714285714286,
0.571428571428571,0.857142857142857,1.),(0.236807386992225,0.357844568655935),
 .UNSPECIFIED.);
#85=B_SPLINE_SURFACE_WITH_KNOTS('',3,3,((#4326,#4327,#4328,#4329),(#4330,
#4331,#4332,#4333),(#4334,#4335,#4336,#4337),(#4338,#4339,#4340,#4341),
(#4342,#4343,#4344,#4345),(#4346,#4347,#4348,#4349),(#4350,#4351,#4352,
#4353)),.UNSPECIFIED.,.F.,.F.,.F.,(4,1,1,1,4),(4,4),(0.,0.285714285714286,
0.571428571428571,0.857142857142857,1.),(-0.34749999223277,1.35249996976927),
 .UNSPECIFIED.);
#86=B_SPLINE_SURFACE_WITH_KNOTS('',3,3,((#4417,#4418,#4419,#4420),(#4421,
#4422,#4423,#4424),(#4425,#4426,#4427,#4428),(#4429,#4430,#4431,#4432),
(#4433,#4434,#4435,#4436),(#4437,#4438,#4439,#4440),(#4441,#4442,#4443,
#4444)),.UNSPECIFIED.,.F.,.F.,.F.,(4,1,1,1,4),(4,4),(0.,0.285714285714286,
0.571428571428571,0.857142857142857,1.),(-0.0614798756661866,0.0328599335457206),
 .UNSPECIFIED.);
#87=B_SPLINE_SURFACE_WITH_KNOTS('',3,3,((#4505,#4506,#4507,#4508),(#4509,
#4510,#4511,#4512),(#4513,#4514,#4515,#4516),(#4517,#4518,#4519,#4520),
(#4521,#4522,#4523,#4524),(#4525,#4526,#4527,#4528),(#4529,#4530,#4531,
#4532)),.UNSPECIFIED.,.F.,.F.,.F.,(4,1,1,1,4),(4,4),(0.,0.285714285714286,
0.571428571428571,0.857142857142857,1.),(-0.894999979995191,2.64499994087964),
 .UNSPECIFIED.);
#88=B_SPLINE_SURFACE_WITH_KNOTS('',3,3,((#4596,#4597,#4598,#4599),(#4600,
#4601,#4602,#4603),(#4604,#4605,#4606,#4607),(#4608,#4609,#4610,#4611),
(#4612,#4613,#4614,#4615),(#4616,#4617,#4618,#4619),(#4620,#4621,#4622,
#4623)),.UNSPECIFIED.,.F.,.F.,.F.,(4,1,1,1,4),(4,4),(0.,0.285714285714286,
0.571428571428571,0.857142857142857,1.),(0.235112999489341,0.362392217258008),
 .UNSPECIFIED.);
#89=B_SPLINE_SURFACE_WITH_KNOTS('',3,3,((#4687,#4688,#4689,#4690),(#4691,
#4692,#4693,#4694),(#4695,#4696,#4697,#4698),(#4699,#4700,#4701,#4702),
(#4703,#4704,#4705,#4706),(#4707,#4708,#4709,#4710),(#4711,#4712,#4713,
#4714)),.UNSPECIFIED.,.F.,.F.,.F.,(4,1,1,1,4),(4,4),(0.,0.285714285714286,
0.571428571428571,0.857142857142857,1.),(-0.497499988880009,1.07249997602776),
 .UNSPECIFIED.);
#90=B_SPLINE_SURFACE_WITH_KNOTS('',3,3,((#4778,#4779,#4780,#4781),(#4782,
#4783,#4784,#4785),(#4786,#4787,#4788,#4789),(#4790,#4791,#4792,#4793),
(#4794,#4795,#4796,#4797),(#4798,#4799,#4800,#4801),(#4802,#4803,#4804,
#4805)),.UNSPECIFIED.,.F.,.F.,.F.,(4,1,1,1,4),(4,4),(0.,0.285714285714286,
0.571428571428571,0.857142857142857,1.),(-0.360066035467624,-0.217939334608884),
 .UNSPECIFIED.);
#91=B_SPLINE_SURFACE_WITH_KNOTS('',3,3,((#4869,#4870,#4871,#4872),(#4873,
#4874,#4875,#4876),(#4877,#4878,#4879,#4880),(#4881,#4882,#4883,#4884),
(#4885,#4886,#4887,#4888),(#4889,#4890,#4891,#4892),(#4893,#4894,#4895,
#4896)),.UNSPECIFIED.,.F.,.F.,.F.,(4,1,1,1,4),(4,4),(0.,0.285714285714286,
0.571428571428571,0.857142857142857,1.),(-0.874999980442226,-0.514644649206008),
 .UNSPECIFIED.);
#92=FACE_BOUND('',#146,.T.);
#93=FACE_BOUND('',#158,.T.);
#94=FACE_OUTER_BOUND('',#145,.T.);
#95=FACE_OUTER_BOUND('',#147,.T.);
#96=FACE_OUTER_BOUND('',#148,.T.);
#97=FACE_OUTER_BOUND('',#149,.T.);
#98=FACE_OUTER_BOUND('',#150,.T.);
#99=FACE_OUTER_BOUND('',#151,.T.);
#100=FACE_OUTER_BOUND('',#152,.T.);
#101=FACE_OUTER_BOUND('',#153,.T.);
#102=FACE_OUTER_BOUND('',#154,.T.);
#103=FACE_OUTER_BOUND('',#155,.T.);
#104=FACE_OUTER_BOUND('',#156,.T.);
#105=FACE_OUTER_BOUND('',#157,.T.);
#106=FACE_OUTER_BOUND('',#159,.T.);
#107=FACE_OUTER_BOUND('',#160,.T.);
#108=FACE_OUTER_BOUND('',#161,.T.);
#109=FACE_OUTER_BOUND('',#162,.T.);
#110=FACE_OUTER_BOUND('',#163,.T.);
#111=FACE_OUTER_BOUND('',#164,.T.);
#112=FACE_OUTER_BOUND('',#165,.T.);
#113=FACE_OUTER_BOUND('',#166,.T.);
#114=FACE_OUTER_BOUND('',#167,.T.);
#115=FACE_OUTER_BOUND('',#168,.T.);
#116=FACE_OUTER_BOUND('',#169,.T.);
#117=FACE_OUTER_BOUND('',#170,.T.);
#118=FACE_OUTER_BOUND('',#171,.T.);
#119=FACE_OUTER_BOUND('',#172,.T.);
#120=FACE_OUTER_BOUND('',#173,.T.);
#121=FACE_OUTER_BOUND('',#174,.T.);
#122=FACE_OUTER_BOUND('',#175,.T.);
#123=FACE_OUTER_BOUND('',#176,.T.);
#124=FACE_OUTER_BOUND('',#177,.T.);
#125=FACE_OUTER_BOUND('',#178,.T.);
#126=FACE_OUTER_BOUND('',#179,.T.);
#127=FACE_OUTER_BOUND('',#180,.T.);
#128=FACE_OUTER_BOUND('',#181,.T.);
#129=FACE_OUTER_BOUND('',#182,.T.);
#130=FACE_OUTER_BOUND('',#183,.T.);
#131=FACE_OUTER_BOUND('',#184,.T.);
#132=FACE_OUTER_BOUND('',#185,.T.);
#133=FACE_OUTER_BOUND('',#186,.T.);
#134=FACE_OUTER_BOUND('',#187,.T.);
#135=FACE_OUTER_BOUND('',#188,.T.);
#136=FACE_OUTER_BOUND('',#189,.T.);
#137=FACE_OUTER_BOUND('',#190,.T.);
#138=FACE_OUTER_BOUND('',#191,.T.);
#139=FACE_OUTER_BOUND('',#192,.T.);
#140=FACE_OUTER_BOUND('',#193,.T.);
#141=FACE_OUTER_BOUND('',#194,.T.);
#142=FACE_OUTER_BOUND('',#195,.T.);
#143=FACE_OUTER_BOUND('',#196,.T.);
#144=FACE_OUTER_BOUND('',#197,.T.);
#145=EDGE_LOOP('',(#508,#509));
#146=EDGE_LOOP('',(#510));
#147=EDGE_LOOP('',(#511,#512,#513,#514));
#148=EDGE_LOOP('',(#515,#516,#517,#518));
#149=EDGE_LOOP('',(#519,#520,#521,#522));
#150=EDGE_LOOP('',(#523));
#151=EDGE_LOOP('',(#524,#525,#526,#527,#528));
#152=EDGE_LOOP('',(#529,#530,#531,#532,#533));
#153=EDGE_LOOP('',(#534,#535,#536,#537,#538));
#154=EDGE_LOOP('',(#539,#540,#541,#542,#543));
#155=EDGE_LOOP('',(#544,#545,#546,#547,#548));
#156=EDGE_LOOP('',(#549,#550,#551,#552,#553));
#157=EDGE_LOOP('',(#554,#555,#556,#557,#558,#559,#560,#561,#562,#563,#564,
#565,#566,#567,#568,#569,#570,#571,#572,#573,#574,#575,#576,#577,#578));
#158=EDGE_LOOP('',(#579,#580));
#159=EDGE_LOOP('',(#581,#582,#583,#584));
#160=EDGE_LOOP('',(#585,#586,#587,#588));
#161=EDGE_LOOP('',(#589,#590,#591,#592));
#162=EDGE_LOOP('',(#593,#594,#595,#596));
#163=EDGE_LOOP('',(#597,#598,#599,#600));
#164=EDGE_LOOP('',(#601,#602,#603,#604));
#165=EDGE_LOOP('',(#605,#606,#607,#608));
#166=EDGE_LOOP('',(#609,#610,#611,#612));
#167=EDGE_LOOP('',(#613,#614,#615,#616));
#168=EDGE_LOOP('',(#617,#618,#619,#620));
#169=EDGE_LOOP('',(#621,#622,#623,#624));
#170=EDGE_LOOP('',(#625,#626,#627,#628));
#171=EDGE_LOOP('',(#629,#630,#631,#632));
#172=EDGE_LOOP('',(#633,#634,#635,#636));
#173=EDGE_LOOP('',(#637,#638,#639,#640));
#174=EDGE_LOOP('',(#641,#642,#643,#644));
#175=EDGE_LOOP('',(#645,#646,#647,#648));
#176=EDGE_LOOP('',(#649,#650,#651,#652));
#177=EDGE_LOOP('',(#653,#654,#655,#656));
#178=EDGE_LOOP('',(#657,#658,#659,#660));
#179=EDGE_LOOP('',(#661,#662,#663,#664));
#180=EDGE_LOOP('',(#665,#666,#667,#668));
#181=EDGE_LOOP('',(#669,#670,#671,#672));
#182=EDGE_LOOP('',(#673,#674,#675,#676));
#183=EDGE_LOOP('',(#677,#678,#679,#680));
#184=EDGE_LOOP('',(#681,#682,#683,#684));
#185=EDGE_LOOP('',(#685,#686,#687,#688));
#186=EDGE_LOOP('',(#689,#690,#691,#692));
#187=EDGE_LOOP('',(#693,#694,#695,#696));
#188=EDGE_LOOP('',(#697,#698,#699,#700));
#189=EDGE_LOOP('',(#701,#702,#703,#704));
#190=EDGE_LOOP('',(#705,#706,#707,#708));
#191=EDGE_LOOP('',(#709,#710,#711,#712));
#192=EDGE_LOOP('',(#713,#714,#715,#716));
#193=EDGE_LOOP('',(#717,#718,#719,#720));
#194=EDGE_LOOP('',(#721,#722,#723,#724));
#195=EDGE_LOOP('',(#725,#726,#727,#728));
#196=EDGE_LOOP('',(#729,#730,#731,#732));
#197=EDGE_LOOP('',(#733,#734,#735,#736,#737,#738,#739,#740,#741,#742,#743,
#744,#745,#746,#747,#748,#749,#750,#751,#752,#753,#754,#755,#756,#757));
#198=B_SPLINE_CURVE_WITH_KNOTS('',3,(#887,#888,#889,#890,#891,#892,#893),
 .UNSPECIFIED.,.F.,.F.,(4,1,1,1,4),(0.,0.0861358513484492,0.287045041268567,
0.487954231188684,0.599898776107827),.UNSPECIFIED.);
#199=B_SPLINE_CURVE_WITH_KNOTS('',3,(#894,#895,#896,#897,#898,#899),
 .UNSPECIFIED.,.F.,.F.,(4,1,1,4),(0.,0.0862043302366242,0.343970256378786,
0.601736182520948),.UNSPECIFIED.);
#200=B_SPLINE_CURVE_WITH_KNOTS('',3,(#901,#902,#903,#904,#905,#906,#907,
#908,#909,#910,#911),.UNSPECIFIED.,.T.,.F.,(4,1,1,1,1,1,1,1,4),(0.,0.041271406495351,
0.0825428129907019,0.123814219486053,0.165085625981404,0.206357032476755,
0.247628438972106,0.288899845467457,0.330171251962808),.UNSPECIFIED.);
#201=B_SPLINE_CURVE_WITH_KNOTS('',3,(#929,#930,#931,#932,#933,#934,#935),
 .UNSPECIFIED.,.F.,.F.,(4,1,1,1,4),(-0.599898776107827,-0.487954231188684,
-0.287045041268567,-0.0861358513484492,0.),.UNSPECIFIED.);
#202=B_SPLINE_CURVE_WITH_KNOTS('',3,(#949,#950,#951,#952,#953,#954),
 .UNSPECIFIED.,.F.,.F.,(4,1,1,4),(-0.601736182520948,-0.343970256378786,
-0.0862043302366242,0.),.UNSPECIFIED.);
#203=B_SPLINE_CURVE_WITH_KNOTS('',3,(#979,#980,#981,#982,#983,#984,#985,
#986,#987,#988,#989),.UNSPECIFIED.,.T.,.F.,(4,1,1,1,1,1,1,1,4),(-0.330171251962808,
-0.288899845467457,-0.247628438972106,-0.206357032476755,-0.165085625981404,
-0.123814219486053,-0.0825428129907019,-0.041271406495351,0.),
 .UNSPECIFIED.);
#204=B_SPLINE_CURVE_WITH_KNOTS('',3,(#1000,#1001,#1002,#1003,#1004,#1005,
#1006,#1007,#1008,#1009,#1010,#1011,#1012,#1013,#1014,#1015,#1016,#1017,
#1018,#1019,#1020,#1021,#1022,#1023,#1024,#1025,#1026,#1027,#1028,#1029,
#1030,#1031,#1032,#1033,#1034,#1035,#1036,#1037,#1038,#1039,#1040,#1041,
#1042,#1043,#1044,#1045,#1046,#1047,#1048,#1049,#1050,#1051,#1052,#1053,
#1054,#1055,#1056,#1057),.UNSPECIFIED.,.F.,.F.,(4,3,3,3,3,3,3,3,3,3,3,3,
3,3,3,3,3,3,3,4),(-0.0713654692721066,-0.0669195150587862,-0.0627907523091409,
-0.0594307671933995,-0.0565682779680601,-0.0515685892244317,-0.0462627713723138,
-0.0440049432456012,-0.0394434664581212,-0.0336317911189839,-0.0325705233820523,
-0.0269443779813661,-0.0215403449019329,-0.0205445138263565,-0.0195747843145123,
-0.0146810882358842,-0.0102613559735539,-0.00593297147720502,-0.00167024388480911,
0.),.UNSPECIFIED.);
#205=B_SPLINE_CURVE_WITH_KNOTS('',3,(#1058,#1059,#1060,#1061,#1062,#1063,
#1064,#1065,#1066,#1067,#1068,#1069,#1070,#1071,#1072,#1073,#1074,#1075,
#1076,#1077,#1078,#1079,#1080,#1081,#1082,#1083,#1084,#1085,#1086,#1087,
#1088,#1089,#1090,#1091,#1092,#1093,#1094,#1095,#1096,#1097,#1098,#1099,
#1100,#1101,#1102,#1103,#1104,#1105,#1106,#1107,#1108,#1109,#1110,#1111,
#1112),.UNSPECIFIED.,.F.,.F.,(4,3,3,3,3,3,3,3,3,3,3,3,3,3,3,3,3,3,4),(-0.0536189469639883,
-0.0502825997073915,-0.0471910539521064,-0.0445814975265332,-0.0408474350905197,
-0.0370973776008467,-0.0330690655540799,-0.0311810791183341,-0.0297487348890786,
-0.0255770003311931,-0.0231053289135195,-0.0191892881760089,-0.0161177120230945,
-0.0142046192078821,-0.011171803117895,-0.00795221866856008,-0.00458867869493839,
-0.000928884731205055,0.),.UNSPECIFIED.);
#206=B_SPLINE_CURVE_WITH_KNOTS('',3,(#1117,#1118,#1119,#1120,#1121,#1122,
#1123,#1124,#1125,#1126,#1127,#1128),.UNSPECIFIED.,.F.,.F.,(4,2,2,2,2,4),
(-0.0767865951215203,-0.0620420055751423,-0.0486409889196819,-0.0362415383084158,
-0.0221145144593955,0.),.UNSPECIFIED.);
#207=B_SPLINE_CURVE_WITH_KNOTS('',3,(#1130,#1131,#1132,#1133,#1134,#1135,
#1136,#1137,#1138,#1139,#1140,#1141,#1142,#1143,#1144,#1145,#1146,#1147,
#1148,#1149,#1150,#1151,#1152,#1153,#1154,#1155,#1156,#1157,#1158,#1159,
#1160,#1161,#1162,#1163,#1164,#1165,#1166,#1167,#1168,#1169,#1170,#1171,
#1172,#1173,#1174,#1175,#1176,#1177,#1178,#1179,#1180,#1181,#1182,#1183,
#1184),.UNSPECIFIED.,.F.,.F.,(4,3,3,3,3,3,3,3,3,3,3,3,3,3,3,3,3,3,4),(-0.0643339696889796,
-0.0601007825168737,-0.055825753324296,-0.0514191167750546,-0.0484774682439294,
-0.0446546564211278,-0.0393037107221557,-0.0362925803409944,-0.0314204979040179,
-0.0269004084349522,-0.0262323599150562,-0.0214643826325253,-0.0170705396245273,
-0.0151882550565622,-0.0107469492478442,-0.00955171739990095,-0.00595131842585473,
-0.00245076564362418,0.),.UNSPECIFIED.);
#208=B_SPLINE_CURVE_WITH_KNOTS('',3,(#1195,#1196,#1197,#1198,#1199,#1200,
#1201,#1202,#1203,#1204,#1205,#1206,#1207,#1208,#1209,#1210,#1211,#1212,
#1213,#1214,#1215,#1216,#1217,#1218,#1219,#1220,#1221,#1222,#1223,#1224,
#1225,#1226,#1227,#1228,#1229,#1230,#1231,#1232,#1233,#1234,#1235,#1236,
#1237,#1238,#1239,#1240,#1241,#1242,#1243,#1244,#1245,#1246,#1247,#1248,
#1249,#1250,#1251,#1252),.UNSPECIFIED.,.F.,.F.,(4,3,3,3,3,3,3,3,3,3,3,3,
3,3,3,3,3,3,3,4),(-0.0693162045039908,-0.0649845222758624,-0.060962666245492,
-0.0576679072203983,-0.0544736742748618,-0.0496057810046326,-0.0444294565903144,
-0.0422211095796496,-0.0382342182953759,-0.0326013513158884,-0.0311542618818178,
-0.0255324598014935,-0.0203029566570027,-0.0199106577211692,-0.0185952402479431,
-0.0139464301859573,-0.0096650865331218,-0.00546921144023352,-0.00133337373076626,
0.),.UNSPECIFIED.);
#209=B_SPLINE_CURVE_WITH_KNOTS('',3,(#1253,#1254,#1255,#1256,#1257,#1258,
#1259,#1260,#1261,#1262,#1263,#1264,#1265,#1266,#1267,#1268,#1269,#1270,
#1271,#1272,#1273,#1274,#1275,#1276,#1277,#1278,#1279,#1280,#1281,#1282,
#1283,#1284,#1285,#1286,#1287,#1288,#1289,#1290,#1291,#1292,#1293,#1294,
#1295,#1296,#1297,#1298,#1299,#1300,#1301,#1302,#1303,#1304,#1305,#1306,
#1307),.UNSPECIFIED.,.F.,.F.,(4,3,3,3,3,3,3,3,3,3,3,3,3,3,3,3,3,3,4),(-0.0529742595396925,
-0.0496944606274583,-0.046654293408661,-0.0441020634688351,-0.0406712847028188,
-0.036984508489783,-0.0330316980493766,-0.0311895032530167,-0.0294962830391909,
-0.0253659146889205,-0.0231807299775588,-0.0193016887112474,-0.0160277603040721,
-0.0143135581517231,-0.0113219121106319,-0.00814673702159577,-0.00483070803695482,
-0.0012158194590767,0.),.UNSPECIFIED.);
#210=B_SPLINE_CURVE_WITH_KNOTS('',3,(#1312,#1313,#1314,#1315,#1316,#1317,
#1318,#1319,#1320,#1321,#1322,#1323,#1324,#1325,#1326,#1327,#1328,#1329,
#1330,#1331,#1332,#1333,#1334,#1335,#1336,#1337,#1338,#1339,#1340,#1341,
#1342,#1343,#1344,#1345,#1346,#1347,#1348,#1349,#1350,#1351,#1352,#1353,
#1354,#1355,#1356,#1357,#1358,#1359,#1360,#1361,#1362,#1363),
 .UNSPECIFIED.,.F.,.F.,(4,3,3,3,3,3,3,3,3,3,3,3,3,3,3,3,3,4),(-0.0735885141369808,
-0.0682576879825243,-0.0634197698938394,-0.0588882830717711,-0.054095476497852,
-0.0508248440883783,-0.0459991128498988,-0.0404060089785761,-0.0346200484151637,
-0.0341723644119095,-0.0310417437756399,-0.0256963879443248,-0.020712529389872,
-0.0155058647760295,-0.011042852948191,-0.0068847605601619,-0.00282297093729161,
0.),.UNSPECIFIED.);
#211=B_SPLINE_CURVE_WITH_KNOTS('',3,(#1365,#1366,#1367,#1368,#1369,#1370,
#1371,#1372,#1373,#1374,#1375,#1376,#1377,#1378,#1379,#1380,#1381,#1382,
#1383,#1384,#1385,#1386,#1387,#1388,#1389,#1390,#1391,#1392,#1393,#1394,
#1395,#1396,#1397,#1398,#1399,#1400,#1401,#1402,#1403,#1404,#1405,#1406,
#1407,#1408,#1409,#1410,#1411,#1412,#1413,#1414,#1415,#1416,#1417,#1418,
#1419),.UNSPECIFIED.,.F.,.F.,(4,3,3,3,3,3,3,3,3,3,3,3,3,3,3,3,3,3,4),(-0.0641701028920025,
-0.0599551459178609,-0.0556987027539966,-0.0513154928040109,-0.0488033260414207,
-0.0445725559565477,-0.0392471286115033,-0.0367126037550651,-0.0318043617960216,
-0.026896119836978,-0.0266213893098093,-0.021824891993694,-0.0174171340659909,
-0.015491536314348,-0.0110491365603265,-0.0095500926843176,-0.00595346307184131,
-0.00245648473431556,0.),.UNSPECIFIED.);
#212=B_SPLINE_CURVE_WITH_KNOTS('',3,(#1430,#1431,#1432,#1433,#1434,#1435,
#1436,#1437,#1438,#1439,#1440,#1441,#1442,#1443,#1444,#1445,#1446,#1447,
#1448,#1449,#1450,#1451,#1452,#1453,#1454,#1455,#1456,#1457,#1458,#1459,
#1460,#1461,#1462,#1463,#1464,#1465,#1466,#1467,#1468,#1469,#1470,#1471,
#1472,#1473,#1474,#1475,#1476,#1477,#1478,#1479,#1480,#1481,#1482,#1483,
#1484,#1485,#1486,#1487),.UNSPECIFIED.,.F.,.F.,(4,3,3,3,3,3,3,3,3,3,3,3,
3,3,3,3,3,3,3,4),(-0.0693162045031366,-0.0649847222292716,-0.0609630420449772,
-0.0576679072196242,-0.0544736742740788,-0.0496057030339263,-0.044429315690902,
-0.0422211095790639,-0.0382342182949318,-0.0326016137582184,-0.0311542618816195,
-0.0255324598013998,-0.0203023570356429,-0.0199106577211801,-0.0185952402479549,
-0.0139464301859662,-0.00966544542353872,-0.0054699469935249,-0.00133451500152512,
0.),.UNSPECIFIED.);
#213=B_SPLINE_CURVE_WITH_KNOTS('',3,(#1488,#1489,#1490,#1491,#1492,#1493,
#1494,#1495,#1496,#1497,#1498,#1499,#1500,#1501,#1502,#1503,#1504,#1505,
#1506,#1507,#1508,#1509,#1510,#1511,#1512,#1513,#1514,#1515,#1516,#1517,
#1518,#1519,#1520,#1521,#1522,#1523,#1524,#1525,#1526,#1527,#1528,#1529,
#1530,#1531,#1532,#1533,#1534,#1535,#1536,#1537,#1538,#1539,#1540,#1541,
#1542),.UNSPECIFIED.,.F.,.F.,(4,3,3,3,3,3,3,3,3,3,3,3,3,3,3,3,3,3,4),(-0.0529742595398525,
-0.0496946134725429,-0.0466545802267151,-0.0441020634689517,-0.0406712847029184,
-0.0369844508471627,-0.03303160068709,-0.0311895032530695,-0.0294962830392354,
-0.0253661689688217,-0.0231807299775727,-0.0193013273345121,-0.0160277603040669,
-0.0143135581517177,-0.0113223562830602,-0.00814769067078856,-0.00483224134396928,
-0.00121806259359912,0.),.UNSPECIFIED.);
#214=B_SPLINE_CURVE_WITH_KNOTS('',3,(#1547,#1548,#1549,#1550,#1551,#1552,
#1553,#1554,#1555,#1556,#1557,#1558,#1559,#1560,#1561,#1562,#1563,#1564,
#1565,#1566,#1567,#1568,#1569,#1570,#1571,#1572,#1573,#1574,#1575,#1576,
#1577,#1578,#1579,#1580,#1581,#1582,#1583,#1584,#1585,#1586,#1587,#1588,
#1589,#1590,#1591,#1592,#1593,#1594,#1595,#1596,#1597,#1598),
 .UNSPECIFIED.,.F.,.F.,(4,3,3,3,3,3,3,3,3,3,3,3,3,3,3,3,3,4),(-0.0735885141358536,
-0.0682590086560829,-0.0634221505068516,-0.0588882830713355,-0.0540958550728508,
-0.050824844088274,-0.0459991128498583,-0.0404051454832893,-0.0346187668065771,
-0.0341723644118956,-0.0310417437756318,-0.025696324636058,-0.020712529389872,
-0.0155057459806277,-0.011042852948191,-0.00688494797775809,-0.00282335033087944,
0.),.UNSPECIFIED.);
#215=B_SPLINE_CURVE_WITH_KNOTS('',3,(#1600,#1601,#1602,#1603,#1604,#1605,
#1606,#1607,#1608,#1609,#1610,#1611,#1612,#1613,#1614,#1615,#1616,#1617,
#1618,#1619,#1620,#1621,#1622,#1623,#1624,#1625,#1626,#1627,#1628,#1629,
#1630,#1631,#1632,#1633,#1634,#1635,#1636,#1637,#1638,#1639,#1640,#1641,
#1642,#1643,#1644,#1645,#1646,#1647,#1648,#1649,#1650,#1651,#1652,#1653,
#1654),.UNSPECIFIED.,.F.,.F.,(4,3,3,3,3,3,3,3,3,3,3,3,3,3,3,3,3,3,4),(-0.0641701028915322,
-0.0599557175363966,-0.0556998322341801,-0.0513171493577054,-0.0488033260411107,
-0.0445725559562811,-0.0392464233219393,-0.0367126037548791,-0.0318043617958834,
-0.0268961198368877,-0.0266213893097215,-0.0218248720376475,-0.0174170310717183,
-0.0154915363143276,-0.0110490365336331,-0.00955009268430983,-0.0059536191196286,
-0.00245680146220083,0.),.UNSPECIFIED.);
#216=B_SPLINE_CURVE_WITH_KNOTS('',3,(#1658,#1659,#1660,#1661),
 .UNSPECIFIED.,.F.,.F.,(4,4),(0.0108307868286377,0.176666650921106),
 .UNSPECIFIED.);
#217=B_SPLINE_CURVE_WITH_KNOTS('',3,(#1663,#1664,#1665,#1666),
 .UNSPECIFIED.,.F.,.F.,(4,4),(0.00988620766750631,0.0988277875304286),
 .UNSPECIFIED.);
#218=B_SPLINE_CURVE_WITH_KNOTS('',3,(#1668,#1669,#1670,#1671),
 .UNSPECIFIED.,.F.,.F.,(4,4),(-0.00892411031929702,0.150113845334082),
 .UNSPECIFIED.);
#219=B_SPLINE_CURVE_WITH_KNOTS('',3,(#1673,#1674,#1675,#1676),
 .UNSPECIFIED.,.F.,.F.,(4,4),(-0.0118469575404405,0.0799874834294773),
 .UNSPECIFIED.);
#220=B_SPLINE_CURVE_WITH_KNOTS('',3,(#1678,#1679,#1680,#1681),
 .UNSPECIFIED.,.F.,.F.,(4,4),(-1.16288483915148,0.0118469575404392),
 .UNSPECIFIED.);
#221=B_SPLINE_CURVE_WITH_KNOTS('',3,(#1683,#1684,#1685,#1686),
 .UNSPECIFIED.,.F.,.F.,(4,4),(0.00867906145636715,0.108922133691485),
 .UNSPECIFIED.);
#222=B_SPLINE_CURVE_WITH_KNOTS('',3,(#1688,#1689,#1690,#1691),
 .UNSPECIFIED.,.F.,.F.,(4,4),(0.00716990566028341,1.69132090054567),
 .UNSPECIFIED.);
#223=B_SPLINE_CURVE_WITH_KNOTS('',3,(#1693,#1694,#1695,#1696),
 .UNSPECIFIED.,.F.,.F.,(4,4),(0.0138561910376756,0.0871699035516237),
 .UNSPECIFIED.);
#224=B_SPLINE_CURVE_WITH_KNOTS('',3,(#1698,#1699,#1700,#1701),
 .UNSPECIFIED.,.F.,.F.,(4,4),(0.0103553390593275,3.52614372983716),
 .UNSPECIFIED.);
#225=B_SPLINE_CURVE_WITH_KNOTS('',3,(#1703,#1704,#1705,#1706),
 .UNSPECIFIED.,.F.,.F.,(4,4),(0.0103553390593274,0.116923878709339),
 .UNSPECIFIED.);
#226=B_SPLINE_CURVE_WITH_KNOTS('',3,(#1708,#1709,#1710,#1711),
 .UNSPECIFIED.,.F.,.F.,(4,4),(0.00892408445431135,1.55964462584844),
 .UNSPECIFIED.);
#227=B_SPLINE_CURVE_WITH_KNOTS('',3,(#1713,#1714,#1715,#1716),
 .UNSPECIFIED.,.F.,.F.,(4,4),(0.0118469781898907,0.133202616404429),
 .UNSPECIFIED.);
#228=B_SPLINE_CURVE_WITH_KNOTS('',3,(#1718,#1719,#1720,#1721),
 .UNSPECIFIED.,.F.,.F.,(4,4),(-0.0103553390593273,0.338153013987),
 .UNSPECIFIED.);
#229=B_SPLINE_CURVE_WITH_KNOTS('',3,(#1723,#1724,#1725,#1726),
 .UNSPECIFIED.,.F.,.F.,(4,4),(-0.0103553390593304,0.0952081509051059),
 .UNSPECIFIED.);
#230=B_SPLINE_CURVE_WITH_KNOTS('',3,(#1728,#1729,#1730,#1731),
 .UNSPECIFIED.,.F.,.F.,(4,4),(0.0109457807941436,0.29035533280084),
 .UNSPECIFIED.);
#231=B_SPLINE_CURVE_WITH_KNOTS('',3,(#1733,#1734,#1735,#1736),
 .UNSPECIFIED.,.F.,.F.,(4,4),(0.00977459586032051,0.0775132472934153),
 .UNSPECIFIED.);
#232=B_SPLINE_CURVE_WITH_KNOTS('',3,(#1737,#1738,#1739,#1740),
 .UNSPECIFIED.,.F.,.F.,(4,4),(0.555416645575315,1.73522536513589),
 .UNSPECIFIED.);
#233=B_SPLINE_CURVE_WITH_KNOTS('',3,(#1741,#1742,#1743,#1744),
 .UNSPECIFIED.,.F.,.F.,(4,4),(0.405416645575315,0.469583316799253),
 .UNSPECIFIED.);
#234=B_SPLINE_CURVE_WITH_KNOTS('',3,(#1745,#1746,#1747,#1748),
 .UNSPECIFIED.,.F.,.F.,(4,4),(0.262499979697168,0.319583316799253),
 .UNSPECIFIED.);
#235=B_SPLINE_CURVE_WITH_KNOTS('',3,(#1778,#1779,#1780,#1781),
 .UNSPECIFIED.,.F.,.F.,(4,4),(-0.562499996336798,0.637499985750765),
 .UNSPECIFIED.);
#236=B_SPLINE_CURVE_WITH_KNOTS('',3,(#1783,#1784,#1785,#1786,#1787,#1788,
#1789,#1790,#1791,#1792,#1793,#1794,#1795,#1796,#1797,#1798,#1799,#1800,
#1801,#1802,#1803,#1804,#1805,#1806,#1807,#1808,#1809,#1810,#1811,#1812,
#1813,#1814,#1815,#1816,#1817,#1818,#1819,#1820,#1821,#1822,#1823,#1824,
#1825,#1826,#1827,#1828,#1829,#1830,#1831,#1832,#1833,#1834,#1835,#1836,
#1837,#1838,#1839,#1840),.UNSPECIFIED.,.F.,.F.,(4,3,3,3,3,3,3,3,3,3,3,3,
3,3,3,3,3,3,3,4),(-0.000349861839623853,0.,0.00353463189058332,0.00682102753171739,
0.00927112350402897,0.0129765361842099,0.0169736038024704,0.0212579093869069,
0.0232301998684633,0.0251127877750294,0.0296019590304035,0.0319408310595588,
0.0361595007195307,0.0397469781194568,0.0416103423690604,0.0448609908223687,
0.0483115476174277,0.0519155577302801,0.0558456032787285,0.0571744338011912),
 .UNSPECIFIED.);
#237=B_SPLINE_CURVE_WITH_KNOTS('',3,(#1841,#1842,#1843,#1844),
 .UNSPECIFIED.,.F.,.F.,(4,4),(-0.627725389890444,0.552083329670131),
 .UNSPECIFIED.);
#238=B_SPLINE_CURVE_WITH_KNOTS('',3,(#1873,#1874,#1875,#1876),
 .UNSPECIFIED.,.F.,.F.,(4,4),(-0.712499996336798,-0.652499991779526),
 .UNSPECIFIED.);
#239=B_SPLINE_CURVE_WITH_KNOTS('',3,(#1877,#1878,#1879,#1880),
 .UNSPECIFIED.,.F.,.F.,(4,4),(0.637916658446192,0.702083329670131),
 .UNSPECIFIED.);
#240=B_SPLINE_CURVE_WITH_KNOTS('',3,(#1910,#1911,#1912,#1913),
 .UNSPECIFIED.,.F.,.F.,(4,4),(0.93083332432434,1.09666918841681),
 .UNSPECIFIED.);
#241=B_SPLINE_CURVE_WITH_KNOTS('',3,(#1915,#1916,#1917,#1918,#1919,#1920,
#1921,#1922,#1923,#1924,#1925,#1926,#1927,#1928,#1929,#1930,#1931,#1932,
#1933,#1934,#1935,#1936,#1937,#1938,#1939,#1940,#1941,#1942,#1943,#1944,
#1945,#1946,#1947,#1948,#1949,#1950,#1951,#1952,#1953,#1954,#1955,#1956,
#1957,#1958,#1959,#1960,#1961,#1962,#1963,#1964,#1965,#1966,#1967,#1968,
#1969,#1970,#1971,#1972),.UNSPECIFIED.,.F.,.F.,(4,3,3,3,3,3,3,3,3,3,3,3,
3,3,3,3,3,3,3,4),(-0.00035522018505716,0.,0.00358691957678165,0.00692125412832461,
0.0094079685376029,0.0131924522282709,0.0172493637852902,0.0215998820483444,
0.0236444468162133,0.0254761536770385,0.0300143993666874,0.0324389445853593,
0.0366976420988448,0.0402758248546565,0.0421588900155553,0.0454474971834048,
0.0489376285481714,0.0525824656503085,0.056555194499021,0.0578790748033735),
 .UNSPECIFIED.);
#242=B_SPLINE_CURVE_WITH_KNOTS('',3,(#1973,#1974,#1975,#1976),
 .UNSPECIFIED.,.F.,.F.,(4,4),(-1.10749997524545,-0.947499990991006),
 .UNSPECIFIED.);
#243=B_SPLINE_CURVE_WITH_KNOTS('',3,(#2005,#2006,#2007,#2008),
 .UNSPECIFIED.,.F.,.F.,(4,4),(-0.857499995548278,-0.802499991779526),
 .UNSPECIFIED.);
#244=B_SPLINE_CURVE_WITH_KNOTS('',3,(#2009,#2010,#2011,#2012),
 .UNSPECIFIED.,.F.,.F.,(4,4),(0.787916658446193,0.844999995548278),
 .UNSPECIFIED.);
#245=B_SPLINE_CURVE_WITH_KNOTS('',3,(#2041,#2042,#2043,#2044,#2045,#2046,
#2047,#2048,#2049,#2050,#2051,#2052,#2053,#2054,#2055,#2056,#2057,#2058,
#2059,#2060,#2061,#2062,#2063,#2064,#2065,#2066,#2067,#2068,#2069,#2070,
#2071,#2072,#2073,#2074,#2075,#2076,#2077,#2078,#2079,#2080,#2081,#2082,
#2083,#2084,#2085,#2086,#2087,#2088,#2089,#2090,#2091,#2092,#2093,#2094,
#2095,#2096,#2097,#2098,#2099,#2100,#2101),.UNSPECIFIED.,.F.,.F.,(4,3,3,
3,3,3,3,3,3,3,3,3,3,3,3,3,3,3,3,3,4),(-0.000349978957380174,0.,0.00407846655912602,
0.00791475079397317,0.0114929744245887,0.0129760149987707,0.0166755548221766,
0.0173968910228032,0.0219346996862086,0.0232300441650559,0.0275854268741433,
0.0319408095832306,0.0324588195965389,0.0365941483089277,0.0403919835190697,
0.0416103209746692,0.045537769046678,0.0475912153952244,0.0506851704905096,
0.0540025182192393,0.057174460300747),.UNSPECIFIED.);
#246=B_SPLINE_CURVE_WITH_KNOTS('',3,(#2158,#2159,#2160,#2161,#2162,#2163,
#2164,#2165,#2166,#2167,#2168,#2169,#2170,#2171,#2172,#2173,#2174,#2175,
#2176,#2177,#2178,#2179,#2180,#2181,#2182,#2183,#2184,#2185,#2186,#2187,
#2188,#2189,#2190,#2191,#2192,#2193,#2194,#2195,#2196,#2197,#2198,#2199,
#2200,#2201,#2202,#2203,#2204,#2205,#2206,#2207,#2208,#2209,#2210,#2211,
#2212,#2213,#2214,#2215,#2216,#2217,#2218),.UNSPECIFIED.,.F.,.F.,(4,3,3,
3,3,3,3,3,3,3,3,3,3,3,3,3,3,3,3,3,4),(-0.000355076055858494,0.,0.00414105235253894,
0.00803527883963219,0.0116664796433866,0.0131930961124617,0.0169478662266941,
0.0176506676099808,0.0222544288794229,0.0236446370985463,0.0280418043185684,
0.0324389715385904,0.032911193381776,0.0370880258453613,0.0409240955991233,
0.0421589147262805,0.0461288237296489,0.0482021014449894,0.0513298044836538,
0.0546821160727455,0.0578790406373399),.UNSPECIFIED.);
#247=B_SPLINE_CURVE_WITH_KNOTS('',3,(#2276,#2277,#2278,#2279,#2280,#2281,
#2282,#2283,#2284,#2285,#2286,#2287,#2288,#2289,#2290,#2291,#2292,#2293,
#2294,#2295,#2296,#2297,#2298,#2299,#2300,#2301,#2302,#2303,#2304,#2305,
#2306,#2307,#2308,#2309,#2310,#2311,#2312,#2313,#2314,#2315,#2316,#2317,
#2318,#2319,#2320,#2321,#2322,#2323,#2324,#2325,#2326,#2327,#2328,#2329,
#2330,#2331,#2332,#2333,#2334,#2335,#2336),.UNSPECIFIED.,.F.,.F.,(4,3,3,
3,3,3,3,3,3,3,3,3,3,3,3,3,3,3,3,3,4),(-0.000360437994890822,0.,0.00419653683395498,
0.00814309611370512,0.0118217246398294,0.0134829576604738,0.0172903246123827,
0.0179091992109893,0.0225799272569038,0.0241122883968339,0.0285535798103322,
0.0329948712238306,0.0333708069691516,0.037592491233948,0.0414693748128414,
0.0427825667958837,0.0468005247777637,0.0488232626403831,0.0519851703681823,
0.0553724255014067,0.058583146186201),.UNSPECIFIED.);
#248=B_SPLINE_CURVE_WITH_KNOTS('',3,(#2338,#2339,#2340,#2341),
 .UNSPECIFIED.,.F.,.F.,(4,4),(0.524999988265335,0.874999980442226),
 .UNSPECIFIED.);
#249=B_SPLINE_CURVE_WITH_KNOTS('',3,(#2342,#2343,#2344,#2345,#2346,#2347,
#2348,#2349,#2350,#2351,#2352,#2353,#2354,#2355,#2356,#2357,#2358,#2359,
#2360,#2361,#2362,#2363,#2364,#2365,#2366,#2367,#2368,#2369,#2370,#2371,
#2372,#2373,#2374,#2375,#2376,#2377,#2378,#2379,#2380,#2381,#2382,#2383,
#2384,#2385,#2386,#2387,#2388,#2389,#2390,#2391,#2392,#2393,#2394,#2395,
#2396,#2397,#2398,#2399,#2400,#2401,#2402),.UNSPECIFIED.,.F.,.F.,(4,3,3,
3,3,3,3,3,3,3,3,3,3,3,3,3,3,3,3,3,4),(-0.0529652472346311,-0.0526426213139774,
-0.0488824704031296,-0.0453459410219248,-0.0420477890259307,-0.0406667561443004,
-0.037256013821251,-0.0366052574459634,-0.0324215086242909,-0.0311906326032956,
-0.0271863664937331,-0.0231821003841706,-0.0227308449707873,-0.0189279505183069,
-0.0154352944587617,-0.0143128726711386,-0.0106996132869862,-0.00881165728749733,
-0.00596530403528057,-0.00291404570556937,0.),.UNSPECIFIED.);
#250=B_SPLINE_CURVE_WITH_KNOTS('',3,(#2432,#2433,#2434,#2435,#2436,#2437,
#2438,#2439,#2440,#2441,#2442,#2443,#2444,#2445,#2446,#2447,#2448,#2449,
#2450,#2451,#2452,#2453,#2454,#2455,#2456,#2457,#2458,#2459,#2460,#2461,
#2462,#2463,#2464,#2465,#2466,#2467,#2468,#2469,#2470,#2471,#2472,#2473,
#2474,#2475,#2476,#2477,#2478,#2479,#2480,#2481,#2482,#2483,#2484,#2485,
#2486,#2487,#2488,#2489,#2490,#2491,#2492),.UNSPECIFIED.,.F.,.F.,(4,3,3,
3,3,3,3,3,3,3,3,3,3,3,3,3,3,3,3,3,4),(-0.000346015164482173,0.,0.00403514391549374,
0.00783105467739765,0.0113722859663397,0.0128151363555163,0.0164746354256597,
0.0172092952783485,0.0216964978802829,0.022923589820099,0.0272481323008603,
0.0315726747816216,0.0321244790218359,0.036229065906803,0.0399984022298577,
0.041204653663874,0.0451005392829912,0.0471393478108527,0.0502088491132252,
0.0535008888237166,0.0566529630707026),.UNSPECIFIED.);
#251=B_SPLINE_CURVE_WITH_KNOTS('',3,(#2493,#2494,#2495,#2496),
 .UNSPECIFIED.,.F.,.F.,(4,4),(0.217939334608884,0.360066035467624),
 .UNSPECIFIED.);
#252=B_SPLINE_CURVE_WITH_KNOTS('',3,(#2526,#2527,#2528,#2529,#2530,#2531,
#2532,#2533,#2534,#2535,#2536,#2537,#2538,#2539,#2540,#2541,#2542,#2543,
#2544,#2545,#2546,#2547,#2548,#2549,#2550,#2551,#2552,#2553,#2554,#2555,
#2556,#2557,#2558,#2559,#2560,#2561,#2562,#2563,#2564,#2565,#2566,#2567,
#2568,#2569,#2570,#2571,#2572,#2573,#2574,#2575,#2576,#2577,#2578,#2579,
#2580,#2581,#2582,#2583,#2584,#2585,#2586),.UNSPECIFIED.,.F.,.F.,(4,3,3,
3,3,3,3,3,3,3,3,3,3,3,3,3,3,3,3,3,4),(-0.000352793915761067,0.,0.00411561955729019,
0.00798599703374777,0.0115953014130526,0.0130929208882458,0.0168231658236967,
0.0175335946275181,0.0221047899303603,0.0234533806864799,0.0278312847477804,
0.0322091888090808,0.0327025293851172,0.036860186008447,0.0406783871001817,
0.0419059201756991,0.0458561426460897,0.047920411506534,0.051033212014957,
0.0543701536570456,0.057554217826924),.UNSPECIFIED.);
#253=B_SPLINE_CURVE_WITH_KNOTS('',3,(#2587,#2588,#2589,#2590),
 .UNSPECIFIED.,.F.,.F.,(4,4),(-1.07249997602776,0.497499988880009),
 .UNSPECIFIED.);
#254=B_SPLINE_CURVE_WITH_KNOTS('',3,(#2620,#2621,#2622,#2623,#2624,#2625,
#2626,#2627,#2628,#2629,#2630,#2631,#2632,#2633,#2634,#2635,#2636,#2637,
#2638,#2639,#2640,#2641,#2642,#2643,#2644,#2645,#2646,#2647,#2648,#2649,
#2650,#2651,#2652,#2653,#2654,#2655,#2656,#2657,#2658,#2659,#2660,#2661,
#2662,#2663,#2664,#2665,#2666,#2667,#2668,#2669,#2670,#2671,#2672,#2673,
#2674,#2675,#2676,#2677,#2678,#2679,#2680),.UNSPECIFIED.,.F.,.F.,(4,3,3,
3,3,3,3,3,3,3,3,3,3,3,3,3,3,3,3,3,4),(-0.000352569183779926,0.,0.0041156007974292,
0.00798596297118808,0.0115952412236085,0.0130939232827271,0.0168241460477409,
0.0175338055372122,0.0221049540615649,0.0234536783632405,0.0278314543861617,
0.032209230409083,0.0327026287613881,0.0368602586194518,0.0406784359642943,
0.0419059597977852,0.0458561582345959,0.0479204174966969,0.0510331972876201,
0.054370116634079,0.0575541655716573),.UNSPECIFIED.);
#255=B_SPLINE_CURVE_WITH_KNOTS('',3,(#2681,#2682,#2683,#2684),
 .UNSPECIFIED.,.F.,.F.,(4,4),(-0.362392217258008,-0.235112999489341),
 .UNSPECIFIED.);
#256=B_SPLINE_CURVE_WITH_KNOTS('',3,(#2714,#2715,#2716,#2717,#2718,#2719,
#2720,#2721,#2722,#2723,#2724,#2725,#2726,#2727,#2728,#2729,#2730,#2731,
#2732,#2733,#2734,#2735,#2736,#2737,#2738,#2739,#2740,#2741,#2742,#2743,
#2744,#2745,#2746,#2747,#2748,#2749,#2750,#2751,#2752,#2753,#2754,#2755,
#2756,#2757,#2758,#2759,#2760,#2761,#2762,#2763,#2764,#2765,#2766,#2767,
#2768,#2769,#2770,#2771),.UNSPECIFIED.,.F.,.F.,(4,3,3,3,3,3,3,3,3,3,3,3,
3,3,3,3,3,3,3,4),(-0.000372673943676383,0.,0.00450333093292692,0.00905356203347883,
0.0137385948145411,0.015795825271691,0.0205553670661972,0.026236024046013,
0.0287173299056459,0.0340681930832273,0.0394190562608086,0.0395060475999679,
0.0446425497324038,0.0493561150009535,0.0514024668128866,0.0561738157038691,
0.0579425452216191,0.0618010423322445,0.0655533873327519,0.06813136122965),
 .UNSPECIFIED.);
#257=B_SPLINE_CURVE_WITH_KNOTS('',3,(#2772,#2773,#2774,#2775),
 .UNSPECIFIED.,.F.,.F.,(4,4),(-2.64499994087964,0.894999979995191),
 .UNSPECIFIED.);
#258=B_SPLINE_CURVE_WITH_KNOTS('',3,(#2805,#2806,#2807,#2808,#2809,#2810,
#2811,#2812,#2813,#2814,#2815,#2816,#2817,#2818,#2819,#2820,#2821,#2822,
#2823,#2824,#2825,#2826,#2827,#2828,#2829,#2830,#2831,#2832,#2833,#2834,
#2835,#2836,#2837,#2838,#2839,#2840,#2841,#2842,#2843,#2844,#2845,#2846,
#2847,#2848,#2849,#2850,#2851,#2852,#2853,#2854,#2855,#2856,#2857,#2858,
#2859,#2860,#2861,#2862,#2863,#2864,#2865),.UNSPECIFIED.,.F.,.F.,(4,3,3,
3,3,3,3,3,3,3,3,3,3,3,3,3,3,3,3,3,4),(-0.000338974980072919,0.,0.00396527910904893,
0.00769530950732159,0.011175982565474,0.0125224497693312,0.0161120972532858,
0.0168710918154183,0.0212622510067205,0.02237131169685,0.026640736745692,
0.0309101617945341,0.0315224936587549,0.0355716144703441,0.0392890609912989,
0.0404739812707351,0.0443126914991071,0.0463252623357985,0.0493522498351714,
0.0526003933818628,0.0557128839672871),.UNSPECIFIED.);
#259=B_SPLINE_CURVE_WITH_KNOTS('',3,(#2866,#2867,#2868,#2869),
 .UNSPECIFIED.,.F.,.F.,(4,4),(-0.0328599335457206,0.0614798756661866),
 .UNSPECIFIED.);
#260=B_SPLINE_CURVE_WITH_KNOTS('',3,(#2899,#2900,#2901,#2902,#2903,#2904,
#2905,#2906,#2907,#2908,#2909,#2910,#2911,#2912,#2913,#2914,#2915,#2916,
#2917,#2918,#2919,#2920,#2921,#2922,#2923,#2924,#2925,#2926,#2927,#2928,
#2929,#2930,#2931,#2932,#2933,#2934,#2935,#2936,#2937,#2938,#2939,#2940,
#2941,#2942,#2943,#2944,#2945,#2946,#2947,#2948,#2949,#2950,#2951,#2952,
#2953,#2954,#2955,#2956,#2957,#2958,#2959),.UNSPECIFIED.,.F.,.F.,(4,3,3,
3,3,3,3,3,3,3,3,3,3,3,3,3,3,3,3,3,4),(-0.000345034519120097,0.,0.00403238329616872,
0.007824866152661,0.0113627086760716,0.0127705939315105,0.0164216600322232,
0.0171579717206686,0.0216257393476792,0.0228397806354497,0.0271559881951381,
0.0314721957548264,0.032033177439766,0.0361292532794291,0.0398901731271483,
0.0410938902709411,0.0449808604938255,0.0470159722732375,0.0500805495116667,
0.0533676646082354,0.0565105632636305),.UNSPECIFIED.);
#261=B_SPLINE_CURVE_WITH_KNOTS('',3,(#2960,#2961,#2962,#2963),
 .UNSPECIFIED.,.F.,.F.,(4,4),(-1.35249996976927,0.34749999223277),
 .UNSPECIFIED.);
#262=B_SPLINE_CURVE_WITH_KNOTS('',3,(#2993,#2994,#2995,#2996,#2997,#2998,
#2999,#3000,#3001,#3002,#3003,#3004,#3005,#3006,#3007,#3008,#3009,#3010,
#3011,#3012,#3013,#3014,#3015,#3016,#3017,#3018,#3019,#3020,#3021,#3022,
#3023,#3024,#3025,#3026,#3027,#3028,#3029,#3030,#3031,#3032,#3033,#3034,
#3035,#3036,#3037,#3038,#3039,#3040,#3041,#3042,#3043,#3044,#3045,#3046,
#3047,#3048,#3049,#3050,#3051,#3052,#3053,#3054,#3055,#3056),
 .UNSPECIFIED.,.F.,.F.,(4,3,3,3,3,3,3,3,3,3,3,3,3,3,3,3,3,3,3,3,3,4),(-0.000362006297829273,
0.,0.00421769214530989,0.00818363730999691,0.0118792721791612,0.0136032251638011,
0.0174252179921922,0.01797656723195,0.0226570335566268,0.0242630476427099,
0.0284935151544452,0.0328412910888548,0.0331702379835978,0.0334894930058268,
0.0377243102525329,0.0416121388229021,0.0429860300425599,0.0470191999827658,
0.0489842352111524,0.0521572405134917,0.0555558053151926,0.0587580219454911),
 .UNSPECIFIED.);
#263=B_SPLINE_CURVE_WITH_KNOTS('',3,(#3057,#3058,#3059,#3060),
 .UNSPECIFIED.,.F.,.F.,(4,4),(-0.357844568655935,-0.236807386992225),
 .UNSPECIFIED.);
#264=B_SPLINE_CURVE_WITH_KNOTS('',3,(#3090,#3091,#3092,#3093,#3094,#3095,
#3096,#3097,#3098,#3099,#3100,#3101,#3102,#3103,#3104,#3105,#3106,#3107,
#3108,#3109,#3110,#3111,#3112,#3113,#3114,#3115,#3116,#3117,#3118,#3119,
#3120,#3121,#3122,#3123,#3124,#3125,#3126,#3127,#3128,#3129,#3130,#3131,
#3132,#3133,#3134,#3135,#3136,#3137,#3138,#3139,#3140,#3141,#3142,#3143,
#3144,#3145,#3146,#3147,#3148,#3149,#3150,#3151,#3152,#3153),
 .UNSPECIFIED.,.F.,.F.,(4,3,3,3,3,3,3,3,3,3,3,3,3,3,3,3,3,3,3,3,3,4),(-0.0533039960416475,
-0.0529778553778479,-0.0491761424081489,-0.045601584154005,-0.0422699762529041,
-0.040785822641863,-0.0373409016100075,-0.0367824177960565,-0.0325627057669225,
-0.0311729268451803,-0.0273589160182112,-0.0234398931696539,-0.0231400323516965,
-0.0228001082780036,-0.0189824326309577,-0.0154769489210441,-0.014288835219788,
-0.0106555294128513,-0.00882609117868553,-0.00596543686398948,-0.00290082749308642,
0.),.UNSPECIFIED.);
#265=B_SPLINE_CURVE_WITH_KNOTS('',3,(#3154,#3155,#3156,#3157),
 .UNSPECIFIED.,.F.,.F.,(4,4),(-1.46999990986511,-0.295000022741409),
 .UNSPECIFIED.);
#266=B_SPLINE_CURVE_WITH_KNOTS('',3,(#3187,#3188,#3189,#3190),
 .UNSPECIFIED.,.F.,.F.,(4,4),(0.083375655995677,0.154439029105857),
 .UNSPECIFIED.);
#267=B_SPLINE_CURVE_WITH_KNOTS('',3,(#3191,#3192,#3193,#3194,#3195,#3196,
#3197,#3198,#3199,#3200,#3201,#3202,#3203,#3204,#3205,#3206,#3207,#3208,
#3209,#3210,#3211,#3212,#3213,#3214,#3215,#3216,#3217,#3218,#3219,#3220,
#3221,#3222,#3223,#3224,#3225,#3226,#3227,#3228,#3229,#3230,#3231,#3232,
#3233,#3234,#3235,#3236,#3237,#3238,#3239,#3240,#3241,#3242,#3243,#3244,
#3245,#3246,#3247,#3248,#3249,#3250,#3251),.UNSPECIFIED.,.F.,.F.,(4,3,3,
3,3,3,3,3,3,3,3,3,3,3,3,3,3,3,3,3,4),(-0.0527544420958433,-0.0524341819278865,
-0.0486979547126462,-0.0451834001089239,-0.0419047134168492,-0.0405734029633065,
-0.0371859852819684,-0.0365064238295479,-0.0323543627926664,-0.0312176592224099,
-0.0272151464758228,-0.0232126337292357,-0.0227019250598798,-0.0189030107487734,
-0.0154144765193304,-0.0142979222014776,-0.0106922071261991,-0.00880516617415626,
-0.00596394607625678,-0.00291671916631805,0.),.UNSPECIFIED.);
#268=B_SPLINE_CURVE_WITH_KNOTS('',3,(#3281,#3282,#3283,#3284),
 .UNSPECIFIED.,.F.,.F.,(4,4),(0.342500106214965,0.502500159216555),
 .UNSPECIFIED.);
#269=B_SPLINE_CURVE_WITH_KNOTS('',3,(#3285,#3286,#3287,#3288,#3289,#3290,
#3291,#3292,#3293,#3294,#3295,#3296,#3297,#3298,#3299,#3300,#3301,#3302,
#3303,#3304,#3305,#3306,#3307,#3308,#3309,#3310,#3311,#3312,#3313,#3314,
#3315,#3316,#3317,#3318,#3319,#3320,#3321,#3322,#3323,#3324,#3325,#3326,
#3327,#3328,#3329,#3330,#3331,#3332,#3333,#3334,#3335,#3336,#3337,#3338,
#3339,#3340,#3341,#3342,#3343,#3344,#3345),.UNSPECIFIED.,.F.,.F.,(4,3,3,
3,3,3,3,3,3,3,3,3,3,3,3,3,3,3,3,3,4),(-0.000350207359005985,0.,0.00408768262982869,
0.0079322466930074,0.0115179466705189,0.0129994100434358,0.0167053164993949,
0.0174229157631507,0.0219655207453626,0.0232724968048825,0.0276319410147463,
0.0319913852246101,0.0325048341123285,0.0366443062755691,0.0404457844423661,
0.0416660287528663,0.0455976525471484,0.0476532069526166,0.0507511038674854,
0.0540725902610685,0.0572459029883141),.UNSPECIFIED.);
#270=B_SPLINE_CURVE_WITH_KNOTS('',3,(#3374,#3375,#3376,#3377),
 .UNSPECIFIED.,.F.,.F.,(4,4),(0.125388695674643,0.235047270033711),
 .UNSPECIFIED.);
#271=B_SPLINE_CURVE_WITH_KNOTS('',3,(#3407,#3408,#3409,#3410),
 .UNSPECIFIED.,.F.,.F.,(4,4),(0.0562407239278718,0.144699752015429),
 .UNSPECIFIED.);
#272=B_SPLINE_CURVE_WITH_KNOTS('',3,(#3411,#3412,#3413,#3414,#3415,#3416,
#3417,#3418,#3419,#3420,#3421,#3422,#3423,#3424,#3425,#3426,#3427,#3428,
#3429,#3430,#3431,#3432,#3433,#3434,#3435,#3436,#3437,#3438,#3439,#3440,
#3441,#3442,#3443,#3444,#3445,#3446,#3447,#3448,#3449,#3450,#3451,#3452,
#3453,#3454,#3455,#3456,#3457,#3458,#3459,#3460,#3461,#3462,#3463,#3464,
#3465,#3466,#3467,#3468,#3469,#3470,#3471),.UNSPECIFIED.,.F.,.F.,(4,3,3,
3,3,3,3,3,3,3,3,3,3,3,3,3,3,3,3,3,4),(-0.00035566900159261,0.,0.00414456327865877,
0.0080423627570815,0.0116769311007907,0.0132177161290396,0.0169777985873771,
0.0176796283944942,0.0222932267586028,0.023691956728866,0.0280939188356868,
0.0324958809425077,0.0329628607760145,0.0371444758969963,0.0409851704339591,
0.0422215614444661,0.0461964477360799,0.0482718530190811,0.0514027286340566,
0.0547582574394838,0.0579594658619183),.UNSPECIFIED.);
#273=B_SPLINE_CURVE_WITH_KNOTS('',3,(#3501,#3502,#3503,#3504),
 .UNSPECIFIED.,.F.,.F.,(4,4),(-0.652499985415488,-0.372499991673976),
 .UNSPECIFIED.);
#274=B_SPLINE_CURVE_WITH_KNOTS('',3,(#3505,#3506,#3507,#3508,#3509,#3510,
#3511,#3512,#3513,#3514,#3515,#3516,#3517,#3518,#3519,#3520,#3521,#3522,
#3523,#3524,#3525,#3526,#3527,#3528,#3529,#3530,#3531,#3532,#3533,#3534,
#3535,#3536,#3537,#3538,#3539,#3540,#3541,#3542,#3543,#3544,#3545,#3546,
#3547,#3548,#3549,#3550,#3551,#3552,#3553,#3554,#3555,#3556,#3557,#3558,
#3559,#3560,#3561,#3562,#3563,#3564,#3565),.UNSPECIFIED.,.F.,.F.,(4,3,3,
3,3,3,3,3,3,3,3,3,3,3,3,3,3,3,3,3,4),(-0.0529652963322319,-0.0526428243201587,
-0.048883137270406,-0.0453469942437469,-0.0420491909407539,-0.0406662115861933,
-0.0372555971354615,-0.0366052417674834,-0.0324212087005416,-0.0311905323185651,
-0.0271863365625256,-0.0231821408064861,-0.0227308433875559,-0.0189279455963371,
-0.0154352570459375,-0.0143128741620611,-0.010699597773071,-0.00881165704343402,
-0.00596539190422012,-0.00291423359945659,0.),.UNSPECIFIED.);
#275=B_SPLINE_CURVE_WITH_KNOTS('',3,(#3594,#3595,#3596,#3597),
 .UNSPECIFIED.,.F.,.F.,(4,4),(0.167937856778101,0.252790668623879),
 .UNSPECIFIED.);
#276=B_SPLINE_CURVE_WITH_KNOTS('',3,(#3628,#3629,#3630,#3631),
 .UNSPECIFIED.,.F.,.F.,(4,4),(-0.263146007683206,-0.157582517718773),
 .UNSPECIFIED.);
#277=B_SPLINE_CURVE_WITH_KNOTS('',3,(#3632,#3633,#3634,#3635,#3636,#3637,
#3638,#3639,#3640,#3641,#3642,#3643,#3644,#3645,#3646,#3647,#3648,#3649,
#3650,#3651,#3652,#3653,#3654,#3655,#3656,#3657,#3658,#3659,#3660,#3661,
#3662,#3663,#3664,#3665,#3666,#3667,#3668,#3669,#3670,#3671,#3672,#3673,
#3674,#3675,#3676,#3677,#3678,#3679,#3680,#3681,#3682,#3683,#3684,#3685,
#3686,#3687,#3688,#3689),.UNSPECIFIED.,.F.,.F.,(4,3,3,3,3,3,3,3,3,3,3,3,
3,3,3,3,3,3,3,4),(-0.0529652472330746,-0.0526426213124426,-0.0493846859453253,
-0.0463558477779615,-0.0440951951351677,-0.0406667561434315,-0.03698098631188,
-0.0330294501453218,-0.0311906326028288,-0.0294938073520449,-0.0253648400039344,
-0.0231821003839933,-0.0193017316370822,-0.0160269335581163,-0.0143128726711256,
-0.0113233609494173,-0.00815055891909269,-0.00483716379780349,-0.0012253476425555,
0.),.UNSPECIFIED.);
#278=B_SPLINE_CURVE_WITH_KNOTS('',3,(#3690,#3691,#3692,#3693,#3694,#3695,
#3696,#3697,#3698,#3699,#3700,#3701,#3702,#3703,#3704,#3705,#3706,#3707,
#3708,#3709,#3710,#3711,#3712,#3713,#3714,#3715,#3716,#3717,#3718,#3719,
#3720,#3721,#3722,#3723,#3724,#3725,#3726,#3727,#3728,#3729,#3730,#3731,
#3732,#3733,#3734,#3735,#3736,#3737,#3738,#3739,#3740,#3741,#3742,#3743,
#3744,#3745,#3746,#3747),.UNSPECIFIED.,.F.,.F.,(4,3,3,3,3,3,3,3,3,3,3,3,
3,3,3,3,3,3,3,4),(-0.0529652787311792,-0.052642751566965,-0.049384803538139,
-0.0463559557856963,-0.0440951928663919,-0.0406664067834352,-0.0369806350356677,
-0.033029094971703,-0.0311905682683887,-0.0294938041735273,-0.0253648378331459,
-0.0231821263157679,-0.0193017577173062,-0.0160269331141841,-0.0143128736281997,
-0.0113233621145049,-0.00815056032263994,-0.00483716546851934,-0.00122534958579957,
0.),.UNSPECIFIED.);
#279=B_SPLINE_CURVE_WITH_KNOTS('',3,(#3777,#3778,#3779,#3780),
 .UNSPECIFIED.,.F.,.F.,(4,4),(0.362144652614649,0.641554204621345),
 .UNSPECIFIED.);
#280=B_SPLINE_CURVE_WITH_KNOTS('',3,(#3781,#3782,#3783,#3784,#3785,#3786,
#3787,#3788,#3789,#3790,#3791,#3792,#3793,#3794,#3795,#3796,#3797,#3798,
#3799,#3800,#3801,#3802,#3803,#3804,#3805,#3806,#3807,#3808,#3809,#3810,
#3811,#3812,#3813,#3814,#3815,#3816,#3817,#3818,#3819,#3820,#3821,#3822,
#3823,#3824,#3825,#3826,#3827,#3828,#3829,#3830,#3831,#3832,#3833,#3834,
#3835,#3836,#3837,#3838),.UNSPECIFIED.,.F.,.F.,(4,3,3,3,3,3,3,3,3,3,3,3,
3,3,3,3,3,3,3,4),(-0.000355540174030335,0.,0.00359207747636279,0.00693116427341452,
0.00942390144315207,0.0132182922374398,0.0172823243321127,0.021640599175212,
0.0236921266828123,0.0255178380529437,0.0300602304007704,0.0324959049364115,
0.0367610736174311,0.0403362895421012,0.0422215832113925,0.0455121138440726,
0.0490039993674325,0.0526503545871091,0.0566241101766478,0.0579594349329582),
 .UNSPECIFIED.);
#281=B_SPLINE_CURVE_WITH_KNOTS('',3,(#3867,#3868,#3869,#3870),
 .UNSPECIFIED.,.F.,.F.,(4,4),(-0.133753971221287,-0.0660153197881926),
 .UNSPECIFIED.);
#282=B_SPLINE_CURVE_WITH_KNOTS('',3,(#3900,#3901,#3902,#3903),
 .UNSPECIFIED.,.F.,.F.,(4,4),(-0.224216483205073,-0.135274903342151),
 .UNSPECIFIED.);
#283=B_SPLINE_CURVE_WITH_KNOTS('',3,(#3904,#3905,#3906,#3907,#3908,#3909,
#3910,#3911,#3912,#3913,#3914,#3915,#3916,#3917,#3918,#3919,#3920,#3921,
#3922,#3923,#3924,#3925,#3926,#3927,#3928,#3929,#3930,#3931,#3932,#3933,
#3934,#3935,#3936,#3937,#3938,#3939,#3940,#3941,#3942,#3943,#3944,#3945,
#3946,#3947,#3948,#3949,#3950,#3951,#3952,#3953,#3954,#3955,#3956,#3957,
#3958,#3959,#3960,#3961),.UNSPECIFIED.,.F.,.F.,(4,3,3,3,3,3,3,3,3,3,3,3,
3,3,3,3,3,3,3,4),(-0.000350392485546102,0.,0.00354059713477033,0.00683243800552577,
0.00928502732488389,0.0129985853768718,0.0170014724506049,0.021292318679442,
0.0232722508201363,0.0251496625642023,0.0296449306498536,0.0319913513905849,
0.0362125273732025,0.0398006314629633,0.0416659953348413,0.0449224173048746,
0.0483791968010164,0.0519898631167899,0.0559273238462642,0.0572459453594215),
 .UNSPECIFIED.);
#284=B_SPLINE_CURVE_WITH_KNOTS('',3,(#3991,#3992,#3993,#3994),
 .UNSPECIFIED.,.F.,.F.,(4,4),(-0.492613951549048,-0.33357599589567),
 .UNSPECIFIED.);
#285=B_SPLINE_CURVE_WITH_KNOTS('',3,(#3995,#3996,#3997,#3998,#3999,#4000,
#4001,#4002,#4003,#4004,#4005,#4006,#4007,#4008,#4009,#4010,#4011,#4012,
#4013,#4014,#4015,#4016,#4017,#4018,#4019,#4020,#4021,#4022,#4023,#4024,
#4025,#4026,#4027,#4028,#4029,#4030,#4031,#4032,#4033,#4034,#4035,#4036,
#4037,#4038,#4039,#4040,#4041,#4042,#4043,#4044,#4045,#4046,#4047,#4048,
#4049,#4050,#4051,#4052),.UNSPECIFIED.,.F.,.F.,(4,3,3,3,3,3,3,3,3,3,3,3,
3,3,3,3,3,3,3,4),(-0.0527544945339373,-0.0524343935739185,-0.0491975866881225,
-0.0461876933527552,-0.0439473317378912,-0.0405728452064583,-0.0369147906385228,
-0.0329951178611712,-0.03121755614678,-0.0294402864587693,-0.0253177003592004,
-0.0232126789287738,-0.0193382986741355,-0.0160090264282648,-0.0142979236698742,
-0.0113118962811993,-0.0081414681066551,-0.00482934372018804,-0.00121576447920638,
0.),.UNSPECIFIED.);
#286=B_SPLINE_CURVE_WITH_KNOTS('',3,(#4082,#4083,#4084,#4085),
 .UNSPECIFIED.,.F.,.F.,(4,4),(-0.163363139425154,-0.0715286984552367),
 .UNSPECIFIED.);
#287=B_SPLINE_CURVE_WITH_KNOTS('',3,(#4086,#4087,#4088,#4089,#4090,#4091,
#4092,#4093,#4094,#4095,#4096,#4097,#4098,#4099,#4100,#4101,#4102,#4103,
#4104,#4105,#4106,#4107,#4108,#4109,#4110,#4111,#4112,#4113,#4114,#4115,
#4116,#4117,#4118,#4119,#4120,#4121,#4122,#4123,#4124,#4125,#4126,#4127,
#4128,#4129,#4130,#4131,#4132,#4133,#4134,#4135,#4136,#4137,#4138,#4139,
#4140,#4141,#4142,#4143),.UNSPECIFIED.,.F.,.F.,(4,3,3,3,3,3,3,3,3,3,3,3,
3,3,3,3,3,3,3,4),(-0.0533040216416977,-0.0529779626570678,-0.0496872463639015,
-0.0466287600532768,-0.0443417842939599,-0.0407855333330799,-0.0370626736066939,
-0.033067407244575,-0.0311728737536037,-0.0296082914061094,-0.0254602913488564,
-0.0231400521191398,-0.0192478132275422,-0.0160669343405009,-0.01428883596578,
-0.0112794107065342,-0.00808572297974398,-0.00475045645344504,-0.00111818367428165,
0.),.UNSPECIFIED.);
#288=B_SPLINE_CURVE_WITH_KNOTS('',3,(#4173,#4174,#4175,#4176),
 .UNSPECIFIED.,.F.,.F.,(4,4),(0.28315306520097,1.45788486189289),
 .UNSPECIFIED.);
#289=B_SPLINE_CURVE_WITH_KNOTS('',3,(#4177,#4178,#4179,#4180,#4181,#4182,
#4183,#4184,#4185,#4186,#4187,#4188,#4189,#4190,#4191,#4192,#4193,#4194,
#4195,#4196,#4197,#4198,#4199,#4200,#4201,#4202,#4203,#4204,#4205,#4206,
#4207,#4208,#4209,#4210,#4211,#4212,#4213,#4214,#4215,#4216,#4217,#4218,
#4219,#4220,#4221,#4222,#4223,#4224,#4225,#4226,#4227,#4228,#4229,#4230,
#4231,#4232,#4233,#4234),.UNSPECIFIED.,.F.,.F.,(4,3,3,3,3,3,3,3,3,3,3,3,
3,3,3,3,3,3,3,4),(-0.000362155175668544,0.,0.00365356795638755,0.00704913977321882,
0.0095882591380384,0.0136025651440299,0.0177334444611809,0.0221684968173398,
0.0242628527215236,0.0259347531983605,0.0305371394302507,0.0331702083822031,
0.0374843844248873,0.040957945769581,0.0429860044768426,0.0463301624423533,
0.0498798942311345,0.0535879559781894,0.0576254175287921,0.0587580565444984),
 .UNSPECIFIED.);
#290=B_SPLINE_CURVE_WITH_KNOTS('',3,(#4264,#4265,#4266,#4267),
 .UNSPECIFIED.,.F.,.F.,(4,4),(0.248922434964449,0.349165507199568),
 .UNSPECIFIED.);
#291=B_SPLINE_CURVE_WITH_KNOTS('',3,(#4268,#4269,#4270,#4271,#4272,#4273,
#4274,#4275,#4276,#4277,#4278,#4279,#4280,#4281,#4282,#4283,#4284,#4285,
#4286,#4287,#4288,#4289,#4290,#4291,#4292,#4293,#4294,#4295,#4296,#4297,
#4298,#4299,#4300,#4301,#4302,#4303,#4304,#4305,#4306,#4307,#4308,#4309,
#4310,#4311,#4312,#4313,#4314,#4315,#4316,#4317,#4318,#4319,#4320,#4321,
#4322,#4323,#4324,#4325),.UNSPECIFIED.,.F.,.F.,(4,3,3,3,3,3,3,3,3,3,3,3,
3,3,3,3,3,3,3,4),(-0.000344945942288457,0.,0.0034878348699166,0.00673124405980491,
0.00914202082772326,0.0127709867192845,0.0167108528718425,0.0209322152728556,
0.0228398991688642,0.0247705735940426,0.0292164549633011,0.031472211614388,
0.0356475497051219,0.0392491168901608,0.0410939073787883,0.0443159162937703,
0.0477373307860905,0.05131212470409,0.0552132468031902,0.0565105440838695),
 .UNSPECIFIED.);
#292=B_SPLINE_CURVE_WITH_KNOTS('',3,(#4355,#4356,#4357,#4358),
 .UNSPECIFIED.,.F.,.F.,(4,4),(-0.338820930776402,1.34533006410899),
 .UNSPECIFIED.);
#293=B_SPLINE_CURVE_WITH_KNOTS('',3,(#4359,#4360,#4361,#4362,#4363,#4364,
#4365,#4366,#4367,#4368,#4369,#4370,#4371,#4372,#4373,#4374,#4375,#4376,
#4377,#4378,#4379,#4380,#4381,#4382,#4383,#4384,#4385,#4386,#4387,#4388,
#4389,#4390,#4391,#4392,#4393,#4394,#4395,#4396,#4397,#4398,#4399,#4400,
#4401,#4402,#4403,#4404,#4405,#4406,#4407,#4408,#4409,#4410,#4411,#4412,
#4413,#4414,#4415,#4416),.UNSPECIFIED.,.F.,.F.,(4,3,3,3,3,3,3,3,3,3,3,3,
3,3,3,3,3,3,3,4),(-0.000339097613291665,0.,0.00342997950566235,0.00662030889222269,
0.00898681192752309,0.0125219081343067,0.01639378274837,0.0205400708426152,
0.0223711463186556,0.0243596632035113,0.0287495953764919,0.0309101410159626,
0.0350373418789347,0.0386515086735648,0.0404739658919808,0.0436568212527756,
0.0470377371935986,0.0505711573621336,0.0544297746470805,0.0557129481514872),
 .UNSPECIFIED.);
#294=B_SPLINE_CURVE_WITH_KNOTS('',3,(#4446,#4447,#4448,#4449),
 .UNSPECIFIED.,.F.,.F.,(4,4),(-0.054309970005903,0.019003742508044),
 .UNSPECIFIED.);
#295=B_SPLINE_CURVE_WITH_KNOTS('',3,(#4450,#4451,#4452,#4453,#4454,#4455,
#4456,#4457,#4458,#4459,#4460,#4461,#4462,#4463,#4464,#4465,#4466,#4467,
#4468,#4469,#4470,#4471,#4472,#4473,#4474,#4475,#4476,#4477,#4478,#4479,
#4480,#4481,#4482,#4483,#4484,#4485,#4486,#4487,#4488,#4489,#4490,#4491,
#4492,#4493,#4494,#4495,#4496,#4497,#4498,#4499,#4500,#4501,#4502,#4503,
#4504),.UNSPECIFIED.,.F.,.F.,(4,3,3,3,3,3,3,3,3,3,3,3,3,3,3,3,3,3,4),(-0.00037213134987751,
0.,0.00410534413228404,0.00829498850597394,0.0104852093672743,0.0157986423698171,
0.0208303326635143,0.0262472328269515,0.0287186231465351,0.0302230145633985,
0.0358059864238107,0.0395069875423073,0.0447418427808657,0.0484873365611915,
0.0514037553723502,0.0557322618894487,0.0599352024482727,0.0640340717408202,
0.0681329410333676),.UNSPECIFIED.);
#296=B_SPLINE_CURVE_WITH_KNOTS('',3,(#4534,#4535,#4536,#4537),
 .UNSPECIFIED.,.F.,.F.,(4,4),(-0.881143788957514,2.63464460182032),
 .UNSPECIFIED.);
#297=B_SPLINE_CURVE_WITH_KNOTS('',3,(#4538,#4539,#4540,#4541,#4542,#4543,
#4544,#4545,#4546,#4547,#4548,#4549,#4550,#4551,#4552,#4553,#4554,#4555,
#4556,#4557,#4558,#4559,#4560,#4561,#4562,#4563,#4564,#4565,#4566,#4567,
#4568,#4569,#4570,#4571,#4572,#4573,#4574,#4575,#4576,#4577,#4578,#4579,
#4580,#4581,#4582,#4583,#4584,#4585,#4586,#4587,#4588,#4589,#4590,#4591,
#4592,#4593,#4594,#4595),.UNSPECIFIED.,.F.,.F.,(4,3,3,3,3,3,3,3,3,3,3,3,
3,3,3,3,3,3,3,4),(-0.00035281931438526,0.,0.00356472446763398,0.00687864459049462,
0.00934480544484873,0.0130928076571116,0.0171214180140703,0.0214408936483864,
0.0234533470461021,0.0253085479927139,0.0298272436633813,0.0322091840830608,
0.0364450936974855,0.0400319261907441,0.0419059156716604,0.0451824764983107,
0.0486606244164697,0.0522937687894067,0.0562555629876098,0.057554223693616),
 .UNSPECIFIED.);
#298=B_SPLINE_CURVE_WITH_KNOTS('',3,(#4625,#4626,#4627,#4628),
 .UNSPECIFIED.,.F.,.F.,(4,4),(0.245468338548669,0.352036878198681),
 .UNSPECIFIED.);
#299=B_SPLINE_CURVE_WITH_KNOTS('',3,(#4629,#4630,#4631,#4632,#4633,#4634,
#4635,#4636,#4637,#4638,#4639,#4640,#4641,#4642,#4643,#4644,#4645,#4646,
#4647,#4648,#4649,#4650,#4651,#4652,#4653,#4654,#4655,#4656,#4657,#4658,
#4659,#4660,#4661,#4662,#4663,#4664,#4665,#4666,#4667,#4668,#4669,#4670,
#4671,#4672,#4673,#4674,#4675,#4676,#4677,#4678,#4679,#4680,#4681,#4682,
#4683,#4684,#4685,#4686),.UNSPECIFIED.,.F.,.F.,(4,3,3,3,3,3,3,3,3,3,3,3,
3,3,3,3,3,3,3,4),(-0.000352569183827126,0.,0.00356359880503049,0.00687652032941269,
0.00934507542296772,0.0130939232820231,0.0171229241591631,0.0214426835834234,
0.0234536783615363,0.0253087135020836,0.0298256823825566,0.0322092304064817,
0.0364476296486412,0.0400319863620561,0.0419059597942106,0.0451793095448498,
0.0486537749720653,0.0522827297911953,0.0562393934231877,0.0575541655665524),
 .UNSPECIFIED.);
#300=B_SPLINE_CURVE_WITH_KNOTS('',3,(#4716,#4717,#4718,#4719),
 .UNSPECIFIED.,.F.,.F.,(4,4),(-0.487144649820681,1.06357589157345),
 .UNSPECIFIED.);
#301=B_SPLINE_CURVE_WITH_KNOTS('',3,(#4720,#4721,#4722,#4723,#4724,#4725,
#4726,#4727,#4728,#4729,#4730,#4731,#4732,#4733,#4734,#4735,#4736,#4737,
#4738,#4739,#4740,#4741,#4742,#4743,#4744,#4745,#4746,#4747,#4748,#4749,
#4750,#4751,#4752,#4753,#4754,#4755,#4756,#4757,#4758,#4759,#4760,#4761,
#4762,#4763,#4764,#4765,#4766,#4767,#4768,#4769,#4770,#4771,#4772,#4773,
#4774,#4775,#4776,#4777),.UNSPECIFIED.,.F.,.F.,(4,3,3,3,3,3,3,3,3,3,3,3,
3,3,3,3,3,3,3,4),(-0.00034609118436323,0.,0.00349765429416242,0.00675009248838039,
0.0091696194177489,0.0128147990056896,0.0167670129260445,0.0210019362462065,
0.0229234882326731,0.0248439042040429,0.0292988779189765,0.0315726610899144,
0.0357577609286842,0.0393558569201639,0.0412046391462916,0.0444322001951763,
0.0478591881978601,0.0514394771682834,0.0553458562053923,0.05665297967889),
 .UNSPECIFIED.);
#302=B_SPLINE_CURVE_WITH_KNOTS('',3,(#4807,#4808,#4809,#4810),
 .UNSPECIFIED.,.F.,.F.,(4,4),(-0.351141951013313,-0.229786312798775),
 .UNSPECIFIED.);
#303=B_SPLINE_CURVE_WITH_KNOTS('',3,(#4811,#4812,#4813,#4814,#4815,#4816,
#4817,#4818,#4819,#4820,#4821,#4822,#4823,#4824,#4825,#4826,#4827,#4828,
#4829,#4830,#4831,#4832,#4833,#4834,#4835,#4836,#4837,#4838,#4839,#4840,
#4841,#4842,#4843,#4844,#4845,#4846,#4847,#4848,#4849,#4850,#4851,#4852,
#4853,#4854,#4855,#4856,#4857,#4858,#4859,#4860,#4861,#4862,#4863,#4864,
#4865,#4866,#4867,#4868),.UNSPECIFIED.,.F.,.F.,(4,3,3,3,3,3,3,3,3,3,3,3,
3,3,3,3,3,3,3,4),(-0.000360533653227776,0.,0.00363848476955349,0.00702021609246346,
0.00954993526736387,0.0134825312859978,0.0175994279708262,0.02201750530633,
0.0241121629519144,0.0258422621903366,0.0304284646311576,0.0329948527134974,
0.0372998422279625,0.0408163220570075,0.0427825508233907,0.0461092202527416,
0.0496394776830232,0.0533261107729818,0.0573408400651786,0.058583169099951),
 .UNSPECIFIED.);
#304=B_SPLINE_CURVE_WITH_KNOTS('',3,(#4897,#4898,#4899,#4900),
 .UNSPECIFIED.,.F.,.F.,(4,4),(-0.863153002252336,-0.514644649206008),
 .UNSPECIFIED.);
#305=VERTEX_POINT('',#885);
#306=VERTEX_POINT('',#886);
#307=VERTEX_POINT('',#900);
#308=VERTEX_POINT('',#926);
#309=VERTEX_POINT('',#928);
#310=VERTEX_POINT('',#977);
#311=VERTEX_POINT('',#992);
#312=VERTEX_POINT('',#993);
#313=VERTEX_POINT('',#995);
#314=VERTEX_POINT('',#997);
#315=VERTEX_POINT('',#999);
#316=VERTEX_POINT('',#1114);
#317=VERTEX_POINT('',#1116);
#318=VERTEX_POINT('',#1129);
#319=VERTEX_POINT('',#1187);
#320=VERTEX_POINT('',#1188);
#321=VERTEX_POINT('',#1190);
#322=VERTEX_POINT('',#1192);
#323=VERTEX_POINT('',#1194);
#324=VERTEX_POINT('',#1309);
#325=VERTEX_POINT('',#1311);
#326=VERTEX_POINT('',#1364);
#327=VERTEX_POINT('',#1422);
#328=VERTEX_POINT('',#1423);
#329=VERTEX_POINT('',#1425);
#330=VERTEX_POINT('',#1427);
#331=VERTEX_POINT('',#1429);
#332=VERTEX_POINT('',#1544);
#333=VERTEX_POINT('',#1546);
#334=VERTEX_POINT('',#1599);
#335=VERTEX_POINT('',#1657);
#336=VERTEX_POINT('',#1662);
#337=VERTEX_POINT('',#1667);
#338=VERTEX_POINT('',#1672);
#339=VERTEX_POINT('',#1677);
#340=VERTEX_POINT('',#1682);
#341=VERTEX_POINT('',#1687);
#342=VERTEX_POINT('',#1692);
#343=VERTEX_POINT('',#1697);
#344=VERTEX_POINT('',#1702);
#345=VERTEX_POINT('',#1707);
#346=VERTEX_POINT('',#1712);
#347=VERTEX_POINT('',#1717);
#348=VERTEX_POINT('',#1722);
#349=VERTEX_POINT('',#1727);
#350=VERTEX_POINT('',#1732);
#351=VERTEX_POINT('',#1777);
#352=VERTEX_POINT('',#1782);
#353=VERTEX_POINT('',#1909);
#354=VERTEX_POINT('',#1914);
#355=VERTEX_POINT('',#2275);
#356=VERTEX_POINT('',#2337);
#357=VERTEX_POINT('',#2431);
#358=VERTEX_POINT('',#2525);
#359=VERTEX_POINT('',#2619);
#360=VERTEX_POINT('',#2713);
#361=VERTEX_POINT('',#2804);
#362=VERTEX_POINT('',#2898);
#363=VERTEX_POINT('',#2992);
#364=VERTEX_POINT('',#3089);
#365=VERTEX_POINT('',#3186);
#366=VERTEX_POINT('',#3280);
#367=VERTEX_POINT('',#3406);
#368=VERTEX_POINT('',#3500);
#369=VERTEX_POINT('',#3626);
#370=VERTEX_POINT('',#3627);
#371=VERTEX_POINT('',#3776);
#372=VERTEX_POINT('',#3899);
#373=VERTEX_POINT('',#3990);
#374=VERTEX_POINT('',#4081);
#375=VERTEX_POINT('',#4172);
#376=VERTEX_POINT('',#4263);
#377=VERTEX_POINT('',#4354);
#378=VERTEX_POINT('',#4445);
#379=VERTEX_POINT('',#4533);
#380=VERTEX_POINT('',#4624);
#381=VERTEX_POINT('',#4715);
#382=VERTEX_POINT('',#4806);
#383=EDGE_CURVE('',#305,#306,#198,.T.);
#384=EDGE_CURVE('',#306,#305,#199,.T.);
#385=EDGE_CURVE('',#307,#307,#200,.T.);
#386=EDGE_CURVE('',#305,#308,#15,.T.);
#387=EDGE_CURVE('',#309,#308,#201,.T.);
#388=EDGE_CURVE('',#306,#309,#16,.T.);
#389=EDGE_CURVE('',#308,#309,#202,.T.);
#390=EDGE_CURVE('',#307,#310,#17,.T.);
#391=EDGE_CURVE('',#310,#310,#203,.T.);
#392=EDGE_CURVE('',#311,#312,#18,.T.);
#393=EDGE_CURVE('',#311,#313,#19,.T.);
#394=EDGE_CURVE('',#314,#313,#20,.T.);
#395=EDGE_CURVE('',#315,#314,#204,.T.);
#396=EDGE_CURVE('',#312,#315,#205,.T.);
#397=EDGE_CURVE('',#316,#311,#21,.T.);
#398=EDGE_CURVE('',#317,#316,#206,.T.);
#399=EDGE_CURVE('',#318,#317,#207,.T.);
#400=EDGE_CURVE('',#313,#318,#22,.T.);
#401=EDGE_CURVE('',#319,#320,#23,.T.);
#402=EDGE_CURVE('',#319,#321,#24,.T.);
#403=EDGE_CURVE('',#322,#321,#25,.T.);
#404=EDGE_CURVE('',#323,#322,#208,.T.);
#405=EDGE_CURVE('',#320,#323,#209,.T.);
#406=EDGE_CURVE('',#324,#319,#26,.T.);
#407=EDGE_CURVE('',#325,#324,#210,.T.);
#408=EDGE_CURVE('',#326,#325,#211,.T.);
#409=EDGE_CURVE('',#321,#326,#27,.T.);
#410=EDGE_CURVE('',#327,#328,#28,.T.);
#411=EDGE_CURVE('',#327,#329,#29,.T.);
#412=EDGE_CURVE('',#330,#329,#30,.T.);
#413=EDGE_CURVE('',#331,#330,#212,.T.);
#414=EDGE_CURVE('',#328,#331,#213,.T.);
#415=EDGE_CURVE('',#332,#327,#31,.T.);
#416=EDGE_CURVE('',#333,#332,#214,.T.);
#417=EDGE_CURVE('',#334,#333,#215,.T.);
#418=EDGE_CURVE('',#329,#334,#32,.T.);
#419=EDGE_CURVE('',#335,#318,#216,.T.);
#420=EDGE_CURVE('',#336,#335,#217,.T.);
#421=EDGE_CURVE('',#337,#336,#218,.T.);
#422=EDGE_CURVE('',#338,#337,#219,.T.);
#423=EDGE_CURVE('',#339,#338,#220,.T.);
#424=EDGE_CURVE('',#340,#339,#221,.T.);
#425=EDGE_CURVE('',#341,#340,#222,.T.);
#426=EDGE_CURVE('',#342,#341,#223,.T.);
#427=EDGE_CURVE('',#343,#342,#224,.T.);
#428=EDGE_CURVE('',#344,#343,#225,.T.);
#429=EDGE_CURVE('',#345,#344,#226,.T.);
#430=EDGE_CURVE('',#346,#345,#227,.T.);
#431=EDGE_CURVE('',#347,#346,#228,.T.);
#432=EDGE_CURVE('',#348,#347,#229,.T.);
#433=EDGE_CURVE('',#349,#348,#230,.T.);
#434=EDGE_CURVE('',#350,#349,#231,.T.);
#435=EDGE_CURVE('',#330,#350,#232,.T.);
#436=EDGE_CURVE('',#322,#334,#233,.T.);
#437=EDGE_CURVE('',#314,#326,#234,.T.);
#438=EDGE_CURVE('',#331,#351,#235,.T.);
#439=EDGE_CURVE('',#352,#351,#236,.T.);
#440=EDGE_CURVE('',#352,#328,#237,.T.);
#441=EDGE_CURVE('',#323,#333,#238,.T.);
#442=EDGE_CURVE('',#332,#320,#239,.T.);
#443=EDGE_CURVE('',#316,#353,#240,.T.);
#444=EDGE_CURVE('',#353,#354,#241,.T.);
#445=EDGE_CURVE('',#354,#317,#242,.T.);
#446=EDGE_CURVE('',#315,#325,#243,.T.);
#447=EDGE_CURVE('',#324,#312,#244,.T.);
#448=EDGE_CURVE('',#350,#351,#245,.T.);
#449=EDGE_CURVE('',#335,#354,#246,.T.);
#450=EDGE_CURVE('',#346,#355,#247,.T.);
#451=EDGE_CURVE('',#356,#355,#248,.T.);
#452=EDGE_CURVE('',#347,#356,#249,.T.);
#453=EDGE_CURVE('',#345,#357,#250,.T.);
#454=EDGE_CURVE('',#355,#357,#251,.T.);
#455=EDGE_CURVE('',#344,#358,#252,.T.);
#456=EDGE_CURVE('',#357,#358,#253,.T.);
#457=EDGE_CURVE('',#343,#359,#254,.T.);
#458=EDGE_CURVE('',#358,#359,#255,.T.);
#459=EDGE_CURVE('',#342,#360,#256,.T.);
#460=EDGE_CURVE('',#359,#360,#257,.T.);
#461=EDGE_CURVE('',#341,#361,#258,.T.);
#462=EDGE_CURVE('',#360,#361,#259,.T.);
#463=EDGE_CURVE('',#340,#362,#260,.T.);
#464=EDGE_CURVE('',#361,#362,#261,.T.);
#465=EDGE_CURVE('',#339,#363,#262,.T.);
#466=EDGE_CURVE('',#362,#363,#263,.T.);
#467=EDGE_CURVE('',#338,#364,#264,.T.);
#468=EDGE_CURVE('',#363,#364,#265,.T.);
#469=EDGE_CURVE('',#364,#365,#266,.T.);
#470=EDGE_CURVE('',#337,#365,#267,.T.);
#471=EDGE_CURVE('',#365,#366,#268,.T.);
#472=EDGE_CURVE('',#336,#366,#269,.T.);
#473=EDGE_CURVE('',#366,#354,#270,.T.);
#474=EDGE_CURVE('',#351,#367,#271,.T.);
#475=EDGE_CURVE('',#349,#367,#272,.T.);
#476=EDGE_CURVE('',#367,#368,#273,.T.);
#477=EDGE_CURVE('',#348,#368,#274,.T.);
#478=EDGE_CURVE('',#368,#356,#275,.T.);
#479=EDGE_CURVE('',#369,#370,#276,.T.);
#480=EDGE_CURVE('',#370,#368,#277,.T.);
#481=EDGE_CURVE('',#369,#356,#278,.T.);
#482=EDGE_CURVE('',#370,#371,#279,.T.);
#483=EDGE_CURVE('',#371,#367,#280,.T.);
#484=EDGE_CURVE('',#371,#352,#281,.T.);
#485=EDGE_CURVE('',#353,#372,#282,.T.);
#486=EDGE_CURVE('',#372,#366,#283,.T.);
#487=EDGE_CURVE('',#372,#373,#284,.T.);
#488=EDGE_CURVE('',#373,#365,#285,.T.);
#489=EDGE_CURVE('',#373,#374,#286,.T.);
#490=EDGE_CURVE('',#374,#364,#287,.T.);
#491=EDGE_CURVE('',#374,#375,#288,.T.);
#492=EDGE_CURVE('',#375,#363,#289,.T.);
#493=EDGE_CURVE('',#375,#376,#290,.T.);
#494=EDGE_CURVE('',#376,#362,#291,.T.);
#495=EDGE_CURVE('',#376,#377,#292,.T.);
#496=EDGE_CURVE('',#377,#361,#293,.T.);
#497=EDGE_CURVE('',#377,#378,#294,.T.);
#498=EDGE_CURVE('',#378,#360,#295,.T.);
#499=EDGE_CURVE('',#378,#379,#296,.T.);
#500=EDGE_CURVE('',#379,#359,#297,.T.);
#501=EDGE_CURVE('',#379,#380,#298,.T.);
#502=EDGE_CURVE('',#380,#358,#299,.T.);
#503=EDGE_CURVE('',#380,#381,#300,.T.);
#504=EDGE_CURVE('',#381,#357,#301,.T.);
#505=EDGE_CURVE('',#381,#382,#302,.T.);
#506=EDGE_CURVE('',#382,#355,#303,.T.);
#507=EDGE_CURVE('',#382,#369,#304,.T.);
#508=ORIENTED_EDGE('',*,*,#383,.T.);
#509=ORIENTED_EDGE('',*,*,#384,.T.);
#510=ORIENTED_EDGE('',*,*,#385,.T.);
#511=ORIENTED_EDGE('',*,*,#383,.F.);
#512=ORIENTED_EDGE('',*,*,#386,.T.);
#513=ORIENTED_EDGE('',*,*,#387,.F.);
#514=ORIENTED_EDGE('',*,*,#388,.F.);
#515=ORIENTED_EDGE('',*,*,#384,.F.);
#516=ORIENTED_EDGE('',*,*,#388,.T.);
#517=ORIENTED_EDGE('',*,*,#389,.F.);
#518=ORIENTED_EDGE('',*,*,#386,.F.);
#519=ORIENTED_EDGE('',*,*,#385,.F.);
#520=ORIENTED_EDGE('',*,*,#390,.T.);
#521=ORIENTED_EDGE('',*,*,#391,.F.);
#522=ORIENTED_EDGE('',*,*,#390,.F.);
#523=ORIENTED_EDGE('',*,*,#391,.T.);
#524=ORIENTED_EDGE('',*,*,#392,.F.);
#525=ORIENTED_EDGE('',*,*,#393,.T.);
#526=ORIENTED_EDGE('',*,*,#394,.F.);
#527=ORIENTED_EDGE('',*,*,#395,.F.);
#528=ORIENTED_EDGE('',*,*,#396,.F.);
#529=ORIENTED_EDGE('',*,*,#397,.F.);
#530=ORIENTED_EDGE('',*,*,#398,.F.);
#531=ORIENTED_EDGE('',*,*,#399,.F.);
#532=ORIENTED_EDGE('',*,*,#400,.F.);
#533=ORIENTED_EDGE('',*,*,#393,.F.);
#534=ORIENTED_EDGE('',*,*,#401,.F.);
#535=ORIENTED_EDGE('',*,*,#402,.T.);
#536=ORIENTED_EDGE('',*,*,#403,.F.);
#537=ORIENTED_EDGE('',*,*,#404,.F.);
#538=ORIENTED_EDGE('',*,*,#405,.F.);
#539=ORIENTED_EDGE('',*,*,#406,.F.);
#540=ORIENTED_EDGE('',*,*,#407,.F.);
#541=ORIENTED_EDGE('',*,*,#408,.F.);
#542=ORIENTED_EDGE('',*,*,#409,.F.);
#543=ORIENTED_EDGE('',*,*,#402,.F.);
#544=ORIENTED_EDGE('',*,*,#410,.F.);
#545=ORIENTED_EDGE('',*,*,#411,.T.);
#546=ORIENTED_EDGE('',*,*,#412,.F.);
#547=ORIENTED_EDGE('',*,*,#413,.F.);
#548=ORIENTED_EDGE('',*,*,#414,.F.);
#549=ORIENTED_EDGE('',*,*,#415,.F.);
#550=ORIENTED_EDGE('',*,*,#416,.F.);
#551=ORIENTED_EDGE('',*,*,#417,.F.);
#552=ORIENTED_EDGE('',*,*,#418,.F.);
#553=ORIENTED_EDGE('',*,*,#411,.F.);
#554=ORIENTED_EDGE('',*,*,#394,.T.);
#555=ORIENTED_EDGE('',*,*,#400,.T.);
#556=ORIENTED_EDGE('',*,*,#419,.F.);
#557=ORIENTED_EDGE('',*,*,#420,.F.);
#558=ORIENTED_EDGE('',*,*,#421,.F.);
#559=ORIENTED_EDGE('',*,*,#422,.F.);
#560=ORIENTED_EDGE('',*,*,#423,.F.);
#561=ORIENTED_EDGE('',*,*,#424,.F.);
#562=ORIENTED_EDGE('',*,*,#425,.F.);
#563=ORIENTED_EDGE('',*,*,#426,.F.);
#564=ORIENTED_EDGE('',*,*,#427,.F.);
#565=ORIENTED_EDGE('',*,*,#428,.F.);
#566=ORIENTED_EDGE('',*,*,#429,.F.);
#567=ORIENTED_EDGE('',*,*,#430,.F.);
#568=ORIENTED_EDGE('',*,*,#431,.F.);
#569=ORIENTED_EDGE('',*,*,#432,.F.);
#570=ORIENTED_EDGE('',*,*,#433,.F.);
#571=ORIENTED_EDGE('',*,*,#434,.F.);
#572=ORIENTED_EDGE('',*,*,#435,.F.);
#573=ORIENTED_EDGE('',*,*,#412,.T.);
#574=ORIENTED_EDGE('',*,*,#418,.T.);
#575=ORIENTED_EDGE('',*,*,#436,.F.);
#576=ORIENTED_EDGE('',*,*,#403,.T.);
#577=ORIENTED_EDGE('',*,*,#409,.T.);
#578=ORIENTED_EDGE('',*,*,#437,.F.);
#579=ORIENTED_EDGE('',*,*,#387,.T.);
#580=ORIENTED_EDGE('',*,*,#389,.T.);
#581=ORIENTED_EDGE('',*,*,#414,.T.);
#582=ORIENTED_EDGE('',*,*,#438,.T.);
#583=ORIENTED_EDGE('',*,*,#439,.F.);
#584=ORIENTED_EDGE('',*,*,#440,.T.);
#585=ORIENTED_EDGE('',*,*,#405,.T.);
#586=ORIENTED_EDGE('',*,*,#441,.T.);
#587=ORIENTED_EDGE('',*,*,#416,.T.);
#588=ORIENTED_EDGE('',*,*,#442,.T.);
#589=ORIENTED_EDGE('',*,*,#398,.T.);
#590=ORIENTED_EDGE('',*,*,#443,.T.);
#591=ORIENTED_EDGE('',*,*,#444,.T.);
#592=ORIENTED_EDGE('',*,*,#445,.T.);
#593=ORIENTED_EDGE('',*,*,#396,.T.);
#594=ORIENTED_EDGE('',*,*,#446,.T.);
#595=ORIENTED_EDGE('',*,*,#407,.T.);
#596=ORIENTED_EDGE('',*,*,#447,.T.);
#597=ORIENTED_EDGE('',*,*,#413,.T.);
#598=ORIENTED_EDGE('',*,*,#435,.T.);
#599=ORIENTED_EDGE('',*,*,#448,.T.);
#600=ORIENTED_EDGE('',*,*,#438,.F.);
#601=ORIENTED_EDGE('',*,*,#404,.T.);
#602=ORIENTED_EDGE('',*,*,#436,.T.);
#603=ORIENTED_EDGE('',*,*,#417,.T.);
#604=ORIENTED_EDGE('',*,*,#441,.F.);
#605=ORIENTED_EDGE('',*,*,#399,.T.);
#606=ORIENTED_EDGE('',*,*,#445,.F.);
#607=ORIENTED_EDGE('',*,*,#449,.F.);
#608=ORIENTED_EDGE('',*,*,#419,.T.);
#609=ORIENTED_EDGE('',*,*,#395,.T.);
#610=ORIENTED_EDGE('',*,*,#437,.T.);
#611=ORIENTED_EDGE('',*,*,#408,.T.);
#612=ORIENTED_EDGE('',*,*,#446,.F.);
#613=ORIENTED_EDGE('',*,*,#431,.T.);
#614=ORIENTED_EDGE('',*,*,#450,.T.);
#615=ORIENTED_EDGE('',*,*,#451,.F.);
#616=ORIENTED_EDGE('',*,*,#452,.F.);
#617=ORIENTED_EDGE('',*,*,#430,.T.);
#618=ORIENTED_EDGE('',*,*,#453,.T.);
#619=ORIENTED_EDGE('',*,*,#454,.F.);
#620=ORIENTED_EDGE('',*,*,#450,.F.);
#621=ORIENTED_EDGE('',*,*,#429,.T.);
#622=ORIENTED_EDGE('',*,*,#455,.T.);
#623=ORIENTED_EDGE('',*,*,#456,.F.);
#624=ORIENTED_EDGE('',*,*,#453,.F.);
#625=ORIENTED_EDGE('',*,*,#428,.T.);
#626=ORIENTED_EDGE('',*,*,#457,.T.);
#627=ORIENTED_EDGE('',*,*,#458,.F.);
#628=ORIENTED_EDGE('',*,*,#455,.F.);
#629=ORIENTED_EDGE('',*,*,#427,.T.);
#630=ORIENTED_EDGE('',*,*,#459,.T.);
#631=ORIENTED_EDGE('',*,*,#460,.F.);
#632=ORIENTED_EDGE('',*,*,#457,.F.);
#633=ORIENTED_EDGE('',*,*,#426,.T.);
#634=ORIENTED_EDGE('',*,*,#461,.T.);
#635=ORIENTED_EDGE('',*,*,#462,.F.);
#636=ORIENTED_EDGE('',*,*,#459,.F.);
#637=ORIENTED_EDGE('',*,*,#425,.T.);
#638=ORIENTED_EDGE('',*,*,#463,.T.);
#639=ORIENTED_EDGE('',*,*,#464,.F.);
#640=ORIENTED_EDGE('',*,*,#461,.F.);
#641=ORIENTED_EDGE('',*,*,#424,.T.);
#642=ORIENTED_EDGE('',*,*,#465,.T.);
#643=ORIENTED_EDGE('',*,*,#466,.F.);
#644=ORIENTED_EDGE('',*,*,#463,.F.);
#645=ORIENTED_EDGE('',*,*,#423,.T.);
#646=ORIENTED_EDGE('',*,*,#467,.T.);
#647=ORIENTED_EDGE('',*,*,#468,.F.);
#648=ORIENTED_EDGE('',*,*,#465,.F.);
#649=ORIENTED_EDGE('',*,*,#469,.F.);
#650=ORIENTED_EDGE('',*,*,#467,.F.);
#651=ORIENTED_EDGE('',*,*,#422,.T.);
#652=ORIENTED_EDGE('',*,*,#470,.T.);
#653=ORIENTED_EDGE('',*,*,#471,.F.);
#654=ORIENTED_EDGE('',*,*,#470,.F.);
#655=ORIENTED_EDGE('',*,*,#421,.T.);
#656=ORIENTED_EDGE('',*,*,#472,.T.);
#657=ORIENTED_EDGE('',*,*,#473,.F.);
#658=ORIENTED_EDGE('',*,*,#472,.F.);
#659=ORIENTED_EDGE('',*,*,#420,.T.);
#660=ORIENTED_EDGE('',*,*,#449,.T.);
#661=ORIENTED_EDGE('',*,*,#474,.F.);
#662=ORIENTED_EDGE('',*,*,#448,.F.);
#663=ORIENTED_EDGE('',*,*,#434,.T.);
#664=ORIENTED_EDGE('',*,*,#475,.T.);
#665=ORIENTED_EDGE('',*,*,#476,.F.);
#666=ORIENTED_EDGE('',*,*,#475,.F.);
#667=ORIENTED_EDGE('',*,*,#433,.T.);
#668=ORIENTED_EDGE('',*,*,#477,.T.);
#669=ORIENTED_EDGE('',*,*,#478,.F.);
#670=ORIENTED_EDGE('',*,*,#477,.F.);
#671=ORIENTED_EDGE('',*,*,#432,.T.);
#672=ORIENTED_EDGE('',*,*,#452,.T.);
#673=ORIENTED_EDGE('',*,*,#479,.T.);
#674=ORIENTED_EDGE('',*,*,#480,.T.);
#675=ORIENTED_EDGE('',*,*,#478,.T.);
#676=ORIENTED_EDGE('',*,*,#481,.F.);
#677=ORIENTED_EDGE('',*,*,#482,.T.);
#678=ORIENTED_EDGE('',*,*,#483,.T.);
#679=ORIENTED_EDGE('',*,*,#476,.T.);
#680=ORIENTED_EDGE('',*,*,#480,.F.);
#681=ORIENTED_EDGE('',*,*,#484,.T.);
#682=ORIENTED_EDGE('',*,*,#439,.T.);
#683=ORIENTED_EDGE('',*,*,#474,.T.);
#684=ORIENTED_EDGE('',*,*,#483,.F.);
#685=ORIENTED_EDGE('',*,*,#485,.T.);
#686=ORIENTED_EDGE('',*,*,#486,.T.);
#687=ORIENTED_EDGE('',*,*,#473,.T.);
#688=ORIENTED_EDGE('',*,*,#444,.F.);
#689=ORIENTED_EDGE('',*,*,#487,.T.);
#690=ORIENTED_EDGE('',*,*,#488,.T.);
#691=ORIENTED_EDGE('',*,*,#471,.T.);
#692=ORIENTED_EDGE('',*,*,#486,.F.);
#693=ORIENTED_EDGE('',*,*,#489,.T.);
#694=ORIENTED_EDGE('',*,*,#490,.T.);
#695=ORIENTED_EDGE('',*,*,#469,.T.);
#696=ORIENTED_EDGE('',*,*,#488,.F.);
#697=ORIENTED_EDGE('',*,*,#468,.T.);
#698=ORIENTED_EDGE('',*,*,#490,.F.);
#699=ORIENTED_EDGE('',*,*,#491,.T.);
#700=ORIENTED_EDGE('',*,*,#492,.T.);
#701=ORIENTED_EDGE('',*,*,#466,.T.);
#702=ORIENTED_EDGE('',*,*,#492,.F.);
#703=ORIENTED_EDGE('',*,*,#493,.T.);
#704=ORIENTED_EDGE('',*,*,#494,.T.);
#705=ORIENTED_EDGE('',*,*,#464,.T.);
#706=ORIENTED_EDGE('',*,*,#494,.F.);
#707=ORIENTED_EDGE('',*,*,#495,.T.);
#708=ORIENTED_EDGE('',*,*,#496,.T.);
#709=ORIENTED_EDGE('',*,*,#462,.T.);
#710=ORIENTED_EDGE('',*,*,#496,.F.);
#711=ORIENTED_EDGE('',*,*,#497,.T.);
#712=ORIENTED_EDGE('',*,*,#498,.T.);
#713=ORIENTED_EDGE('',*,*,#460,.T.);
#714=ORIENTED_EDGE('',*,*,#498,.F.);
#715=ORIENTED_EDGE('',*,*,#499,.T.);
#716=ORIENTED_EDGE('',*,*,#500,.T.);
#717=ORIENTED_EDGE('',*,*,#458,.T.);
#718=ORIENTED_EDGE('',*,*,#500,.F.);
#719=ORIENTED_EDGE('',*,*,#501,.T.);
#720=ORIENTED_EDGE('',*,*,#502,.T.);
#721=ORIENTED_EDGE('',*,*,#456,.T.);
#722=ORIENTED_EDGE('',*,*,#502,.F.);
#723=ORIENTED_EDGE('',*,*,#503,.T.);
#724=ORIENTED_EDGE('',*,*,#504,.T.);
#725=ORIENTED_EDGE('',*,*,#454,.T.);
#726=ORIENTED_EDGE('',*,*,#504,.F.);
#727=ORIENTED_EDGE('',*,*,#505,.T.);
#728=ORIENTED_EDGE('',*,*,#506,.T.);
#729=ORIENTED_EDGE('',*,*,#451,.T.);
#730=ORIENTED_EDGE('',*,*,#506,.F.);
#731=ORIENTED_EDGE('',*,*,#507,.T.);
#732=ORIENTED_EDGE('',*,*,#481,.T.);
#733=ORIENTED_EDGE('',*,*,#392,.T.);
#734=ORIENTED_EDGE('',*,*,#447,.F.);
#735=ORIENTED_EDGE('',*,*,#406,.T.);
#736=ORIENTED_EDGE('',*,*,#401,.T.);
#737=ORIENTED_EDGE('',*,*,#442,.F.);
#738=ORIENTED_EDGE('',*,*,#415,.T.);
#739=ORIENTED_EDGE('',*,*,#410,.T.);
#740=ORIENTED_EDGE('',*,*,#440,.F.);
#741=ORIENTED_EDGE('',*,*,#484,.F.);
#742=ORIENTED_EDGE('',*,*,#482,.F.);
#743=ORIENTED_EDGE('',*,*,#479,.F.);
#744=ORIENTED_EDGE('',*,*,#507,.F.);
#745=ORIENTED_EDGE('',*,*,#505,.F.);
#746=ORIENTED_EDGE('',*,*,#503,.F.);
#747=ORIENTED_EDGE('',*,*,#501,.F.);
#748=ORIENTED_EDGE('',*,*,#499,.F.);
#749=ORIENTED_EDGE('',*,*,#497,.F.);
#750=ORIENTED_EDGE('',*,*,#495,.F.);
#751=ORIENTED_EDGE('',*,*,#493,.F.);
#752=ORIENTED_EDGE('',*,*,#491,.F.);
#753=ORIENTED_EDGE('',*,*,#489,.F.);
#754=ORIENTED_EDGE('',*,*,#487,.F.);
#755=ORIENTED_EDGE('',*,*,#485,.F.);
#756=ORIENTED_EDGE('',*,*,#443,.F.);
#757=ORIENTED_EDGE('',*,*,#397,.T.);
#758=PLANE('',#833);
#759=PLANE('',#834);
#760=PLANE('',#835);
#761=PLANE('',#836);
#762=PLANE('',#837);
#763=PLANE('',#838);
#764=PLANE('',#839);
#765=PLANE('',#840);
#766=PLANE('',#841);
#767=PLANE('',#842);
#768=ADVANCED_FACE('',(#94,#92),#758,.T.);
#769=ADVANCED_FACE('',(#95),#51,.F.);
#770=ADVANCED_FACE('',(#96),#52,.F.);
#771=ADVANCED_FACE('',(#97),#53,.F.);
#772=ADVANCED_FACE('',(#98),#759,.T.);
#773=ADVANCED_FACE('',(#99),#760,.F.);
#774=ADVANCED_FACE('',(#100),#761,.F.);
#775=ADVANCED_FACE('',(#101),#762,.F.);
#776=ADVANCED_FACE('',(#102),#763,.F.);
#777=ADVANCED_FACE('',(#103),#764,.F.);
#778=ADVANCED_FACE('',(#104),#765,.F.);
#779=ADVANCED_FACE('',(#105,#93),#766,.T.);
#780=ADVANCED_FACE('',(#106),#54,.T.);
#781=ADVANCED_FACE('',(#107),#55,.T.);
#782=ADVANCED_FACE('',(#108),#56,.T.);
#783=ADVANCED_FACE('',(#109),#57,.T.);
#784=ADVANCED_FACE('',(#110),#58,.T.);
#785=ADVANCED_FACE('',(#111),#59,.T.);
#786=ADVANCED_FACE('',(#112),#60,.T.);
#787=ADVANCED_FACE('',(#113),#61,.T.);
#788=ADVANCED_FACE('',(#114),#62,.T.);
#789=ADVANCED_FACE('',(#115),#63,.T.);
#790=ADVANCED_FACE('',(#116),#64,.T.);
#791=ADVANCED_FACE('',(#117),#65,.T.);
#792=ADVANCED_FACE('',(#118),#66,.T.);
#793=ADVANCED_FACE('',(#119),#67,.T.);
#794=ADVANCED_FACE('',(#120),#68,.T.);
#795=ADVANCED_FACE('',(#121),#69,.T.);
#796=ADVANCED_FACE('',(#122),#70,.T.);
#797=ADVANCED_FACE('',(#123),#71,.T.);
#798=ADVANCED_FACE('',(#124),#72,.T.);
#799=ADVANCED_FACE('',(#125),#73,.T.);
#800=ADVANCED_FACE('',(#126),#74,.T.);
#801=ADVANCED_FACE('',(#127),#75,.T.);
#802=ADVANCED_FACE('',(#128),#76,.T.);
#803=ADVANCED_FACE('',(#129),#77,.T.);
#804=ADVANCED_FACE('',(#130),#78,.T.);
#805=ADVANCED_FACE('',(#131),#79,.T.);
#806=ADVANCED_FACE('',(#132),#80,.T.);
#807=ADVANCED_FACE('',(#133),#81,.T.);
#808=ADVANCED_FACE('',(#134),#82,.T.);
#809=ADVANCED_FACE('',(#135),#83,.T.);
#810=ADVANCED_FACE('',(#136),#84,.T.);
#811=ADVANCED_FACE('',(#137),#85,.T.);
#812=ADVANCED_FACE('',(#138),#86,.T.);
#813=ADVANCED_FACE('',(#139),#87,.T.);
#814=ADVANCED_FACE('',(#140),#88,.T.);
#815=ADVANCED_FACE('',(#141),#89,.T.);
#816=ADVANCED_FACE('',(#142),#90,.T.);
#817=ADVANCED_FACE('',(#143),#91,.T.);
#818=ADVANCED_FACE('',(#144),#767,.F.);
#819=CLOSED_SHELL('',(#768,#769,#770,#771,#772,#773,#774,#775,#776,#777,
#778,#779,#780,#781,#782,#783,#784,#785,#786,#787,#788,#789,#790,#791,#792,
#793,#794,#795,#796,#797,#798,#799,#800,#801,#802,#803,#804,#805,#806,#807,
#808,#809,#810,#811,#812,#813,#814,#815,#816,#817,#818));
#820=DERIVED_UNIT_ELEMENT(#822,1.);
#821=DERIVED_UNIT_ELEMENT(#4907,-3.);
#822=(
MASS_UNIT()
NAMED_UNIT(*)
SI_UNIT(.KILO.,.GRAM.)
);
#823=DERIVED_UNIT((#820,#821));
#824=MEASURE_REPRESENTATION_ITEM('density measure',
POSITIVE_RATIO_MEASURE(7850.),#823);
#825=PROPERTY_DEFINITION_REPRESENTATION(#830,#827);
#826=PROPERTY_DEFINITION_REPRESENTATION(#831,#828);
#827=REPRESENTATION('material name',(#829),#4904);
#828=REPRESENTATION('density',(#824),#4904);
#829=DESCRIPTIVE_REPRESENTATION_ITEM('Steel','Steel');
#830=PROPERTY_DEFINITION('material property','material name',#4914);
#831=PROPERTY_DEFINITION('material property','density of part',#4914);
#832=AXIS2_PLACEMENT_3D('',#883,#843,#844);
#833=AXIS2_PLACEMENT_3D('',#884,#845,#846);
#834=AXIS2_PLACEMENT_3D('',#990,#850,#851);
#835=AXIS2_PLACEMENT_3D('',#991,#852,#853);
#836=AXIS2_PLACEMENT_3D('',#1113,#857,#858);
#837=AXIS2_PLACEMENT_3D('',#1186,#861,#862);
#838=AXIS2_PLACEMENT_3D('',#1308,#866,#867);
#839=AXIS2_PLACEMENT_3D('',#1421,#870,#871);
#840=AXIS2_PLACEMENT_3D('',#1543,#875,#876);
#841=AXIS2_PLACEMENT_3D('',#1656,#879,#880);
#842=AXIS2_PLACEMENT_3D('',#4901,#881,#882);
#843=DIRECTION('axis',(0.,0.,1.));
#844=DIRECTION('refdir',(1.,0.,0.));
#845=DIRECTION('center_axis',(0.,0.,1.));
#846=DIRECTION('ref_axis',(1.,0.,0.));
#847=DIRECTION('',(0.,0.,1.));
#848=DIRECTION('',(0.,0.,1.));
#849=DIRECTION('',(0.,0.,1.));
#850=DIRECTION('center_axis',(0.,0.,1.));
#851=DIRECTION('ref_axis',(1.,0.,0.));
#852=DIRECTION('center_axis',(0.447213595499958,-0.894427190999916,0.));
#853=DIRECTION('ref_axis',(0.894427190999916,0.447213595499958,0.));
#854=DIRECTION('',(0.894427190999916,0.447213595499958,0.));
#855=DIRECTION('',(0.,0.,1.));
#856=DIRECTION('',(-0.894427190999916,-0.447213595499958,0.));
#857=DIRECTION('center_axis',(-0.554700196225229,0.832050294337844,0.));
#858=DIRECTION('ref_axis',(-0.832050294337844,-0.554700196225229,0.));
#859=DIRECTION('',(-0.832050294337844,-0.554700196225229,0.));
#860=DIRECTION('',(0.832050294337844,0.554700196225229,0.));
#861=DIRECTION('center_axis',(0.384615384615385,-0.923076923076923,0.));
#862=DIRECTION('ref_axis',(0.923076923076923,0.384615384615385,0.));
#863=DIRECTION('',(0.923076923076923,0.384615384615385,0.));
#864=DIRECTION('',(0.,0.,1.));
#865=DIRECTION('',(-0.923076923076923,-0.384615384615385,0.));
#866=DIRECTION('center_axis',(-0.503871025524086,0.863778900898433,0.));
#867=DIRECTION('ref_axis',(-0.863778900898433,-0.503871025524086,0.));
#868=DIRECTION('',(-0.863778900898433,-0.503871025524086,0.));
#869=DIRECTION('',(0.863778900898433,0.503871025524086,0.));
#870=DIRECTION('center_axis',(0.384615384615385,-0.923076923076923,0.));
#871=DIRECTION('ref_axis',(0.923076923076923,0.384615384615385,0.));
#872=DIRECTION('',(0.923076923076923,0.384615384615385,0.));
#873=DIRECTION('',(0.,0.,1.));
#874=DIRECTION('',(-0.923076923076923,-0.384615384615385,0.));
#875=DIRECTION('center_axis',(-0.503871025524086,0.863778900898433,0.));
#876=DIRECTION('ref_axis',(-0.863778900898433,-0.503871025524086,0.));
#877=DIRECTION('',(-0.863778900898433,-0.503871025524086,0.));
#878=DIRECTION('',(0.863778900898433,0.503871025524086,0.));
#879=DIRECTION('center_axis',(0.,0.,1.));
#880=DIRECTION('ref_axis',(1.,0.,0.));
#881=DIRECTION('center_axis',(0.,0.,1.));
#882=DIRECTION('ref_axis',(1.,0.,0.));
#883=CARTESIAN_POINT('',(0.,0.,0.));
#884=CARTESIAN_POINT('Origin',(-1.9499999564141,6.49999985471368,5.3));
#885=CARTESIAN_POINT('',(-1.6689071059227,-9.57704901695251,5.3));
#886=CARTESIAN_POINT('',(-6.43520772457123,-9.58327412605286,5.3));
#887=CARTESIAN_POINT('Ctrl Pts',(-1.6689071059227,-9.57704901695251,5.3));
#888=CARTESIAN_POINT('Ctrl Pts',(-1.81834424148613,-9.33535366505459,5.3));
#889=CARTESIAN_POINT('Ctrl Pts',(-2.34656666521869,-8.52427106489599,5.3));
#890=CARTESIAN_POINT('Ctrl Pts',(-3.90228390226933,-7.67817055641747,5.3));
#891=CARTESIAN_POINT('Ctrl Pts',(-5.62598379784317,-8.40574782134778,5.3));
#892=CARTESIAN_POINT('Ctrl Pts',(-6.23703789781989,-9.27019047951341,5.3));
#893=CARTESIAN_POINT('Ctrl Pts',(-6.43520772457123,-9.58327412605286,5.3));
#894=CARTESIAN_POINT('Ctrl Pts',(-6.43520772457122,-9.58327412605285,5.3));
#895=CARTESIAN_POINT('Ctrl Pts',(-6.2868540711011,-9.8235959745015,5.3));
#896=CARTESIAN_POINT('Ctrl Pts',(-5.675201308013,-10.8173166216486,5.3));
#897=CARTESIAN_POINT('Ctrl Pts',(-3.49336582632557,-11.668209606081,5.3));
#898=CARTESIAN_POINT('Ctrl Pts',(-2.12575951769458,-10.3118480372888,5.3));
#899=CARTESIAN_POINT('Ctrl Pts',(-1.66890710592271,-9.57704901695252,5.3));
#900=CARTESIAN_POINT('',(-3.5203790664673,-9.58356380462647,5.3));
#901=CARTESIAN_POINT('Ctrl Pts',(-3.5203790664673,-9.58356380462647,5.3));
#902=CARTESIAN_POINT('Ctrl Pts',(-3.52053725489279,-9.72173597622142,5.3));
#903=CARTESIAN_POINT('Ctrl Pts',(-3.63488927982751,-9.99742259653674,5.3));
#904=CARTESIAN_POINT('Ctrl Pts',(-4.04681013049188,-10.173601049589,5.3));
#905=CARTESIAN_POINT('Ctrl Pts',(-4.46357603190799,-10.0052919406867,5.3));
#906=CARTESIAN_POINT('Ctrl Pts',(-4.63415526331731,-9.58978813241177,5.3));
#907=CARTESIAN_POINT('Ctrl Pts',(-4.46262631254532,-9.17625924083372,5.3));
#908=CARTESIAN_POINT('Ctrl Pts',(-4.0507064924761,-9.00007892223923,5.3));
#909=CARTESIAN_POINT('Ctrl Pts',(-3.63394014927458,-9.16838956696707,5.3));
#910=CARTESIAN_POINT('Ctrl Pts',(-3.52022087804181,-9.44539163303152,5.3));
#911=CARTESIAN_POINT('Ctrl Pts',(-3.5203790664673,-9.58356380462647,5.3));
#912=CARTESIAN_POINT('Ctrl Pts',(-1.6689071059227,-9.57704901695251,5.3));
#913=CARTESIAN_POINT('Ctrl Pts',(-1.6689071059227,-9.57704901695251,5.5));
#914=CARTESIAN_POINT('Ctrl Pts',(-1.81834424148613,-9.33535366505459,5.3));
#915=CARTESIAN_POINT('Ctrl Pts',(-1.81834424148613,-9.33535366505459,5.5));
#916=CARTESIAN_POINT('Ctrl Pts',(-2.34656666521869,-8.52427106489599,5.3));
#917=CARTESIAN_POINT('Ctrl Pts',(-2.34656666521869,-8.52427106489599,5.5));
#918=CARTESIAN_POINT('Ctrl Pts',(-3.90228390226933,-7.67817055641747,5.3));
#919=CARTESIAN_POINT('Ctrl Pts',(-3.90228390226933,-7.67817055641747,5.5));
#920=CARTESIAN_POINT('Ctrl Pts',(-5.62598379784317,-8.40574782134778,5.3));
#921=CARTESIAN_POINT('Ctrl Pts',(-5.62598379784317,-8.40574782134778,5.5));
#922=CARTESIAN_POINT('Ctrl Pts',(-6.23703789781989,-9.27019047951341,5.3));
#923=CARTESIAN_POINT('Ctrl Pts',(-6.23703789781989,-9.27019047951341,5.5));
#924=CARTESIAN_POINT('Ctrl Pts',(-6.43520772457123,-9.58327412605286,5.3));
#925=CARTESIAN_POINT('Ctrl Pts',(-6.43520772457123,-9.58327412605286,5.5));
#926=CARTESIAN_POINT('',(-1.6689071059227,-9.57704901695251,5.5));
#927=CARTESIAN_POINT('',(-1.6689071059227,-9.57704901695251,5.5));
#928=CARTESIAN_POINT('',(-6.43520772457123,-9.58327412605286,5.5));
#929=CARTESIAN_POINT('Ctrl Pts',(-6.43520772457123,-9.58327412605286,5.5));
#930=CARTESIAN_POINT('Ctrl Pts',(-6.23703789781989,-9.27019047951341,5.5));
#931=CARTESIAN_POINT('Ctrl Pts',(-5.62598379784317,-8.40574782134778,5.5));
#932=CARTESIAN_POINT('Ctrl Pts',(-3.90228390226933,-7.67817055641747,5.5));
#933=CARTESIAN_POINT('Ctrl Pts',(-2.34656666521869,-8.52427106489599,5.5));
#934=CARTESIAN_POINT('Ctrl Pts',(-1.81834424148613,-9.33535366505459,5.5));
#935=CARTESIAN_POINT('Ctrl Pts',(-1.6689071059227,-9.57704901695251,5.5));
#936=CARTESIAN_POINT('',(-6.43520772457123,-9.58327412605286,5.5));
#937=CARTESIAN_POINT('Ctrl Pts',(-6.43520772457122,-9.58327412605285,5.3));
#938=CARTESIAN_POINT('Ctrl Pts',(-6.43520772457122,-9.58327412605285,5.5));
#939=CARTESIAN_POINT('Ctrl Pts',(-6.2868540711011,-9.8235959745015,5.3));
#940=CARTESIAN_POINT('Ctrl Pts',(-6.2868540711011,-9.8235959745015,5.5));
#941=CARTESIAN_POINT('Ctrl Pts',(-5.675201308013,-10.8173166216486,5.3));
#942=CARTESIAN_POINT('Ctrl Pts',(-5.675201308013,-10.8173166216486,5.5));
#943=CARTESIAN_POINT('Ctrl Pts',(-3.49336582632557,-11.668209606081,5.3));
#944=CARTESIAN_POINT('Ctrl Pts',(-3.49336582632557,-11.668209606081,5.5));
#945=CARTESIAN_POINT('Ctrl Pts',(-2.12575951769458,-10.3118480372888,5.3));
#946=CARTESIAN_POINT('Ctrl Pts',(-2.12575951769458,-10.3118480372888,5.5));
#947=CARTESIAN_POINT('Ctrl Pts',(-1.66890710592271,-9.57704901695252,5.3));
#948=CARTESIAN_POINT('Ctrl Pts',(-1.66890710592271,-9.57704901695252,5.5));
#949=CARTESIAN_POINT('Ctrl Pts',(-1.66890710592271,-9.57704901695252,5.5));
#950=CARTESIAN_POINT('Ctrl Pts',(-2.12575951769458,-10.3118480372888,5.5));
#951=CARTESIAN_POINT('Ctrl Pts',(-3.49336582632557,-11.668209606081,5.5));
#952=CARTESIAN_POINT('Ctrl Pts',(-5.675201308013,-10.8173166216486,5.5));
#953=CARTESIAN_POINT('Ctrl Pts',(-6.2868540711011,-9.8235959745015,5.5));
#954=CARTESIAN_POINT('Ctrl Pts',(-6.43520772457122,-9.58327412605285,5.5));
#955=CARTESIAN_POINT('Ctrl Pts',(-3.5203790664673,-9.58356380462647,5.3));
#956=CARTESIAN_POINT('Ctrl Pts',(-3.5203790664673,-9.58356380462647,5.5));
#957=CARTESIAN_POINT('Ctrl Pts',(-3.52053725489279,-9.72173597622142,5.3));
#958=CARTESIAN_POINT('Ctrl Pts',(-3.52053725489279,-9.72173597622142,5.5));
#959=CARTESIAN_POINT('Ctrl Pts',(-3.63488927982751,-9.99742259653674,5.3));
#960=CARTESIAN_POINT('Ctrl Pts',(-3.63488927982751,-9.99742259653674,5.5));
#961=CARTESIAN_POINT('Ctrl Pts',(-4.04681013049188,-10.173601049589,5.3));
#962=CARTESIAN_POINT('Ctrl Pts',(-4.04681013049188,-10.173601049589,5.5));
#963=CARTESIAN_POINT('Ctrl Pts',(-4.46357603190799,-10.0052919406867,5.3));
#964=CARTESIAN_POINT('Ctrl Pts',(-4.46357603190799,-10.0052919406867,5.5));
#965=CARTESIAN_POINT('Ctrl Pts',(-4.63415526331731,-9.58978813241177,5.3));
#966=CARTESIAN_POINT('Ctrl Pts',(-4.63415526331731,-9.58978813241177,5.5));
#967=CARTESIAN_POINT('Ctrl Pts',(-4.46262631254532,-9.17625924083372,5.3));
#968=CARTESIAN_POINT('Ctrl Pts',(-4.46262631254532,-9.17625924083372,5.5));
#969=CARTESIAN_POINT('Ctrl Pts',(-4.0507064924761,-9.00007892223923,5.3));
#970=CARTESIAN_POINT('Ctrl Pts',(-4.0507064924761,-9.00007892223923,5.5));
#971=CARTESIAN_POINT('Ctrl Pts',(-3.63394014927458,-9.16838956696707,5.3));
#972=CARTESIAN_POINT('Ctrl Pts',(-3.63394014927458,-9.16838956696707,5.5));
#973=CARTESIAN_POINT('Ctrl Pts',(-3.52022087804181,-9.44539163303152,5.3));
#974=CARTESIAN_POINT('Ctrl Pts',(-3.52022087804181,-9.44539163303152,5.5));
#975=CARTESIAN_POINT('Ctrl Pts',(-3.5203790664673,-9.58356380462647,5.3));
#976=CARTESIAN_POINT('Ctrl Pts',(-3.5203790664673,-9.58356380462647,5.5));
#977=CARTESIAN_POINT('',(-3.5203790664673,-9.58356380462647,5.5));
#978=CARTESIAN_POINT('',(-3.5203790664673,-9.58356380462647,5.5));
#979=CARTESIAN_POINT('Ctrl Pts',(-3.5203790664673,-9.58356380462647,5.5));
#980=CARTESIAN_POINT('Ctrl Pts',(-3.52022087804181,-9.44539163303152,5.5));
#981=CARTESIAN_POINT('Ctrl Pts',(-3.63394014927458,-9.16838956696707,5.5));
#982=CARTESIAN_POINT('Ctrl Pts',(-4.0507064924761,-9.00007892223923,5.5));
#983=CARTESIAN_POINT('Ctrl Pts',(-4.46262631254532,-9.17625924083372,5.5));
#984=CARTESIAN_POINT('Ctrl Pts',(-4.63415526331731,-9.58978813241177,5.5));
#985=CARTESIAN_POINT('Ctrl Pts',(-4.46357603190799,-10.0052919406867,5.5));
#986=CARTESIAN_POINT('Ctrl Pts',(-4.04681013049188,-10.173601049589,5.5));
#987=CARTESIAN_POINT('Ctrl Pts',(-3.63488927982751,-9.99742259653674,5.5));
#988=CARTESIAN_POINT('Ctrl Pts',(-3.52053725489279,-9.72173597622142,5.5));
#989=CARTESIAN_POINT('Ctrl Pts',(-3.5203790664673,-9.58356380462647,5.5));
#990=CARTESIAN_POINT('Origin',(-1.9499999564141,6.49999985471368,5.5));
#991=CARTESIAN_POINT('Origin',(3.50000007450581,6.00000008940697,0.));
#992=CARTESIAN_POINT('',(3.50000007450581,6.00000008940697,5.));
#993=CARTESIAN_POINT('',(8.6499998010695,8.57499995268881,5.));
#994=CARTESIAN_POINT('',(1.42000001519918,4.96000005975366,5.));
#995=CARTESIAN_POINT('',(3.50000007450581,6.00000008940697,5.5));
#996=CARTESIAN_POINT('',(3.50000007450581,6.00000008940697,0.));
#997=CARTESIAN_POINT('',(8.6499998010695,8.57499995268881,5.5));
#998=CARTESIAN_POINT('',(1.42000001519918,4.96000005975366,5.5));
#999=CARTESIAN_POINT('',(8.8999998010695,8.69999995268881,5.25));
#1000=CARTESIAN_POINT('Ctrl Pts',(8.8999998010695,8.69999995268881,5.25));
#1001=CARTESIAN_POINT('Ctrl Pts',(8.8999998010695,8.69999995268881,5.26122970833699));
#1002=CARTESIAN_POINT('Ctrl Pts',(8.89981138205864,8.69990701241397,5.2721629363081));
#1003=CARTESIAN_POINT('Ctrl Pts',(8.89940408435526,8.69970536091762,5.28273878150823));
#1004=CARTESIAN_POINT('Ctrl Pts',(8.89902584483567,8.69951809601417,5.29256010525859));
#1005=CARTESIAN_POINT('Ctrl Pts',(8.8984587975108,8.69923707830802,5.3020730166741));
#1006=CARTESIAN_POINT('Ctrl Pts',(8.89768309221586,8.6988496772397,5.31127227214214));
#1007=CARTESIAN_POINT('Ctrl Pts',(8.89705182362446,8.69853441043889,5.31875862176375));
#1008=CARTESIAN_POINT('Ctrl Pts',(8.89628242499808,8.6981486891663,5.32603785491917));
#1009=CARTESIAN_POINT('Ctrl Pts',(8.89536702626322,8.6976857061223,5.33313265944656));
#1010=CARTESIAN_POINT('Ctrl Pts',(8.89458716595874,8.69729127462058,5.33917697238723));
#1011=CARTESIAN_POINT('Ctrl Pts',(8.89370160227398,8.69684076703516,5.34508865948497));
#1012=CARTESIAN_POINT('Ctrl Pts',(8.89269614356588,8.6963299742162,5.35085226993854));
#1013=CARTESIAN_POINT('Ctrl Pts',(8.89093998653283,8.69543781186858,5.36091912296013));
#1014=CARTESIAN_POINT('Ctrl Pts',(8.88885366300758,8.69437774745247,5.3703204592145));
#1015=CARTESIAN_POINT('Ctrl Pts',(8.88641041796306,8.69314293891146,5.37906292548035));
#1016=CARTESIAN_POINT('Ctrl Pts',(8.88381757392036,8.69183252349627,5.38834068974998));
#1017=CARTESIAN_POINT('Ctrl Pts',(8.88082248937822,8.69032530979119,5.39687669859612));
#1018=CARTESIAN_POINT('Ctrl Pts',(8.87740682289707,8.68861312040543,5.40473711784617));
#1019=CARTESIAN_POINT('Ctrl Pts',(8.8759533263641,8.68788451843281,5.40808202642863));
#1020=CARTESIAN_POINT('Ctrl Pts',(8.87442385623283,8.68711879889996,5.41130526030388));
#1021=CARTESIAN_POINT('Ctrl Pts',(8.87281786862133,8.68631533167655,5.41441455158906));
#1022=CARTESIAN_POINT('Ctrl Pts',(8.86957330136479,8.6846920916054,5.42069623435095));
#1023=CARTESIAN_POINT('Ctrl Pts',(8.86597960609693,8.68289703132032,5.42658043169084));
#1024=CARTESIAN_POINT('Ctrl Pts',(8.86202275541102,8.68091394968258,5.43211510544158));
#1025=CARTESIAN_POINT('Ctrl Pts',(8.85698142063648,8.67838734981449,5.43916670921947));
#1026=CARTESIAN_POINT('Ctrl Pts',(8.85135009987466,8.67555553982996,5.44565147298102));
#1027=CARTESIAN_POINT('Ctrl Pts',(8.84502462953613,8.67238501291236,5.45154613674145));
#1028=CARTESIAN_POINT('Ctrl Pts',(8.8438695378974,8.67180604424491,5.4526225589612));
#1029=CARTESIAN_POINT('Ctrl Pts',(8.8426913708813,8.67121578063192,5.45367942371993));
#1030=CARTESIAN_POINT('Ctrl Pts',(8.84148960284713,8.67061401803869,5.45471674552547));
#1031=CARTESIAN_POINT('Ctrl Pts',(8.8351186170319,8.66742386749666,5.46021594530529));
#1032=CARTESIAN_POINT('Ctrl Pts',(8.82808947321723,8.66391375344371,5.46515618713323));
#1033=CARTESIAN_POINT('Ctrl Pts',(8.82035088814476,8.6600505193614,5.46956386203201));
#1034=CARTESIAN_POINT('Ctrl Pts',(8.81291781154589,8.65633980033664,5.4737975281142));
#1035=CARTESIAN_POINT('Ctrl Pts',(8.80482967374738,8.65230329228988,5.47754049221348));
#1036=CARTESIAN_POINT('Ctrl Pts',(8.79608439936754,8.64791161263196,5.4808380369441));
#1037=CARTESIAN_POINT('Ctrl Pts',(8.79447285927075,8.64710233352262,5.48144569375663));
#1038=CARTESIAN_POINT('Ctrl Pts',(8.79283913890536,8.64628099368324,5.48203827241222));
#1039=CARTESIAN_POINT('Ctrl Pts',(8.79118341378138,8.64544740925133,5.48261611563533));
#1040=CARTESIAN_POINT('Ctrl Pts',(8.78957108659497,8.64463567376319,5.48317881310522));
#1041=CARTESIAN_POINT('Ctrl Pts',(8.7879378893879,8.64381232715238,5.48372753654853));
#1042=CARTESIAN_POINT('Ctrl Pts',(8.78628257967175,8.64297719963836,5.48426220291174));
#1043=CARTESIAN_POINT('Ctrl Pts',(8.77792913413058,8.63876276644788,5.48696037250756));
#1044=CARTESIAN_POINT('Ctrl Pts',(8.76897639881907,8.63423074476714,5.48930973719304));
#1045=CARTESIAN_POINT('Ctrl Pts',(8.75927154349456,8.62934738770345,5.49130445275216));
#1046=CARTESIAN_POINT('Ctrl Pts',(8.75050662195268,8.62493699310271,5.49310597629779));
#1047=CARTESIAN_POINT('Ctrl Pts',(8.74112835174459,8.62024002249669,5.49461835915924));
#1048=CARTESIAN_POINT('Ctrl Pts',(8.7310709772399,8.61523161533769,5.49584653372246));
#1049=CARTESIAN_POINT('Ctrl Pts',(8.72122147023444,8.61032672277594,5.49704932416829));
#1050=CARTESIAN_POINT('Ctrl Pts',(8.71072040443092,8.60512313426946,5.49797955883099));
#1051=CARTESIAN_POINT('Ctrl Pts',(8.6995547896914,8.59959749909664,5.49865021612766));
#1052=CARTESIAN_POINT('Ctrl Pts',(8.68855854523198,8.59415568182357,5.49931070027966));
#1053=CARTESIAN_POINT('Ctrl Pts',(8.6769176677418,8.58840151398062,5.49971945639523));
#1054=CARTESIAN_POINT('Ctrl Pts',(8.66466999841519,8.58231269142441,5.49989662999997));
#1055=CARTESIAN_POINT('Ctrl Pts',(8.65987105352544,8.5799269376037,5.49996605107449));
#1056=CARTESIAN_POINT('Ctrl Pts',(8.65497950622341,8.57748980526577,5.5));
#1057=CARTESIAN_POINT('Ctrl Pts',(8.6499998010695,8.57499995268881,5.5));
#1058=CARTESIAN_POINT('Ctrl Pts',(8.6499998010695,8.57499995268881,5.));
#1059=CARTESIAN_POINT('Ctrl Pts',(8.66106915898501,8.58053463164657,5.));
#1060=CARTESIAN_POINT('Ctrl Pts',(8.67187830710823,8.58592757871847,5.00018309804228));
#1061=CARTESIAN_POINT('Ctrl Pts',(8.68235719169808,8.59116619065767,5.00058117204981));
#1062=CARTESIAN_POINT('Ctrl Pts',(8.69206719748654,8.59602042412278,5.00095003773243));
#1063=CARTESIAN_POINT('Ctrl Pts',(8.7014934190517,8.60074213995708,5.00150353768202));
#1064=CARTESIAN_POINT('Ctrl Pts',(8.7106233496349,8.60532131058977,5.00226253785538));
#1065=CARTESIAN_POINT('Ctrl Pts',(8.71832987281273,8.60918656282738,5.00290320564302));
#1066=CARTESIAN_POINT('Ctrl Pts',(8.72582576199144,8.61295025227344,5.00369025042656));
#1067=CARTESIAN_POINT('Ctrl Pts',(8.73313240711874,8.61660634821332,5.00463301360087));
#1068=CARTESIAN_POINT('Ctrl Pts',(8.74358762043997,8.62183792334915,5.0059820308211));
#1069=CARTESIAN_POINT('Ctrl Pts',(8.75365732502892,8.62684919781032,5.00764850098246));
#1070=CARTESIAN_POINT('Ctrl Pts',(8.76326258106958,8.63162250253755,5.00970989542195));
#1071=CARTESIAN_POINT('Ctrl Pts',(8.7729089817318,8.63641625396768,5.01178011995341));
#1072=CARTESIAN_POINT('Ctrl Pts',(8.7818731345682,8.64087319938,5.01420479547776));
#1073=CARTESIAN_POINT('Ctrl Pts',(8.79018134681823,8.64502052027066,5.01700846398523));
#1074=CARTESIAN_POINT('Ctrl Pts',(8.79910602906271,8.64947557269364,5.02002016491378));
#1075=CARTESIAN_POINT('Ctrl Pts',(8.80727415237819,8.65357334758312,5.02346952815313));
#1076=CARTESIAN_POINT('Ctrl Pts',(8.81477796210129,8.65734753710238,5.02737092162765));
#1077=CARTESIAN_POINT('Ctrl Pts',(8.81829484232534,8.659116421572,5.02919942395689));
#1078=CARTESIAN_POINT('Ctrl Pts',(8.82166658087161,8.66081422718916,5.03112696642109));
#1079=CARTESIAN_POINT('Ctrl Pts',(8.82490620866652,8.66244442256962,5.03315361976218));
#1080=CARTESIAN_POINT('Ctrl Pts',(8.82736399230793,8.66368119043063,5.03469116535195));
#1081=CARTESIAN_POINT('Ctrl Pts',(8.82976612212319,8.66488881764204,5.03629851138826));
#1082=CARTESIAN_POINT('Ctrl Pts',(8.83211478659094,8.6660669180942,5.03797763581064));
#1083=CARTESIAN_POINT('Ctrl Pts',(8.83895532430869,8.66949816197295,5.04286812319265));
#1084=CARTESIAN_POINT('Ctrl Pts',(8.8453390462439,8.67267893666132,5.04836798150146));
#1085=CARTESIAN_POINT('Ctrl Pts',(8.851200385911,8.67559970281602,5.05460677040262));
#1086=CARTESIAN_POINT('Ctrl Pts',(8.85467311542516,8.67733019983642,5.05830313123142));
#1087=CARTESIAN_POINT('Ctrl Pts',(8.8579634675443,8.67896942524104,5.06225877409007));
#1088=CARTESIAN_POINT('Ctrl Pts',(8.86106590521437,8.68051539503439,5.06649756474618));
#1089=CARTESIAN_POINT('Ctrl Pts',(8.86598131274577,8.6829647823787,5.07321337525741));
#1090=CARTESIAN_POINT('Ctrl Pts',(8.87037748913306,8.68515979710818,5.08057893438048));
#1091=CARTESIAN_POINT('Ctrl Pts',(8.874287210754,8.68711351961303,5.08862694821317));
#1092=CARTESIAN_POINT('Ctrl Pts',(8.87735383046007,8.68864593662744,5.09493946869591));
#1093=CARTESIAN_POINT('Ctrl Pts',(8.88012179867296,8.69002990661637,5.10167123696951));
#1094=CARTESIAN_POINT('Ctrl Pts',(8.88261574329499,8.6912717415212,5.10881720539917));
#1095=CARTESIAN_POINT('Ctrl Pts',(8.884169065531,8.69204520286999,5.11326798251812));
#1096=CARTESIAN_POINT('Ctrl Pts',(8.88561616171833,8.69276352624558,5.11787928847079));
#1097=CARTESIAN_POINT('Ctrl Pts',(8.88695563041357,8.69342823670901,5.1226755823785));
#1098=CARTESIAN_POINT('Ctrl Pts',(8.88907908316956,8.69448199874952,5.13027912216493));
#1099=CARTESIAN_POINT('Ctrl Pts',(8.8908929495342,8.6953853643881,5.13821033711801));
#1100=CARTESIAN_POINT('Ctrl Pts',(8.89243068630672,8.69615451867952,5.14649196244691));
#1101=CARTESIAN_POINT('Ctrl Pts',(8.894063120735,8.69697103940559,5.15528359086519));
#1102=CARTESIAN_POINT('Ctrl Pts',(8.89538440816229,8.69763630966377,5.16447001418465));
#1103=CARTESIAN_POINT('Ctrl Pts',(8.89643727326158,8.69816969257736,5.17401863834251));
#1104=CARTESIAN_POINT('Ctrl Pts',(8.89753721454408,8.69872692435039,5.18399420492679));
#1105=CARTESIAN_POINT('Ctrl Pts',(8.89834426251026,8.6991402110953,5.19436463936671));
#1106=CARTESIAN_POINT('Ctrl Pts',(8.89890912645535,8.69943163111705,5.20503394565339));
#1107=CARTESIAN_POINT('Ctrl Pts',(8.89952374250653,8.69974871884154,5.21664298346814));
#1108=CARTESIAN_POINT('Ctrl Pts',(8.89985174049137,8.69992152686959,5.22860546523627));
#1109=CARTESIAN_POINT('Ctrl Pts',(8.89995936560772,8.69997849626633,5.24073568709675));
#1110=CARTESIAN_POINT('Ctrl Pts',(8.89998668171575,8.69999295555101,5.24381443360105));
#1111=CARTESIAN_POINT('Ctrl Pts',(8.8999998010695,8.69999995268881,5.24690371756265));
#1112=CARTESIAN_POINT('Ctrl Pts',(8.8999998010695,8.69999995268881,5.25));
#1113=CARTESIAN_POINT('Origin',(9.50000016391277,10.0000001490116,0.));
#1114=CARTESIAN_POINT('',(8.6499998010695,9.43333324044943,5.));
#1115=CARTESIAN_POINT('',(4.72884620819241,6.81923084519803,5.));
#1116=CARTESIAN_POINT('',(8.8999998010695,9.59999990711609,5.25));
#1117=CARTESIAN_POINT('Ctrl Pts',(8.8999998010695,9.59999990711609,5.25));
#1118=CARTESIAN_POINT('Ctrl Pts',(8.8999998010695,9.59999990711609,5.21498538122637));
#1119=CARTESIAN_POINT('Ctrl Pts',(8.89818760468465,9.59879177619286,5.18310242892187));
#1120=CARTESIAN_POINT('Ctrl Pts',(8.88952403556237,9.59301606344468,5.1293223067982));
#1121=CARTESIAN_POINT('Ctrl Pts',(8.88333253119622,9.58888839386724,5.10803794793033));
#1122=CARTESIAN_POINT('Ctrl Pts',(8.86705183476355,9.57803459624546,5.07373009946098));
#1123=CARTESIAN_POINT('Ctrl Pts',(8.85710054040133,9.57140040000398,5.05982216655321));
#1124=CARTESIAN_POINT('Ctrl Pts',(8.83027938931568,9.55351963261355,5.03509220977727));
#1125=CARTESIAN_POINT('Ctrl Pts',(8.81262170960422,9.54174784613924,5.02494307345408));
#1126=CARTESIAN_POINT('Ctrl Pts',(8.75659495521245,9.50439667654473,5.00563826423638));
#1127=CARTESIAN_POINT('Ctrl Pts',(8.71133442861976,9.4742229921496,5.));
#1128=CARTESIAN_POINT('Ctrl Pts',(8.6499998010695,9.43333324044943,5.));
#1129=CARTESIAN_POINT('',(8.6499998010695,9.43333324044943,5.5));
#1130=CARTESIAN_POINT('Ctrl Pts',(8.6499998010695,9.43333324044943,5.5));
#1131=CARTESIAN_POINT('Ctrl Pts',(8.66324543941927,9.44216366601594,5.5));
#1132=CARTESIAN_POINT('Ctrl Pts',(8.67582872617964,9.45048016887771,5.49975939619941));
#1133=CARTESIAN_POINT('Ctrl Pts',(8.68770751750379,9.45832341912057,5.4992552854533));
#1134=CARTESIAN_POINT('Ctrl Pts',(8.6997037221644,9.46624419426933,5.49874619193385));
#1135=CARTESIAN_POINT('Ctrl Pts',(8.71098150024282,9.47368231503711,5.49796832593919));
#1136=CARTESIAN_POINT('Ctrl Pts',(8.72155077226352,9.4806796694532,5.49690565958421));
#1137=CARTESIAN_POINT('Ctrl Pts',(8.73244542076466,9.48789243837921,5.49581027890057));
#1138=CARTESIAN_POINT('Ctrl Pts',(8.74258732816565,9.49463688512392,5.49441224699822));
#1139=CARTESIAN_POINT('Ctrl Pts',(8.75204310117417,9.50095888661983,5.49270263464032));
#1140=CARTESIAN_POINT('Ctrl Pts',(8.7583552988039,9.50517913628334,5.49156138356931));
#1141=CARTESIAN_POINT('Ctrl Pts',(8.76436291564898,9.50921113484393,5.49028146746425));
#1142=CARTESIAN_POINT('Ctrl Pts',(8.77009840522852,9.5130685295476,5.4888623862344));
#1143=CARTESIAN_POINT('Ctrl Pts',(8.77755194603811,9.51808139696611,5.48701822285267));
#1144=CARTESIAN_POINT('Ctrl Pts',(8.78455728269836,9.52280675692348,5.48493558252861));
#1145=CARTESIAN_POINT('Ctrl Pts',(8.79119643190439,9.52726329754485,5.48261887414965));
#1146=CARTESIAN_POINT('Ctrl Pts',(8.80048951995988,9.5335012993026,5.47937608289787));
#1147=CARTESIAN_POINT('Ctrl Pts',(8.80906544543331,9.53921261023813,5.4756743684035));
#1148=CARTESIAN_POINT('Ctrl Pts',(8.81693059425927,9.54444848209021,5.47146334082667));
#1149=CARTESIAN_POINT('Ctrl Pts',(8.82135653873983,9.54739485712232,5.46909367501695));
#1150=CARTESIAN_POINT('Ctrl Pts',(8.82555837770136,9.5501906779411,5.46656302925812));
#1151=CARTESIAN_POINT('Ctrl Pts',(8.82954379734521,9.55284507738247,5.46386533106234));
#1152=CARTESIAN_POINT('Ctrl Pts',(8.83599230358466,9.5571399604536,5.45950038954996));
#1153=CARTESIAN_POINT('Ctrl Pts',(8.84202526190801,9.56116252290327,5.45459281234595));
#1154=CARTESIAN_POINT('Ctrl Pts',(8.84761303128231,9.56489924317463,5.44907712650859));
#1155=CARTESIAN_POINT('Ctrl Pts',(8.85279710150918,9.56836599690179,5.44395993200488));
#1156=CARTESIAN_POINT('Ctrl Pts',(8.85759894197729,9.57158671889972,5.43831907598628));
#1157=CARTESIAN_POINT('Ctrl Pts',(8.86203222100428,9.57455061165116,5.43211703122619));
#1158=CARTESIAN_POINT('Ctrl Pts',(8.86268743933847,9.57498866142413,5.43120039741824));
#1159=CARTESIAN_POINT('Ctrl Pts',(8.86333466380614,9.57542110115103,5.43027153749806));
#1160=CARTESIAN_POINT('Ctrl Pts',(8.86397377971137,9.57584789597352,5.42932997007685));
#1161=CARTESIAN_POINT('Ctrl Pts',(8.86853525994264,9.57889400408887,5.42260984131279));
#1162=CARTESIAN_POINT('Ctrl Pts',(8.87263438883386,9.58162462978426,5.41530882320143));
#1163=CARTESIAN_POINT('Ctrl Pts',(8.87627301763399,9.58405508542651,5.40730655511606));
#1164=CARTESIAN_POINT('Ctrl Pts',(8.87962613002628,9.5862948277527,5.39993221006542));
#1165=CARTESIAN_POINT('Ctrl Pts',(8.88258852890473,9.58827965937151,5.3919618751005));
#1166=CARTESIAN_POINT('Ctrl Pts',(8.88517693854849,9.59002156349926,5.38334362059981));
#1167=CARTESIAN_POINT('Ctrl Pts',(8.88628579098568,9.59076778025132,5.37965163446833));
#1168=CARTESIAN_POINT('Ctrl Pts',(8.88732618083811,9.59146941514612,5.37584133655699));
#1169=CARTESIAN_POINT('Ctrl Pts',(8.8883001536981,9.59212741028069,5.3719115556692));
#1170=CARTESIAN_POINT('Ctrl Pts',(8.8905982713123,9.59367996915675,5.36263912206326));
#1171=CARTESIAN_POINT('Ctrl Pts',(8.89253717029725,9.5949976981082,5.35265331698304));
#1172=CARTESIAN_POINT('Ctrl Pts',(8.89414446334332,9.59608517786483,5.34193988716566));
#1173=CARTESIAN_POINT('Ctrl Pts',(8.89457701357075,9.59637783738775,5.33905671877556));
#1174=CARTESIAN_POINT('Ctrl Pts',(8.89498559811157,9.59665382132568,5.33612113753764));
#1175=CARTESIAN_POINT('Ctrl Pts',(8.89537086243405,9.59691321895965,5.33313351496699));
#1176=CARTESIAN_POINT('Ctrl Pts',(8.89653139482263,9.59769460290351,5.32413389430199));
#1177=CARTESIAN_POINT('Ctrl Pts',(8.89747958656739,9.59832548335928,5.31465815153207));
#1178=CARTESIAN_POINT('Ctrl Pts',(8.89820633135926,9.59880830069049,5.30461481472424));
#1179=CARTESIAN_POINT('Ctrl Pts',(8.89891292207921,9.59927772854119,5.29484999953044));
#1180=CARTESIAN_POINT('Ctrl Pts',(8.89941018294638,9.59960719156469,5.28454849820489));
#1181=CARTESIAN_POINT('Ctrl Pts',(8.89969844029263,9.5997989326745,5.27367459301407));
#1182=CARTESIAN_POINT('Ctrl Pts',(8.8999002516192,9.59993317219426,5.26606168302198));
#1183=CARTESIAN_POINT('Ctrl Pts',(8.8999998010695,9.5999999071161,5.25816921881208));
#1184=CARTESIAN_POINT('Ctrl Pts',(8.8999998010695,9.5999999071161,5.25));
#1185=CARTESIAN_POINT('',(4.72884620819241,6.81923084519803,5.5));
#1186=CARTESIAN_POINT('Origin',(3.50000007450581,5.00000007450581,0.));
#1187=CARTESIAN_POINT('',(3.50000007450581,5.00000007450581,5.));
#1188=CARTESIAN_POINT('',(8.6499998010695,7.14583329390735,5.));
#1189=CARTESIAN_POINT('',(1.44437872054132,4.14349117702061,5.));
#1190=CARTESIAN_POINT('',(3.50000007450581,5.00000007450581,5.5));
#1191=CARTESIAN_POINT('',(3.50000007450581,5.00000007450581,0.));
#1192=CARTESIAN_POINT('',(8.6499998010695,7.14583329390734,5.5));
#1193=CARTESIAN_POINT('',(1.44437872054132,4.14349117702061,5.5));
#1194=CARTESIAN_POINT('',(8.8999998010695,7.24999996057401,5.25));
#1195=CARTESIAN_POINT('Ctrl Pts',(8.8999998010695,7.24999996057401,5.25));
#1196=CARTESIAN_POINT('Ctrl Pts',(8.8999998010695,7.24999996057401,5.26120078983886));
#1197=CARTESIAN_POINT('Ctrl Pts',(8.89981218616763,7.2499230099045,5.27211106965706));
#1198=CARTESIAN_POINT('Ctrl Pts',(8.89940634165981,7.249755804858,5.28266844694003));
#1199=CARTESIAN_POINT('Ctrl Pts',(8.89902952542647,7.24960055925383,5.29247070141167));
#1200=CARTESIAN_POINT('Ctrl Pts',(8.89846453458409,7.24936750853726,5.30196852628473));
#1201=CARTESIAN_POINT('Ctrl Pts',(8.89769143895393,7.24904600435432,5.31115547553388));
#1202=CARTESIAN_POINT('Ctrl Pts',(8.89705810852502,7.24878262376578,5.31868154899926));
#1203=CARTESIAN_POINT('Ctrl Pts',(8.896285172407,7.24845988109459,5.3259995774799));
#1204=CARTESIAN_POINT('Ctrl Pts',(8.89536458698213,7.2480719220554,5.3331321131466));
#1205=CARTESIAN_POINT('Ctrl Pts',(8.89447208945168,7.24769579999759,5.34004702869529));
#1206=CARTESIAN_POINT('Ctrl Pts',(8.89344119999247,7.24725838048168,5.34678910483205));
#1207=CARTESIAN_POINT('Ctrl Pts',(8.89225046905999,7.24675432889769,5.35333531334919));
#1208=CARTESIAN_POINT('Ctrl Pts',(8.89043583900899,7.24598617286292,5.36331149383741));
#1209=CARTESIAN_POINT('Ctrl Pts',(8.88828695213278,7.24507703993475,5.37261981633878));
#1210=CARTESIAN_POINT('Ctrl Pts',(8.88577747710272,7.24402103902714,5.38127043010137));
#1211=CARTESIAN_POINT('Ctrl Pts',(8.88310900099938,7.24289812959257,5.39046914928693));
#1212=CARTESIAN_POINT('Ctrl Pts',(8.88003251154588,7.24160915137671,5.39892445634251));
#1213=CARTESIAN_POINT('Ctrl Pts',(8.87653039964682,7.24014702106245,5.406706970522));
#1214=CARTESIAN_POINT('Ctrl Pts',(8.87503631277662,7.23952324039296,5.4100271820366));
#1215=CARTESIAN_POINT('Ctrl Pts',(8.87346495202249,7.23886794457041,5.41322560525842));
#1216=CARTESIAN_POINT('Ctrl Pts',(8.87181585338474,7.23818058358028,5.41631036755616));
#1217=CARTESIAN_POINT('Ctrl Pts',(8.8688386143213,7.23693964022876,5.42187951581932));
#1218=CARTESIAN_POINT('Ctrl Pts',(8.86557586029573,7.23558122670554,5.4271360129456));
#1219=CARTESIAN_POINT('Ctrl Pts',(8.86201672176755,7.23409495656867,5.43211388026305));
#1220=CARTESIAN_POINT('Ctrl Pts',(8.85698820394216,7.23199508441774,5.43914684465597));
#1221=CARTESIAN_POINT('Ctrl Pts',(8.8513674130866,7.22963999303215,5.445623346825));
#1222=CARTESIAN_POINT('Ctrl Pts',(8.84504768217596,7.22700039020422,5.4515160250795));
#1223=CARTESIAN_POINT('Ctrl Pts',(8.84342413667768,7.22632227346964,5.45302986030257));
#1224=CARTESIAN_POINT('Ctrl Pts',(8.84175459095814,7.22562537950655,5.45450539821967));
#1225=CARTESIAN_POINT('Ctrl Pts',(8.84003754832487,7.22490921166575,5.4559426425074));
#1226=CARTESIAN_POINT('Ctrl Pts',(8.8333670042517,7.22212696907421,5.46152619714921));
#1227=CARTESIAN_POINT('Ctrl Pts',(8.8259901804946,7.21905875893517,5.46651723271538));
#1228=CARTESIAN_POINT('Ctrl Pts',(8.81785473484594,7.21567399671224,5.47094714314876));
#1229=CARTESIAN_POINT('Ctrl Pts',(8.81028699446774,7.21252542896915,5.47506792687792));
#1230=CARTESIAN_POINT('Ctrl Pts',(8.80206252678298,7.20910294678453,5.47870395272512));
#1231=CARTESIAN_POINT('Ctrl Pts',(8.79318406328518,7.20538193194502,5.48190197069914));
#1232=CARTESIAN_POINT('Ctrl Pts',(8.79251803217557,7.20510279449708,5.4821418747614));
#1233=CARTESIAN_POINT('Ctrl Pts',(8.79184834402958,7.20482197706474,5.48237932156882));
#1234=CARTESIAN_POINT('Ctrl Pts',(8.79117501161445,7.20453946925536,5.48261433436512));
#1235=CARTESIAN_POINT('Ctrl Pts',(8.7889172608452,7.20359219238347,5.48340235571936));
#1236=CARTESIAN_POINT('Ctrl Pts',(8.78661850485643,7.20262591013235,5.48416300291329));
#1237=CARTESIAN_POINT('Ctrl Pts',(8.78427537136806,7.20164023070051,5.48489605615603));
#1238=CARTESIAN_POINT('Ctrl Pts',(8.77599451547325,7.19815674613846,5.48748673581493));
#1239=CARTESIAN_POINT('Ctrl Pts',(8.76712504479925,7.19441707353285,5.48974135499865));
#1240=CARTESIAN_POINT('Ctrl Pts',(8.75752661071256,7.19039452388435,5.49165537299658));
#1241=CARTESIAN_POINT('Ctrl Pts',(8.74868688736265,7.18668993772657,5.49341809694046));
#1242=CARTESIAN_POINT('Ctrl Pts',(8.73922890043968,7.18274542724663,5.49489204307047));
#1243=CARTESIAN_POINT('Ctrl Pts',(8.7290897972181,7.17854014527249,5.49608274546564));
#1244=CARTESIAN_POINT('Ctrl Pts',(8.71915310114292,7.17441881343729,5.49724967784203));
#1245=CARTESIAN_POINT('Ctrl Pts',(8.70856198546674,7.17004701775909,5.49814458820424));
#1246=CARTESIAN_POINT('Ctrl Pts',(8.69730625099077,7.1654051348252,5.49878097373788));
#1247=CARTESIAN_POINT('Ctrl Pts',(8.68621157108184,7.16082967105283,5.49940825344225));
#1248=CARTESIAN_POINT('Ctrl Pts',(8.67447106930154,7.15599179390536,5.4997843875218));
#1249=CARTESIAN_POINT('Ctrl Pts',(8.66212537491549,7.15087271032931,5.49993000705518));
#1250=CARTESIAN_POINT('Ctrl Pts',(8.6581451837816,7.14922234296836,5.49997695407635));
#1251=CARTESIAN_POINT('Ctrl Pts',(8.65410248947186,7.14754274740833,5.5));
#1252=CARTESIAN_POINT('Ctrl Pts',(8.6499998010695,7.14583329390734,5.5));
#1253=CARTESIAN_POINT('Ctrl Pts',(8.6499998010695,7.14583329390734,5.));
#1254=CARTESIAN_POINT('Ctrl Pts',(8.66109359806109,7.15045570932051,5.));
#1255=CARTESIAN_POINT('Ctrl Pts',(8.6719215214157,7.15495804165397,5.00018406779573));
#1256=CARTESIAN_POINT('Ctrl Pts',(8.68241496735077,7.15933006215689,5.00058381347892));
#1257=CARTESIAN_POINT('Ctrl Pts',(8.6921417314597,7.16338265006505,5.00095435257428));
#1258=CARTESIAN_POINT('Ctrl Pts',(8.70158090083815,7.1673232724396,5.0015102527681));
#1259=CARTESIAN_POINT('Ctrl Pts',(8.71072111007405,7.17114378273741,5.00227215421397));
#1260=CARTESIAN_POINT('Ctrl Pts',(8.71839434446849,7.17435111314581,5.00291177287353));
#1261=CARTESIAN_POINT('Ctrl Pts',(8.72585737660404,7.17747379270283,5.00369652998572));
#1262=CARTESIAN_POINT('Ctrl Pts',(8.73313185678412,7.18050700148278,5.00463547002555));
#1263=CARTESIAN_POINT('Ctrl Pts',(8.7429104162102,7.18458432543889,5.00589761945064));
#1264=CARTESIAN_POINT('Ctrl Pts',(8.75235031038268,7.18849998028845,5.00743725296801));
#1265=CARTESIAN_POINT('Ctrl Pts',(8.76138677728901,7.1922422586684,5.00931726196083));
#1266=CARTESIAN_POINT('Ctrl Pts',(8.77109752622163,7.19626377793697,5.01133755324387));
#1267=CARTESIAN_POINT('Ctrl Pts',(8.78012834378372,7.20000410421813,5.01370836232809));
#1268=CARTESIAN_POINT('Ctrl Pts',(8.78850241854231,7.20348588122822,5.01645464228262));
#1269=CARTESIAN_POINT('Ctrl Pts',(8.79748075848534,7.20721889992027,5.01939909115862));
#1270=CARTESIAN_POINT('Ctrl Pts',(8.80570447859938,7.2106547097604,5.02277548207537));
#1271=CARTESIAN_POINT('Ctrl Pts',(8.81326159836402,7.21382121853176,5.02659892947537));
#1272=CARTESIAN_POINT('Ctrl Pts',(8.81678357011445,7.21529695992365,5.02838083503613));
#1273=CARTESIAN_POINT('Ctrl Pts',(8.82016153069808,7.21671420921693,5.03025959659874));
#1274=CARTESIAN_POINT('Ctrl Pts',(8.82340787547848,7.21807579138283,5.03223539654279));
#1275=CARTESIAN_POINT('Ctrl Pts',(8.82639169489545,7.21932726514154,5.03405141752513));
#1276=CARTESIAN_POINT('Ctrl Pts',(8.82929220740017,7.22054288630732,5.03596645022277));
#1277=CARTESIAN_POINT('Ctrl Pts',(8.83211355275954,7.22172225196402,5.03798371305276));
#1278=CARTESIAN_POINT('Ctrl Pts',(8.83899582092666,7.22459914567344,5.04290453698289));
#1279=CARTESIAN_POINT('Ctrl Pts',(8.84540416791925,7.22726030235714,5.04843421610582));
#1280=CARTESIAN_POINT('Ctrl Pts',(8.85127886712582,7.22969987356632,5.05469966564867));
#1281=CARTESIAN_POINT('Ctrl Pts',(8.85438689570859,7.23099053659114,5.05801442195847));
#1282=CARTESIAN_POINT('Ctrl Pts',(8.85734642050196,7.23221917843577,5.06153495368116));
#1283=CARTESIAN_POINT('Ctrl Pts',(8.86015407070224,7.23338493305851,5.06527777731586));
#1284=CARTESIAN_POINT('Ctrl Pts',(8.86513808460809,7.23545432804581,5.07192186889129));
#1285=CARTESIAN_POINT('Ctrl Pts',(8.86960023250225,7.23731044111481,5.07921310004932));
#1286=CARTESIAN_POINT('Ctrl Pts',(8.87357215110937,7.23896432108886,5.08718639714491));
#1287=CARTESIAN_POINT('Ctrl Pts',(8.87692446841308,7.24036020328174,5.09391589602567));
#1288=CARTESIAN_POINT('Ctrl Pts',(8.87992821203166,7.24161202601371,5.10113088337376));
#1289=CARTESIAN_POINT('Ctrl Pts',(8.88261394723755,7.24272643207236,5.1088256769755));
#1290=CARTESIAN_POINT('Ctrl Pts',(8.8840201762377,7.24330992597533,5.11285460800682));
#1291=CARTESIAN_POINT('Ctrl Pts',(8.88533933172419,7.24385574731715,5.11701479125599));
#1292=CARTESIAN_POINT('Ctrl Pts',(8.88657033173891,7.24436484961594,5.12132457165874));
#1293=CARTESIAN_POINT('Ctrl Pts',(8.88871868764639,7.2452533410197,5.12884605181917));
#1294=CARTESIAN_POINT('Ctrl Pts',(8.89055840550598,7.24601659484102,5.13668593622083));
#1295=CARTESIAN_POINT('Ctrl Pts',(8.8921225706969,7.2466681492469,5.1448680477896));
#1296=CARTESIAN_POINT('Ctrl Pts',(8.89378269301122,7.24735967467814,5.15355210882891));
#1297=CARTESIAN_POINT('Ctrl Pts',(8.89513245542666,7.24792537542755,5.16262158165246));
#1298=CARTESIAN_POINT('Ctrl Pts',(8.89621422807186,7.24838143722462,5.1720450094753));
#1299=CARTESIAN_POINT('Ctrl Pts',(8.89734398921752,7.24885773037239,5.18188646984173));
#1300=CARTESIAN_POINT('Ctrl Pts',(8.89818152596502,7.24921444142574,5.1921135454209));
#1301=CARTESIAN_POINT('Ctrl Pts',(8.89877722139726,7.24947000712742,5.20263131923502));
#1302=CARTESIAN_POINT('Ctrl Pts',(8.89942660432602,7.24974860587916,5.21409701528335));
#1303=CARTESIAN_POINT('Ctrl Pts',(8.89978869655795,7.24990700610991,5.22590779999077));
#1304=CARTESIAN_POINT('Ctrl Pts',(8.89992984632697,7.24996909220055,5.23787781012058));
#1305=CARTESIAN_POINT('Ctrl Pts',(8.89997732016527,7.24998997402734,5.24190376304489));
#1306=CARTESIAN_POINT('Ctrl Pts',(8.8999998010695,7.24999996057401,5.24594726846974));
#1307=CARTESIAN_POINT('Ctrl Pts',(8.8999998010695,7.24999996057401,5.25));
#1308=CARTESIAN_POINT('Origin',(9.50000016391277,8.50000012665987,0.));
#1309=CARTESIAN_POINT('',(8.6499998010695,8.00416658166796,5.));
#1310=CARTESIAN_POINT('',(4.79326430854865,5.7544042110308,5.));
#1311=CARTESIAN_POINT('',(8.8999998010695,8.14999991500129,5.25));
#1312=CARTESIAN_POINT('Ctrl Pts',(8.8999998010695,8.14999991500129,5.25));
#1313=CARTESIAN_POINT('Ctrl Pts',(8.8999998010695,8.14999991500129,5.23685569231672));
#1314=CARTESIAN_POINT('Ctrl Pts',(8.89976349272426,8.14985115391633,5.2240262525555));
#1315=CARTESIAN_POINT('Ctrl Pts',(8.8992277837633,8.14952476179947,5.21166264480309));
#1316=CARTESIAN_POINT('Ctrl Pts',(8.89874160845063,8.1492285491149,5.2004422223294));
#1317=CARTESIAN_POINT('Ctrl Pts',(8.89800876020171,8.14878603558985,5.18960572464532));
#1318=CARTESIAN_POINT('Ctrl Pts',(8.89698154145375,8.14817564189418,5.17922484139776));
#1319=CARTESIAN_POINT('Ctrl Pts',(8.89601938621789,8.14760391022417,5.1695014780056));
#1320=CARTESIAN_POINT('Ctrl Pts',(8.8947989203049,8.14688489175552,5.16017809383382));
#1321=CARTESIAN_POINT('Ctrl Pts',(8.89328131629388,8.14600085339119,5.15127201642643));
#1322=CARTESIAN_POINT('Ctrl Pts',(8.89167619577467,8.14506583469853,5.14185234733723));
#1323=CARTESIAN_POINT('Ctrl Pts',(8.88976884612458,8.14396187718186,5.13308212285542));
#1324=CARTESIAN_POINT('Ctrl Pts',(8.88755893783786,8.14268274217572,5.12487541274567));
#1325=CARTESIAN_POINT('Ctrl Pts',(8.88605088664634,8.14180985478862,5.1192751174602));
#1326=CARTESIAN_POINT('Ctrl Pts',(8.88440218576787,8.14085539148433,5.11393594837361));
#1327=CARTESIAN_POINT('Ctrl Pts',(8.88261574329499,8.13981736974459,5.10881720539917));
#1328=CARTESIAN_POINT('Ctrl Pts',(8.87997989488164,8.13828579624181,5.10126463611564));
#1329=CARTESIAN_POINT('Ctrl Pts',(8.87704398133377,8.13657231419848,5.09419211807968));
#1330=CARTESIAN_POINT('Ctrl Pts',(8.87378164770122,8.13467055549246,5.08759551576589));
#1331=CARTESIAN_POINT('Ctrl Pts',(8.87000054801538,8.13246638508692,5.0799499424599));
#1332=CARTESIAN_POINT('Ctrl Pts',(8.86573376211628,8.12998246984919,5.07285088210375));
#1333=CARTESIAN_POINT('Ctrl Pts',(8.86092822578513,8.12718886012562,5.06630980953407));
#1334=CARTESIAN_POINT('Ctrl Pts',(8.8559569890018,8.12429892350688,5.0595431932149));
#1335=CARTESIAN_POINT('Ctrl Pts',(8.85040851439996,8.1210775669427,5.05337318519224));
#1336=CARTESIAN_POINT('Ctrl Pts',(8.84424720565832,8.11749163462954,5.04776250844284));
#1337=CARTESIAN_POINT('Ctrl Pts',(8.84377047939437,8.11721417602682,5.04732838688245));
#1338=CARTESIAN_POINT('Ctrl Pts',(8.84329009848783,8.11693453479474,5.04689759257621));
#1339=CARTESIAN_POINT('Ctrl Pts',(8.84280605389162,8.11665269557485,5.04647009798111));
#1340=CARTESIAN_POINT('Ctrl Pts',(8.83942116635773,8.11468181506204,5.04348066036086));
#1341=CARTESIAN_POINT('Ctrl Pts',(8.83585783883028,8.11260371855333,5.04065364616275));
#1342=CARTESIAN_POINT('Ctrl Pts',(8.83211478659094,8.11041243160157,5.03797763581064));
#1343=CARTESIAN_POINT('Ctrl Pts',(8.82572373879594,8.10667093435658,5.03340850105999));
#1344=CARTESIAN_POINT('Ctrl Pts',(8.81880631063437,8.10259944609737,5.02928063029063));
#1345=CARTESIAN_POINT('Ctrl Pts',(8.81124878116937,8.09816822714635,5.02559317061141));
#1346=CARTESIAN_POINT('Ctrl Pts',(8.80420235450232,8.09403668395772,5.0221550875265));
#1347=CARTESIAN_POINT('Ctrl Pts',(8.79659895303792,8.08959242076157,5.01909956156993));
#1348=CARTESIAN_POINT('Ctrl Pts',(8.78838484297777,8.08481133275869,5.01641143451301));
#1349=CARTESIAN_POINT('Ctrl Pts',(8.77980351673884,8.07981650366227,5.01360313329983));
#1350=CARTESIAN_POINT('Ctrl Pts',(8.77052641815755,8.07443514074349,5.01118581673144));
#1351=CARTESIAN_POINT('Ctrl Pts',(8.76051079111923,8.0686246026918,5.0091326617431));
#1352=CARTESIAN_POINT('Ctrl Pts',(8.75192566700417,8.06364396691551,5.00737275291914));
#1353=CARTESIAN_POINT('Ctrl Pts',(8.74279843884366,8.05834799668986,5.00588020415047));
#1354=CARTESIAN_POINT('Ctrl Pts',(8.73313240711874,8.05270983635379,5.00463301360088));
#1355=CARTESIAN_POINT('Ctrl Pts',(8.7241267726978,8.04745688330767,5.00347103291816));
#1356=CARTESIAN_POINT('Ctrl Pts',(8.71465147835886,8.04190690071822,5.00252247747182));
#1357=CARTESIAN_POINT('Ctrl Pts',(8.70461578084108,8.03603816986987,5.00179557118088));
#1358=CARTESIAN_POINT('Ctrl Pts',(8.6948125133251,8.03030536072695,5.00108550027484));
#1359=CARTESIAN_POINT('Ctrl Pts',(8.68447438112987,8.02426839697402,5.00058692589547));
#1360=CARTESIAN_POINT('Ctrl Pts',(8.67356568628731,8.01790703425299,5.00029887849675));
#1361=CARTESIAN_POINT('Ctrl Pts',(8.66598407045695,8.0134858446419,5.0000986836293));
#1362=CARTESIAN_POINT('Ctrl Pts',(8.65812787684777,8.00890795920529,5.));
#1363=CARTESIAN_POINT('Ctrl Pts',(8.6499998010695,8.00416658166796,5.));
#1364=CARTESIAN_POINT('',(8.6499998010695,8.00416658166796,5.5));
#1365=CARTESIAN_POINT('Ctrl Pts',(8.6499998010695,8.00416658166796,5.5));
#1366=CARTESIAN_POINT('Ctrl Pts',(8.66324736903636,8.01189432964863,5.5));
#1367=CARTESIAN_POINT('Ctrl Pts',(8.67583075159594,8.01917158463495,5.49975924173498));
#1368=CARTESIAN_POINT('Ctrl Pts',(8.68770842357069,8.02603418110446,5.49925496818039));
#1369=CARTESIAN_POINT('Ctrl Pts',(8.69970300287238,8.03296432345424,5.49874573125642));
#1370=CARTESIAN_POINT('Ctrl Pts',(8.71097797887554,8.03947160446981,5.49796773595398));
#1371=CARTESIAN_POINT('Ctrl Pts',(8.72154384025838,8.04559292719217,5.49690511350469));
#1372=CARTESIAN_POINT('Ctrl Pts',(8.73242437758978,8.05189655715522,5.49581084368515));
#1373=CARTESIAN_POINT('Ctrl Pts',(8.74255300411954,8.05779089701212,5.49441469675001));
#1374=CARTESIAN_POINT('Ctrl Pts',(8.75199660097649,8.06331624615169,5.49270793878731));
#1375=CARTESIAN_POINT('Ctrl Pts',(8.75740904765689,8.06648301174552,5.49172973772586));
#1376=CARTESIAN_POINT('Ctrl Pts',(8.76259748613102,8.06952857030507,5.49064966752247));
#1377=CARTESIAN_POINT('Ctrl Pts',(8.76758203453469,8.0724605087771,5.48946736633664));
#1378=CARTESIAN_POINT('Ctrl Pts',(8.77597657210555,8.07739822141739,5.48747623877187));
#1379=CARTESIAN_POINT('Ctrl Pts',(8.78380669920119,8.08202226937722,5.48519056743728));
#1380=CARTESIAN_POINT('Ctrl Pts',(8.79118341378138,8.08635533710823,5.48261611563533));
#1381=CARTESIAN_POINT('Ctrl Pts',(8.80046875823496,8.09180953029758,5.47937555759281));
#1382=CARTESIAN_POINT('Ctrl Pts',(8.80903716578516,8.09680268884502,5.47567739206535));
#1383=CARTESIAN_POINT('Ctrl Pts',(8.81689552425717,8.10138005387624,5.47147170052912));
#1384=CARTESIAN_POINT('Ctrl Pts',(8.82063554427578,8.10355855424756,5.46947009032087));
#1385=CARTESIAN_POINT('Ctrl Pts',(8.82421549156836,8.10564287392315,5.46735377787519));
#1386=CARTESIAN_POINT('Ctrl Pts',(8.82763984454337,8.10763788998071,5.46511902707307));
#1387=CARTESIAN_POINT('Ctrl Pts',(8.83427128590084,8.11150134450465,5.46079131348719));
#1388=CARTESIAN_POINT('Ctrl Pts',(8.84046710840649,8.11511401856587,5.45591952749047));
#1389=CARTESIAN_POINT('Ctrl Pts',(8.84619861906414,8.11846624388638,5.45043779419263));
#1390=CARTESIAN_POINT('Ctrl Pts',(8.85193012972179,8.1218184692069,5.44495606089478));
#1391=CARTESIAN_POINT('Ctrl Pts',(8.85719797750475,8.12491024578671,5.43886379872081));
#1392=CARTESIAN_POINT('Ctrl Pts',(8.86202275541102,8.12773190534784,5.43211510544158));
#1393=CARTESIAN_POINT('Ctrl Pts',(8.86229281417925,8.12788984296077,5.43173735877021));
#1394=CARTESIAN_POINT('Ctrl Pts',(8.86256149599442,8.12804693429413,5.43135756206694));
#1395=CARTESIAN_POINT('Ctrl Pts',(8.86282879337324,8.12820317765244,5.43097568221839));
#1396=CARTESIAN_POINT('Ctrl Pts',(8.86749551597357,8.13093101738875,5.42430847385421));
#1397=CARTESIAN_POINT('Ctrl Pts',(8.87169430403407,8.13337788569629,5.41706567403217));
#1398=CARTESIAN_POINT('Ctrl Pts',(8.8754256323407,8.13555763897949,5.40912162020113));
#1399=CARTESIAN_POINT('Ctrl Pts',(8.87885454949429,8.13756073085701,5.40182140424267));
#1400=CARTESIAN_POINT('Ctrl Pts',(8.8818890768293,8.13933825063843,5.39392850198341));
#1401=CARTESIAN_POINT('Ctrl Pts',(8.88454524543098,8.14090095136072,5.38538723906884));
#1402=CARTESIAN_POINT('Ctrl Pts',(8.88570563408464,8.14158364152807,5.38165585523736));
#1403=CARTESIAN_POINT('Ctrl Pts',(8.88679399378555,8.14222533314705,5.37780133864047));
#1404=CARTESIAN_POINT('Ctrl Pts',(8.88781245988442,8.14282692276792,5.37382214980399));
#1405=CARTESIAN_POINT('Ctrl Pts',(8.89016208536732,8.14421480431353,5.36464206663588));
#1406=CARTESIAN_POINT('Ctrl Pts',(8.89215053193184,8.14539655653661,5.35475068973718));
#1407=CARTESIAN_POINT('Ctrl Pts',(8.89380489835132,8.14637627026658,5.3441305881273));
#1408=CARTESIAN_POINT('Ctrl Pts',(8.89436314794323,8.14670686497855,5.34054693983754));
#1409=CARTESIAN_POINT('Ctrl Pts',(8.89488343487305,8.14701445440981,5.33688073802012));
#1410=CARTESIAN_POINT('Ctrl Pts',(8.89536702626322,8.14729919574187,5.33313265944656));
#1411=CARTESIAN_POINT('Ctrl Pts',(8.89652729858217,8.147982370613,5.32413996043134));
#1412=CARTESIAN_POINT('Ctrl Pts',(8.89747561305414,8.14853401911908,5.31467215807512));
#1413=CARTESIAN_POINT('Ctrl Pts',(8.89820273750347,8.14895631218906,5.30463821171405));
#1414=CARTESIAN_POINT('Ctrl Pts',(8.89890971562521,8.14936690484855,5.29488227439351));
#1415=CARTESIAN_POINT('Ctrl Pts',(8.8994075957329,8.14965521083288,5.28459099398762));
#1416=CARTESIAN_POINT('Ctrl Pts',(8.89969662104327,8.14982322557567,5.27372903676808));
#1417=CARTESIAN_POINT('Ctrl Pts',(8.89989964954222,8.14994124908367,5.26609895458877));
#1418=CARTESIAN_POINT('Ctrl Pts',(8.8999998010695,8.14999991500129,5.25818828244772));
#1419=CARTESIAN_POINT('Ctrl Pts',(8.8999998010695,8.14999991500129,5.25));
#1420=CARTESIAN_POINT('',(4.79326430854865,5.7544042110308,5.5));
#1421=CARTESIAN_POINT('Origin',(3.50000007450581,3.50000007450581,0.));
#1422=CARTESIAN_POINT('',(3.50000007450581,3.50000007450581,5.));
#1423=CARTESIAN_POINT('',(8.6499998010695,5.64583329390735,5.));
#1424=CARTESIAN_POINT('',(1.71065090989044,2.75443792258274,5.));
#1425=CARTESIAN_POINT('',(3.50000007450581,3.50000007450581,5.5));
#1426=CARTESIAN_POINT('',(3.50000007450581,3.50000007450581,0.));
#1427=CARTESIAN_POINT('',(8.6499998010695,5.64583329390735,5.5));
#1428=CARTESIAN_POINT('',(1.71065090989044,2.75443792258274,5.5));
#1429=CARTESIAN_POINT('',(8.8999998010695,5.74999996057401,5.25));
#1430=CARTESIAN_POINT('Ctrl Pts',(8.8999998010695,5.74999996057401,5.25));
#1431=CARTESIAN_POINT('Ctrl Pts',(8.8999998010695,5.74999996057401,5.26120027280073));
#1432=CARTESIAN_POINT('Ctrl Pts',(8.89981208393946,5.74992301700855,5.27211003522333));
#1433=CARTESIAN_POINT('Ctrl Pts',(8.89940607275167,5.74975582801241,5.28266691045501));
#1434=CARTESIAN_POINT('Ctrl Pts',(8.89902910084105,5.74960059693207,5.29246872268531));
#1435=CARTESIAN_POINT('Ctrl Pts',(8.89846389781364,5.74936756807224,5.30196611710104));
#1436=CARTESIAN_POINT('Ctrl Pts',(8.89769058611569,5.74904609447559,5.31115265729188));
#1437=CARTESIAN_POINT('Ctrl Pts',(8.89705697872027,5.748782697389,5.31867958313386));
#1438=CARTESIAN_POINT('Ctrl Pts',(8.8962837192137,5.7484599253452,5.32599841198319));
#1439=CARTESIAN_POINT('Ctrl Pts',(8.8953628023649,5.7480719220554,5.33313171221499));
#1440=CARTESIAN_POINT('Ctrl Pts',(8.8944700853459,5.74769579999759,5.34004658029128));
#1441=CARTESIAN_POINT('Ctrl Pts',(8.89343900180978,5.74725838048168,5.34678861583494));
#1442=CARTESIAN_POINT('Ctrl Pts',(8.8922480977397,5.74675432889769,5.35333478946943));
#1443=CARTESIAN_POINT('Ctrl Pts',(8.89043317476389,5.74598616055923,5.36331107658717));
#1444=CARTESIAN_POINT('Ctrl Pts',(8.88828403858866,5.74507701081123,5.37261949861413));
#1445=CARTESIAN_POINT('Ctrl Pts',(8.88577432628486,5.74402098828455,5.38127019767267));
#1446=CARTESIAN_POINT('Ctrl Pts',(8.88310560817559,5.74289806019574,5.39046897205029));
#1447=CARTESIAN_POINT('Ctrl Pts',(8.88002889325094,5.7416090591811,5.39892432396516));
#1448=CARTESIAN_POINT('Ctrl Pts',(8.87652652809105,5.74014690166518,5.40670686477146));
#1449=CARTESIAN_POINT('Ctrl Pts',(8.87503244667105,5.73952315677339,5.41002683544507));
#1450=CARTESIAN_POINT('Ctrl Pts',(8.87346109799672,5.73886790071485,5.41322503303626));
#1451=CARTESIAN_POINT('Ctrl Pts',(8.87181201454816,5.73818058358028,5.41630958244809));
#1452=CARTESIAN_POINT('Ctrl Pts',(8.86883461294029,5.73693964022876,5.42187870169812));
#1453=CARTESIAN_POINT('Ctrl Pts',(8.86557167259378,5.73558122670554,5.42713516376679));
#1454=CARTESIAN_POINT('Ctrl Pts',(8.86201230001072,5.73409495656867,5.43211298367178));
#1455=CARTESIAN_POINT('Ctrl Pts',(8.8569836858022,5.73199518225351,5.43914555340635));
#1456=CARTESIAN_POINT('Ctrl Pts',(8.85136275684644,5.72964021248512,5.44562168801532));
#1457=CARTESIAN_POINT('Ctrl Pts',(8.84504299002727,5.72700075914992,5.45151405802527));
#1458=CARTESIAN_POINT('Ctrl Pts',(8.84341906519716,5.72632252624488,5.4530281591371));
#1459=CARTESIAN_POINT('Ctrl Pts',(8.84174912596235,5.72562550938997,5.45450394936604));
#1460=CARTESIAN_POINT('Ctrl Pts',(8.84003167711418,5.72490921166575,5.45594143290208));
#1461=CARTESIAN_POINT('Ctrl Pts',(8.83336076476495,5.72212696907416,5.46152490438807));
#1462=CARTESIAN_POINT('Ctrl Pts',(8.82598364282298,5.71905875893509,5.46651586973162));
#1463=CARTESIAN_POINT('Ctrl Pts',(8.8178480997169,5.71567399671215,5.47094575284052));
#1464=CARTESIAN_POINT('Ctrl Pts',(8.81027940094507,5.71252506795034,5.47506698364325));
#1465=CARTESIAN_POINT('Ctrl Pts',(8.80205399780787,5.7091021619287,5.47870338238821));
#1466=CARTESIAN_POINT('Ctrl Pts',(8.79317471397172,5.7053806519646,5.48190173652515));
#1467=CARTESIAN_POINT('Ctrl Pts',(8.79250971568253,5.70510193604505,5.4821412716125));
#1468=CARTESIAN_POINT('Ctrl Pts',(8.79184107300961,5.704821545257,5.4823783573075));
#1469=CARTESIAN_POINT('Ctrl Pts',(8.79116879869436,5.70453946925536,5.48261301675504));
#1470=CARTESIAN_POINT('Ctrl Pts',(8.78891114505946,5.70359219238347,5.48340105780122));
#1471=CARTESIAN_POINT('Ctrl Pts',(8.78661250305281,5.70262591013234,5.48416172839116));
#1472=CARTESIAN_POINT('Ctrl Pts',(8.78426949713329,5.70164023070051,5.48489480802673));
#1473=CARTESIAN_POINT('Ctrl Pts',(8.77598909207885,5.69815674613846,5.48748558096037));
#1474=CARTESIAN_POINT('Ctrl Pts',(8.76712024256132,5.69441707353286,5.48974033096806));
#1475=CARTESIAN_POINT('Ctrl Pts',(8.75752246843544,5.69039452388436,5.49165448880944));
#1476=CARTESIAN_POINT('Ctrl Pts',(8.74868409383242,5.68669024826938,5.4934171937689));
#1477=CARTESIAN_POINT('Ctrl Pts',(8.73922759270288,5.68274608855463,5.49489117705427));
#1478=CARTESIAN_POINT('Ctrl Pts',(8.72909003687052,5.67854120281027,5.49608195162378));
#1479=CARTESIAN_POINT('Ctrl Pts',(8.71915491634588,5.67442028378862,5.49724894779735));
#1480=CARTESIAN_POINT('Ctrl Pts',(8.70856544309679,5.6700489475683,5.49814395877765));
#1481=CARTESIAN_POINT('Ctrl Pts',(8.69731134671602,5.66540757602092,5.49878046242738));
#1482=CARTESIAN_POINT('Ctrl Pts',(8.68621837385702,5.66083265442246,5.49940785333218));
#1483=CARTESIAN_POINT('Ctrl Pts',(8.67447958563873,5.6559953742725,5.49978411976206));
#1484=CARTESIAN_POINT('Ctrl Pts',(8.66213554213157,5.6508769480477,5.49992987509551));
#1485=CARTESIAN_POINT('Ctrl Pts',(8.65815208616574,5.64922521816932,5.49997691073276));
#1486=CARTESIAN_POINT('Ctrl Pts',(8.65410600107419,5.64754421057597,5.5));
#1487=CARTESIAN_POINT('Ctrl Pts',(8.6499998010695,5.64583329390734,5.5));
#1488=CARTESIAN_POINT('Ctrl Pts',(8.6499998010695,5.64583329390734,5.));
#1489=CARTESIAN_POINT('Ctrl Pts',(8.66109308106881,5.65045549390706,5.));
#1490=CARTESIAN_POINT('Ctrl Pts',(8.671920485338,5.65495762201901,5.00018416881796));
#1491=CARTESIAN_POINT('Ctrl Pts',(8.68241342638402,5.65932945092234,5.00058408012365));
#1492=CARTESIAN_POINT('Ctrl Pts',(8.69213974714295,5.66338187150018,5.00095477368013));
#1493=CARTESIAN_POINT('Ctrl Pts',(8.70157848395325,5.66732233682185,5.00151088480665));
#1494=CARTESIAN_POINT('Ctrl Pts',(8.71071828136745,5.67114270142114,5.00227300216501));
#1495=CARTESIAN_POINT('Ctrl Pts',(8.71839237048945,5.67435041129532,5.00291290218298));
#1496=CARTESIAN_POINT('Ctrl Pts',(8.72585620542791,5.67747345183282,5.00369798938577));
#1497=CARTESIAN_POINT('Ctrl Pts',(8.73313145280138,5.68050700148278,5.00463726749521));
#1498=CARTESIAN_POINT('Ctrl Pts',(8.74290994460976,5.68458432543889,5.00589972948824));
#1499=CARTESIAN_POINT('Ctrl Pts',(8.75234978510995,5.68849998028845,5.00743962415477));
#1500=CARTESIAN_POINT('Ctrl Pts',(8.76138620860784,5.69224225866839,5.00931985695553));
#1501=CARTESIAN_POINT('Ctrl Pts',(8.77109706271969,5.69626384081337,5.01134042033758));
#1502=CARTESIAN_POINT('Ctrl Pts',(8.78012797683605,5.70000422117797,5.01371146452128));
#1503=CARTESIAN_POINT('Ctrl Pts',(8.78850213211439,5.70348604454065,5.01645797738708));
#1504=CARTESIAN_POINT('Ctrl Pts',(8.79748050822993,5.70721909207547,5.01940265953062));
#1505=CARTESIAN_POINT('Ctrl Pts',(8.80570425454404,5.71065492519235,5.02277927661551));
#1506=CARTESIAN_POINT('Ctrl Pts',(8.81326138143444,5.71382145251572,5.02660299176048));
#1507=CARTESIAN_POINT('Ctrl Pts',(8.81678313497673,5.71529710973036,5.02838491001484));
#1508=CARTESIAN_POINT('Ctrl Pts',(8.82016089135221,5.71671428117828,5.03026368116809));
#1509=CARTESIAN_POINT('Ctrl Pts',(8.82340704266148,5.71807579138282,5.03223949266669));
#1510=CARTESIAN_POINT('Ctrl Pts',(8.82639084195055,5.71932726514153,5.03405562025385));
#1511=CARTESIAN_POINT('Ctrl Pts',(8.82929133144981,5.72054288630731,5.03597077085881));
#1512=CARTESIAN_POINT('Ctrl Pts',(8.83211264968821,5.72172225196401,5.03798816759327));
#1513=CARTESIAN_POINT('Ctrl Pts',(8.83899442800524,5.72459896856183,5.042909015201));
#1514=CARTESIAN_POINT('Ctrl Pts',(8.84540231890376,5.72725997469615,5.0484387406821));
#1515=CARTESIAN_POINT('Ctrl Pts',(8.85127663338029,5.72969942299827,5.05470411192267));
#1516=CARTESIAN_POINT('Ctrl Pts',(8.85438501142628,5.7309902506475,5.05801941662621));
#1517=CARTESIAN_POINT('Ctrl Pts',(8.85734485261382,5.73221904278227,5.06154053468221));
#1518=CARTESIAN_POINT('Ctrl Pts',(8.86015278947588,5.73338493305851,5.06528396771386));
#1519=CARTESIAN_POINT('Ctrl Pts',(8.86513719660316,5.73545452083344,5.07192898688633));
#1520=CARTESIAN_POINT('Ctrl Pts',(8.86959965890075,5.73731078694897,5.07922117259457));
#1521=CARTESIAN_POINT('Ctrl Pts',(8.87357184795118,5.73896478331668,5.08719535044845));
#1522=CARTESIAN_POINT('Ctrl Pts',(8.87692371119163,5.74036047963284,5.09392422293712));
#1523=CARTESIAN_POINT('Ctrl Pts',(8.87992711190134,5.74161214902203,5.10113833250012));
#1524=CARTESIAN_POINT('Ctrl Pts',(8.88261261827364,5.74272643207236,5.1088319431494));
#1525=CARTESIAN_POINT('Ctrl Pts',(8.88401888268208,5.74330992597532,5.11286069949124));
#1526=CARTESIAN_POINT('Ctrl Pts',(8.88533808547691,5.74385574731715,5.11702065393278));
#1527=CARTESIAN_POINT('Ctrl Pts',(8.88656914068887,5.74436484961594,5.12133016990099));
#1528=CARTESIAN_POINT('Ctrl Pts',(8.88871727394456,5.74525320910456,5.12885007191457));
#1529=CARTESIAN_POINT('Ctrl Pts',(8.89055688255675,5.74601636819626,5.13668818488961));
#1530=CARTESIAN_POINT('Ctrl Pts',(8.89212101713889,5.74666785902887,5.14486841613758));
#1531=CARTESIAN_POINT('Ctrl Pts',(8.89378108706693,5.74735930869819,5.15355037743062));
#1532=CARTESIAN_POINT('Ctrl Pts',(8.8951308930846,5.74792497179768,5.16261761868134));
#1533=CARTESIAN_POINT('Ctrl Pts',(8.89621276844247,5.74838102626678,5.17203878381227));
#1534=CARTESIAN_POINT('Ctrl Pts',(8.89734262064268,5.7488573049264,5.18187773991223));
#1535=CARTESIAN_POINT('Ctrl Pts',(8.89818032127868,5.74921403799467,5.19210226637803));
#1536=CARTESIAN_POINT('Ctrl Pts',(8.89877621619938,5.74946965254752,5.2026175628758));
#1537=CARTESIAN_POINT('Ctrl Pts',(8.89942580258952,5.74974829854514,5.21408031118224));
#1538=CARTESIAN_POINT('Ctrl Pts',(8.8997881528748,5.74990678309509,5.2258882189453));
#1539=CARTESIAN_POINT('Ctrl Pts',(8.8999295718354,5.74996897651107,5.23785558061928));
#1540=CARTESIAN_POINT('Ctrl Pts',(8.89997723332584,5.74998993714385,5.24188886082094));
#1541=CARTESIAN_POINT('Ctrl Pts',(8.8999998010695,5.74999996057401,5.24593979135467));
#1542=CARTESIAN_POINT('Ctrl Pts',(8.8999998010695,5.74999996057401,5.25));
#1543=CARTESIAN_POINT('Origin',(9.50000016391277,7.00000012665987,0.));
#1544=CARTESIAN_POINT('',(8.6499998010695,6.50416658166796,5.));
#1545=CARTESIAN_POINT('',(5.11968917901497,4.44481871880282,5.));
#1546=CARTESIAN_POINT('',(8.8999998010695,6.64999991500129,5.25));
#1547=CARTESIAN_POINT('Ctrl Pts',(8.8999998010695,6.6499999150013,5.25));
#1548=CARTESIAN_POINT('Ctrl Pts',(8.8999998010695,6.6499999150013,5.23685894872609));
#1549=CARTESIAN_POINT('Ctrl Pts',(8.89976355508615,6.64985122761622,5.22403286195362));
#1550=CARTESIAN_POINT('Ctrl Pts',(8.89922802483345,6.64952500435078,5.21167256648223));
#1551=CARTESIAN_POINT('Ctrl Pts',(8.89874199777582,6.64922893641992,5.20045482853175));
#1552=CARTESIAN_POINT('Ctrl Pts',(8.89800937956404,6.64878663763587,5.18962100363363));
#1553=CARTESIAN_POINT('Ctrl Pts',(8.89698251781857,6.64817654284883,5.1792426886401));
#1554=CARTESIAN_POINT('Ctrl Pts',(8.89601998079869,6.64760466565041,5.16951449258123));
#1555=CARTESIAN_POINT('Ctrl Pts',(8.89479885976717,6.64688535618451,5.16018678528624));
#1556=CARTESIAN_POINT('Ctrl Pts',(8.89328028551783,6.64600085339119,5.15127684323812));
#1557=CARTESIAN_POINT('Ctrl Pts',(8.89167510895414,6.64506590855397,5.14185877878351));
#1558=CARTESIAN_POINT('Ctrl Pts',(8.88976775204467,6.64396205158004,5.13309005477594));
#1559=CARTESIAN_POINT('Ctrl Pts',(8.88755791614493,6.64268304528218,5.12488461941339));
#1560=CARTESIAN_POINT('Ctrl Pts',(8.88604962066205,6.64181007574545,5.1192841035136));
#1561=CARTESIAN_POINT('Ctrl Pts',(8.88440065776491,6.64085551163519,5.11394471056597));
#1562=CARTESIAN_POINT('Ctrl Pts',(8.88261394723755,6.6398173697446,5.1088256769755));
#1563=CARTESIAN_POINT('Ctrl Pts',(8.87997800842642,6.6382857962418,5.10127355305281));
#1564=CARTESIAN_POINT('Ctrl Pts',(8.8770420612035,6.63657231419846,5.09420122200713));
#1565=CARTESIAN_POINT('Ctrl Pts',(8.87377973427035,6.63467055549247,5.08760461929478));
#1566=CARTESIAN_POINT('Ctrl Pts',(8.86999805860265,6.63246604479453,5.0799578651595));
#1567=CARTESIAN_POINT('Ctrl Pts',(8.86573060094057,6.62998170288053,5.07285754085321));
#1568=CARTESIAN_POINT('Ctrl Pts',(8.86092424623731,6.62718756622329,5.06631524221961));
#1569=CARTESIAN_POINT('Ctrl Pts',(8.85595257111924,6.62429732183791,5.05954791326871));
#1570=CARTESIAN_POINT('Ctrl Pts',(8.85040359570377,6.62107560465738,5.05337713529541));
#1571=CARTESIAN_POINT('Ctrl Pts',(8.84424168483969,6.61748925168982,5.04776577340591));
#1572=CARTESIAN_POINT('Ctrl Pts',(8.84376631122188,6.61721257492144,5.04733287305064));
#1573=CARTESIAN_POINT('Ctrl Pts',(8.84328730378239,6.61693372795876,5.04690328095471));
#1574=CARTESIAN_POINT('Ctrl Pts',(8.84280465353604,6.61665269557484,5.04647696988459));
#1575=CARTESIAN_POINT('Ctrl Pts',(8.83941982666387,6.61468181506204,5.04348724973643));
#1576=CARTESIAN_POINT('Ctrl Pts',(8.83585655661684,6.61260371855333,5.04065996200213));
#1577=CARTESIAN_POINT('Ctrl Pts',(8.83211355275954,6.61041243160157,5.03798371305276));
#1578=CARTESIAN_POINT('Ctrl Pts',(8.82572251188204,6.60667089004378,5.03341411679107));
#1579=CARTESIAN_POINT('Ctrl Pts',(8.81880505158482,6.60259934965515,5.02928589677421));
#1580=CARTESIAN_POINT('Ctrl Pts',(8.81124746434574,6.59816806970142,5.02559813424803));
#1581=CARTESIAN_POINT('Ctrl Pts',(8.80420115677447,6.59403657104972,5.0221598531952));
#1582=CARTESIAN_POINT('Ctrl Pts',(8.79659787970788,6.58959236002903,5.01910415039362));
#1583=CARTESIAN_POINT('Ctrl Pts',(8.78838391474897,6.58481133275869,5.01641581818751));
#1584=CARTESIAN_POINT('Ctrl Pts',(8.77980243530219,6.57981638970011,5.01360720289777));
#1585=CARTESIAN_POINT('Ctrl Pts',(8.77052515733337,6.57443489518065,5.0111895684235));
#1586=CARTESIAN_POINT('Ctrl Pts',(8.76050933529139,6.56862420497094,5.0091360403353));
#1587=CARTESIAN_POINT('Ctrl Pts',(8.75192446841832,6.56364368498148,5.00737589871303));
#1588=CARTESIAN_POINT('Ctrl Pts',(8.74279753990467,6.55834784661463,5.00588305015081));
#1589=CARTESIAN_POINT('Ctrl Pts',(8.73313185678412,6.55270983635379,5.00463547002555));
#1590=CARTESIAN_POINT('Ctrl Pts',(8.7241267133497,6.5474571200739,5.00347314783541));
#1591=CARTESIAN_POINT('Ctrl Pts',(8.71465196963885,6.54190740102608,5.00252416733706));
#1592=CARTESIAN_POINT('Ctrl Pts',(8.70461686612667,6.53603896343142,5.0017968667217));
#1593=CARTESIAN_POINT('Ctrl Pts',(8.69481420033678,6.53030645331039,5.00108641218054));
#1594=CARTESIAN_POINT('Ctrl Pts',(8.6844767136125,6.52426981826374,5.00058748271203));
#1595=CARTESIAN_POINT('Ctrl Pts',(8.67356868927892,6.51790881680375,5.00029919442965));
#1596=CARTESIAN_POINT('Ctrl Pts',(8.66598616220731,6.5134870751301,5.00009879574711));
#1597=CARTESIAN_POINT('Ctrl Pts',(8.65812896922169,6.50890859642341,5.));
#1598=CARTESIAN_POINT('Ctrl Pts',(8.6499998010695,6.50416658166796,5.));
#1599=CARTESIAN_POINT('',(8.6499998010695,6.50416658166796,5.5));
#1600=CARTESIAN_POINT('Ctrl Pts',(8.6499998010695,6.50416658166796,5.5));
#1601=CARTESIAN_POINT('Ctrl Pts',(8.66324557244364,6.51189328163621,5.5));
#1602=CARTESIAN_POINT('Ctrl Pts',(8.67582708477673,6.51916961079066,5.49975925248244));
#1603=CARTESIAN_POINT('Ctrl Pts',(8.68770288836529,6.52603138903154,5.49925502271231));
#1604=CARTESIAN_POINT('Ctrl Pts',(8.69969563551238,6.53296073665915,5.49874582768461));
#1605=CARTESIAN_POINT('Ctrl Pts',(8.71096877471073,6.53946732883353,5.49796790556366));
#1606=CARTESIAN_POINT('Ctrl Pts',(8.72153287253852,6.54558805408772,5.49690541234793));
#1607=CARTESIAN_POINT('Ctrl Pts',(8.73241171145628,6.55189113696195,5.49581126377664));
#1608=CARTESIAN_POINT('Ctrl Pts',(8.74253870094857,6.55778501777501,5.4944152910449));
#1609=CARTESIAN_POINT('Ctrl Pts',(8.75198080962879,6.56330998137964,5.4927087885086));
#1610=CARTESIAN_POINT('Ctrl Pts',(8.75739662309901,6.56647899513768,5.49172997119818));
#1611=CARTESIAN_POINT('Ctrl Pts',(8.76258812723263,6.56952663694836,5.49064915244893));
#1612=CARTESIAN_POINT('Ctrl Pts',(8.76757550597332,6.57246050877711,5.48946597540353));
#1613=CARTESIAN_POINT('Ctrl Pts',(8.77596927519271,6.57739822141739,5.48747468587427));
#1614=CARTESIAN_POINT('Ctrl Pts',(8.78379872875194,6.58202226937722,5.4851888738093));
#1615=CARTESIAN_POINT('Ctrl Pts',(8.79117501161445,6.58635533710823,5.48261433436512));
#1616=CARTESIAN_POINT('Ctrl Pts',(8.80046104231015,6.59181025264043,5.47937323681618));
#1617=CARTESIAN_POINT('Ctrl Pts',(8.80903033268687,6.59680401140555,5.47567449524222));
#1618=CARTESIAN_POINT('Ctrl Pts',(8.81688964474595,6.60138187250662,5.47146814216608));
#1619=CARTESIAN_POINT('Ctrl Pts',(8.82062858255432,6.60355971425963,5.46946703921541));
#1620=CARTESIAN_POINT('Ctrl Pts',(8.82420759514639,6.60564342908187,5.46735130898331));
#1621=CARTESIAN_POINT('Ctrl Pts',(8.82763114127916,6.6076378899807,5.46511721491897));
#1622=CARTESIAN_POINT('Ctrl Pts',(8.83426286557235,6.61150134450465,5.46078956887444));
#1623=CARTESIAN_POINT('Ctrl Pts',(8.84045913492549,6.61511401856587,5.45591788475055));
#1624=CARTESIAN_POINT('Ctrl Pts',(8.84619113596686,6.61846624388638,5.45043625976365));
#1625=CARTESIAN_POINT('Ctrl Pts',(8.85192313700822,6.6218184692069,5.44495463477674));
#1626=CARTESIAN_POINT('Ctrl Pts',(8.8571915175191,6.62491024578671,5.43886248707848));
#1627=CARTESIAN_POINT('Ctrl Pts',(8.86201672176755,6.62773190534784,5.43211388026305));
#1628=CARTESIAN_POINT('Ctrl Pts',(8.86228680439956,6.62788984296077,5.43173613843134));
#1629=CARTESIAN_POINT('Ctrl Pts',(8.86255550974072,6.62804693429413,5.43135634647901));
#1630=CARTESIAN_POINT('Ctrl Pts',(8.86282283031988,6.62820317765244,5.43097447129584));
#1631=CARTESIAN_POINT('Ctrl Pts',(8.86748997739071,6.63093102873802,5.42430731664525));
#1632=CARTESIAN_POINT('Ctrl Pts',(8.87168908289842,6.63337790605685,5.41706453885959));
#1633=CARTESIAN_POINT('Ctrl Pts',(8.87542069328817,6.63555766618629,5.40912049265536));
#1634=CARTESIAN_POINT('Ctrl Pts',(8.87884991999826,6.63756079375771,5.40182017654932));
#1635=CARTESIAN_POINT('Ctrl Pts',(8.88188471581366,6.63933834078248,5.39392714454558));
#1636=CARTESIAN_POINT('Ctrl Pts',(8.88454116482454,6.6409010609053,5.3853857334136));
#1637=CARTESIAN_POINT('Ctrl Pts',(8.88570159204578,6.64158371017214,5.38165455470673));
#1638=CARTESIAN_POINT('Ctrl Pts',(8.88679000294541,6.64222536532421,5.3778002575716));
#1639=CARTESIAN_POINT('Ctrl Pts',(8.88780853636904,6.64282692276792,5.37382130383891));
#1640=CARTESIAN_POINT('Ctrl Pts',(8.8901584957723,6.64421483556357,5.3646410653485));
#1641=CARTESIAN_POINT('Ctrl Pts',(8.89214730800392,6.64539660975403,5.35474951350258));
#1642=CARTESIAN_POINT('Ctrl Pts',(8.89380211535613,6.64637633644504,5.34412922761067));
#1643=CARTESIAN_POINT('Ctrl Pts',(8.89436046390422,6.64670690602748,5.3405458369519));
#1644=CARTESIAN_POINT('Ctrl Pts',(8.89488086505435,6.64701447340974,5.3368799064632));
#1645=CARTESIAN_POINT('Ctrl Pts',(8.89536458698213,6.64729919574187,5.3331321131466));
#1646=CARTESIAN_POINT('Ctrl Pts',(8.89652519958728,6.64798234097193,5.32413988865794));
#1647=CARTESIAN_POINT('Ctrl Pts',(8.89747393674478,6.64853397124983,5.31467261923344));
#1648=CARTESIAN_POINT('Ctrl Pts',(8.89820145313564,6.64895625722195,5.30463924784083));
#1649=CARTESIAN_POINT('Ctrl Pts',(8.8989088105278,6.64936684192867,5.29488389454316));
#1650=CARTESIAN_POINT('Ctrl Pts',(8.89940704174207,6.64965515110865,5.28459324065356));
#1651=CARTESIAN_POINT('Ctrl Pts',(8.89969630574871,6.64982317992048,5.27373193399963));
#1652=CARTESIAN_POINT('Ctrl Pts',(8.89989953745939,6.64994123395446,5.26610097445787));
#1653=CARTESIAN_POINT('Ctrl Pts',(8.8999998010695,6.64999991500129,5.25818933820734));
#1654=CARTESIAN_POINT('Ctrl Pts',(8.8999998010695,6.64999991500129,5.25));
#1655=CARTESIAN_POINT('',(5.11968917901497,4.44481871880282,5.5));
#1656=CARTESIAN_POINT('Origin',(-1.9499999564141,6.49999985471368,5.5));
#1657=CARTESIAN_POINT('',(8.6499998010695,11.0916918813741,5.5));
#1658=CARTESIAN_POINT('Ctrl Pts',(8.6499998010695,11.0916918813741,5.5));
#1659=CARTESIAN_POINT('Ctrl Pts',(8.6499998010695,10.5389056677326,5.5));
#1660=CARTESIAN_POINT('Ctrl Pts',(8.6499998010695,9.98611945409099,5.5));
#1661=CARTESIAN_POINT('Ctrl Pts',(8.6499998010695,9.43333324044943,5.5));
#1662=CARTESIAN_POINT('',(8.00113843847579,11.7000005160196,5.5));
#1663=CARTESIAN_POINT('Ctrl Pts',(8.00113843847579,11.7000005160196,5.5));
#1664=CARTESIAN_POINT('Ctrl Pts',(8.21742555934036,11.4972309711378,5.5));
#1665=CARTESIAN_POINT('Ctrl Pts',(8.43371268020493,11.2944614262559,5.5));
#1666=CARTESIAN_POINT('Ctrl Pts',(8.64999980106949,11.0916918813741,5.5));
#1667=CARTESIAN_POINT('',(6.41075888194222,11.6999996863409,5.5));
#1668=CARTESIAN_POINT('Ctrl Pts',(6.41075888194222,11.6999996863409,5.5));
#1669=CARTESIAN_POINT('Ctrl Pts',(6.94088540078674,11.6999999629005,5.5));
#1670=CARTESIAN_POINT('Ctrl Pts',(7.47101191963127,11.70000023946,5.5));
#1671=CARTESIAN_POINT('Ctrl Pts',(8.00113843847579,11.7000005160196,5.5));
#1672=CARTESIAN_POINT('',(5.70000028680015,12.2815310047214,5.5));
#1673=CARTESIAN_POINT('Ctrl Pts',(5.70000028680015,12.2815310047214,5.5));
#1674=CARTESIAN_POINT('Ctrl Pts',(5.93691981851418,12.0876872319279,5.5));
#1675=CARTESIAN_POINT('Ctrl Pts',(6.17383935022821,11.8938434591344,5.5));
#1676=CARTESIAN_POINT('Ctrl Pts',(6.41075888194224,11.6999996863409,5.5));
#1677=CARTESIAN_POINT('',(5.69999987129228,24.0288489716406,5.5));
#1678=CARTESIAN_POINT('Ctrl Pts',(5.69999987129228,24.0288489716406,5.5));
#1679=CARTESIAN_POINT('Ctrl Pts',(5.70000000979491,20.1130763160009,5.5));
#1680=CARTESIAN_POINT('Ctrl Pts',(5.70000014829753,16.1973036603611,5.5));
#1681=CARTESIAN_POINT('Ctrl Pts',(5.70000028680016,12.2815310047214,5.5));
#1682=CARTESIAN_POINT('',(4.91320927367762,24.6499994434416,5.5));
#1683=CARTESIAN_POINT('Ctrl Pts',(4.91320927367762,24.6499994434416,5.5));
#1684=CARTESIAN_POINT('Ctrl Pts',(5.17547280621584,24.4429492861746,5.5));
#1685=CARTESIAN_POINT('Ctrl Pts',(5.43773633875406,24.2358991289076,5.5));
#1686=CARTESIAN_POINT('Ctrl Pts',(5.69999987129228,24.0288489716406,5.5));
#1687=CARTESIAN_POINT('',(-11.9283006751763,24.6499994434416,5.5));
#1688=CARTESIAN_POINT('Ctrl Pts',(-11.9283006751763,24.6499994434416,5.5));
#1689=CARTESIAN_POINT('Ctrl Pts',(-6.3144640255583,24.6499994434416,5.5));
#1690=CARTESIAN_POINT('Ctrl Pts',(-0.700627375940341,24.6499994434416,5.5));
#1691=CARTESIAN_POINT('Ctrl Pts',(4.91320927367762,24.6499994434416,5.5));
#1692=CARTESIAN_POINT('',(-12.5499997138977,24.2614375442407,5.5));
#1693=CARTESIAN_POINT('Ctrl Pts',(-12.5499997138977,24.2614375442407,5.5));
#1694=CARTESIAN_POINT('Ctrl Pts',(-12.3427667009906,24.3909581773077,5.5));
#1695=CARTESIAN_POINT('Ctrl Pts',(-12.1355336880834,24.5204788103747,5.5));
#1696=CARTESIAN_POINT('Ctrl Pts',(-11.9283006751763,24.6499994434416,5.5));
#1697=CARTESIAN_POINT('',(-12.5499997138977,-10.8964463635376,5.5));
#1698=CARTESIAN_POINT('Ctrl Pts',(-12.5499997138977,-10.8964463635376,5.5));
#1699=CARTESIAN_POINT('Ctrl Pts',(-12.5499997138977,0.822848272388531,5.5));
#1700=CARTESIAN_POINT('Ctrl Pts',(-12.5499997138977,12.5421429083146,5.5));
#1701=CARTESIAN_POINT('Ctrl Pts',(-12.5499997138977,24.2614375442407,5.5));
#1702=CARTESIAN_POINT('',(-11.796446343421,-11.6499997340143,5.5));
#1703=CARTESIAN_POINT('Ctrl Pts',(-11.796446343421,-11.6499997340143,5.5));
#1704=CARTESIAN_POINT('Ctrl Pts',(-12.0476308002466,-11.3988152771887,5.5));
#1705=CARTESIAN_POINT('Ctrl Pts',(-12.2988152570721,-11.1476308203631,5.5));
#1706=CARTESIAN_POINT('Ctrl Pts',(-12.5499997138977,-10.8964463635376,5.5));
#1707=CARTESIAN_POINT('',(3.71075907052027,-11.6499997340143,5.5));
#1708=CARTESIAN_POINT('Ctrl Pts',(3.71075907052027,-11.6499997340143,5.5));
#1709=CARTESIAN_POINT('Ctrl Pts',(-1.45830940079349,-11.6499997340143,5.5));
#1710=CARTESIAN_POINT('Ctrl Pts',(-6.62737787210724,-11.6499997340143,5.5));
#1711=CARTESIAN_POINT('Ctrl Pts',(-11.796446343421,-11.6499997340143,5.5));
#1712=CARTESIAN_POINT('',(4.64999989047646,-10.8815299722319,5.5));
#1713=CARTESIAN_POINT('Ctrl Pts',(4.64999989047646,-10.8815299722319,5.5));
#1714=CARTESIAN_POINT('Ctrl Pts',(4.33691961715773,-11.1376865594927,5.5));
#1715=CARTESIAN_POINT('Ctrl Pts',(4.023839343839,-11.3938431467535,5.5));
#1716=CARTESIAN_POINT('Ctrl Pts',(3.71075907052027,-11.6499997340143,5.5));
#1717=CARTESIAN_POINT('',(4.64999989047647,-7.39644644176867,5.5));
#1718=CARTESIAN_POINT('Ctrl Pts',(4.64999989047647,-7.39644644176866,5.5));
#1719=CARTESIAN_POINT('Ctrl Pts',(4.64999989047647,-8.55814095192309,5.5));
#1720=CARTESIAN_POINT('Ctrl Pts',(4.64999989047647,-9.71983546207751,5.5));
#1721=CARTESIAN_POINT('Ctrl Pts',(4.64999989047647,-10.8815299722319,5.5));
#1722=CARTESIAN_POINT('',(5.39644648647217,-6.64999984577296,5.5));
#1723=CARTESIAN_POINT('Ctrl Pts',(5.39644648647217,-6.64999984577296,5.5));
#1724=CARTESIAN_POINT('Ctrl Pts',(5.1476309544736,-6.89881537777153,5.5));
#1725=CARTESIAN_POINT('Ctrl Pts',(4.89881542247503,-7.1476309097701,5.5));
#1726=CARTESIAN_POINT('Ctrl Pts',(4.64999989047646,-7.39644644176867,5.5));
#1727=CARTESIAN_POINT('',(8.19054200653911,-6.64999984577298,5.5));
#1728=CARTESIAN_POINT('Ctrl Pts',(8.19054200653911,-6.64999984577298,5.5));
#1729=CARTESIAN_POINT('Ctrl Pts',(7.25917683318345,-6.64999984577298,5.5));
#1730=CARTESIAN_POINT('Ctrl Pts',(6.3278116598278,-6.64999984577298,5.5));
#1731=CARTESIAN_POINT('Ctrl Pts',(5.39644648647215,-6.64999984577298,5.5));
#1732=CARTESIAN_POINT('',(8.6499998010695,-6.1522539016984,5.5));
#1733=CARTESIAN_POINT('Ctrl Pts',(8.6499998010695,-6.1522539016984,5.5));
#1734=CARTESIAN_POINT('Ctrl Pts',(8.49684720289271,-6.31816921638993,5.5));
#1735=CARTESIAN_POINT('Ctrl Pts',(8.34369460471591,-6.48408453108146,5.5));
#1736=CARTESIAN_POINT('Ctrl Pts',(8.19054200653911,-6.64999984577299,5.5));
#1737=CARTESIAN_POINT('Ctrl Pts',(8.64999980106949,5.64583329390734,5.5));
#1738=CARTESIAN_POINT('Ctrl Pts',(8.6499998010695,1.71313756203876,5.5));
#1739=CARTESIAN_POINT('Ctrl Pts',(8.6499998010695,-2.21955816982982,5.5));
#1740=CARTESIAN_POINT('Ctrl Pts',(8.6499998010695,-6.1522539016984,5.5));
#1741=CARTESIAN_POINT('Ctrl Pts',(8.6499998010695,7.14583329390734,5.5));
#1742=CARTESIAN_POINT('Ctrl Pts',(8.6499998010695,6.93194438982755,5.5));
#1743=CARTESIAN_POINT('Ctrl Pts',(8.6499998010695,6.71805548574775,5.5));
#1744=CARTESIAN_POINT('Ctrl Pts',(8.6499998010695,6.50416658166796,5.5));
#1745=CARTESIAN_POINT('Ctrl Pts',(8.6499998010695,8.57499995268881,5.5));
#1746=CARTESIAN_POINT('Ctrl Pts',(8.6499998010695,8.38472216234853,5.5));
#1747=CARTESIAN_POINT('Ctrl Pts',(8.6499998010695,8.19444437200824,5.5));
#1748=CARTESIAN_POINT('Ctrl Pts',(8.6499998010695,8.00416658166796,5.5));
#1749=CARTESIAN_POINT('Ctrl Pts',(8.8999998010695,-6.24999986030161,5.25));
#1750=CARTESIAN_POINT('Ctrl Pts',(8.8999998010695,-2.24999992000974,5.25));
#1751=CARTESIAN_POINT('Ctrl Pts',(8.8999998010695,1.75000002028214,5.25));
#1752=CARTESIAN_POINT('Ctrl Pts',(8.8999998010695,5.74999996057401,5.25));
#1753=CARTESIAN_POINT('Ctrl Pts',(8.8999998010695,-6.24999986030161,5.18265649702985));
#1754=CARTESIAN_POINT('Ctrl Pts',(8.8999998010695,-2.24999992000975,5.18265649702985));
#1755=CARTESIAN_POINT('Ctrl Pts',(8.8999998010695,1.75000002028214,5.18265649702985));
#1756=CARTESIAN_POINT('Ctrl Pts',(8.8999998010695,5.74999996057401,5.18265649702985));
#1757=CARTESIAN_POINT('Ctrl Pts',(8.88758213982221,-6.24999986030161,5.09905630771534));
#1758=CARTESIAN_POINT('Ctrl Pts',(8.88758213982221,-2.24999992000973,5.09905630771534));
#1759=CARTESIAN_POINT('Ctrl Pts',(8.88758213982221,1.75000002028213,5.09905630771534));
#1760=CARTESIAN_POINT('Ctrl Pts',(8.88758213982221,5.74999996057401,5.09905630771534));
#1761=CARTESIAN_POINT('Ctrl Pts',(8.83913851865988,-6.24999986030161,5.03230983634791));
#1762=CARTESIAN_POINT('Ctrl Pts',(8.83913851865988,-2.24999992000974,5.03230983634791));
#1763=CARTESIAN_POINT('Ctrl Pts',(8.83913851865988,1.75000002028214,5.03230983634791));
#1764=CARTESIAN_POINT('Ctrl Pts',(8.83913851865988,5.74999996057401,5.03230983634791));
#1765=CARTESIAN_POINT('Ctrl Pts',(8.76363948949959,-6.24999986030161,5.00507943310185));
#1766=CARTESIAN_POINT('Ctrl Pts',(8.76363948949959,-2.24999992000973,5.00507943310185));
#1767=CARTESIAN_POINT('Ctrl Pts',(8.76363948949959,1.75000002028213,5.00507943310185));
#1768=CARTESIAN_POINT('Ctrl Pts',(8.76363948949959,5.74999996057401,5.00507943310185));
#1769=CARTESIAN_POINT('Ctrl Pts',(8.68367155255457,-6.24999986030161,5.));
#1770=CARTESIAN_POINT('Ctrl Pts',(8.68367155255457,-2.24999992000974,5.));
#1771=CARTESIAN_POINT('Ctrl Pts',(8.68367155255457,1.75000002028214,5.));
#1772=CARTESIAN_POINT('Ctrl Pts',(8.68367155255457,5.74999996057401,5.));
#1773=CARTESIAN_POINT('Ctrl Pts',(8.6499998010695,-6.24999986030161,5.));
#1774=CARTESIAN_POINT('Ctrl Pts',(8.6499998010695,-2.24999992000974,5.));
#1775=CARTESIAN_POINT('Ctrl Pts',(8.6499998010695,1.75000002028214,5.));
#1776=CARTESIAN_POINT('Ctrl Pts',(8.6499998010695,5.74999996057401,5.));
#1777=CARTESIAN_POINT('',(8.8999998010695,-6.24999986030161,5.25));
#1778=CARTESIAN_POINT('Ctrl Pts',(8.8999998010695,5.74999996057401,5.25));
#1779=CARTESIAN_POINT('Ctrl Pts',(8.8999998010695,1.75000002028214,5.25));
#1780=CARTESIAN_POINT('Ctrl Pts',(8.8999998010695,-2.24999992000974,5.25));
#1781=CARTESIAN_POINT('Ctrl Pts',(8.8999998010695,-6.24999986030161,5.25));
#1782=CARTESIAN_POINT('',(8.6499998010695,-6.1522539016984,5.));
#1783=CARTESIAN_POINT('Ctrl Pts',(8.6499998010695,-6.15225390169841,5.));
#1784=CARTESIAN_POINT('Ctrl Pts',(8.65108594020094,-6.15267856454072,5.));
#1785=CARTESIAN_POINT('Ctrl Pts',(8.65217223927504,-6.15310325791734,5.00000176172747));
#1786=CARTESIAN_POINT('Ctrl Pts',(8.65325850511199,-6.15352791874539,5.0000053428192));
#1787=CARTESIAN_POINT('Ctrl Pts',(8.66423297970187,-6.15781824005367,5.000041522361));
#1788=CARTESIAN_POINT('Ctrl Pts',(8.67493618479356,-6.16199565209048,5.0002629363398));
#1789=CARTESIAN_POINT('Ctrl Pts',(8.68530510589844,-6.16605094993343,5.0007001158228));
#1790=CARTESIAN_POINT('Ctrl Pts',(8.69494582045576,-6.16982144529677,5.00110659230799));
#1791=CARTESIAN_POINT('Ctrl Pts',(8.70429734379256,-6.17348637626693,5.00169963976849));
#1792=CARTESIAN_POINT('Ctrl Pts',(8.7133529077955,-6.17703834428572,5.00249911850324));
#1793=CARTESIAN_POINT('Ctrl Pts',(8.72010407330123,-6.17968643157858,5.00309515131299));
#1794=CARTESIAN_POINT('Ctrl Pts',(8.72669154683998,-6.18227173291251,5.00380583697665));
#1795=CARTESIAN_POINT('Ctrl Pts',(8.73313145280138,-6.18479118253676,5.00463726749521));
#1796=CARTESIAN_POINT('Ctrl Pts',(8.74287087096222,-6.18860148249654,5.00589468484578));
#1797=CARTESIAN_POINT('Ctrl Pts',(8.75227389406593,-6.19226116544389,5.00742727423894));
#1798=CARTESIAN_POINT('Ctrl Pts',(8.76127646525355,-6.1957596267052,5.00929704321444));
#1799=CARTESIAN_POINT('Ctrl Pts',(8.77098763345016,-6.19953345365196,5.01131398266778));
#1800=CARTESIAN_POINT('Ctrl Pts',(8.78001956340185,-6.20304359162728,5.01368094848462));
#1801=CARTESIAN_POINT('Ctrl Pts',(8.78839513294465,-6.20631124664154,5.0164229163486));
#1802=CARTESIAN_POINT('Ctrl Pts',(8.79737258911806,-6.20981372244697,5.01936192798261));
#1803=CARTESIAN_POINT('Ctrl Pts',(8.80559628338945,-6.21303761236245,5.02273210306719));
#1804=CARTESIAN_POINT('Ctrl Pts',(8.81315376476588,-6.21600903053253,5.02654859318453));
#1805=CARTESIAN_POINT('Ctrl Pts',(8.8166328696732,-6.21737693010414,5.02830552367958));
#1806=CARTESIAN_POINT('Ctrl Pts',(8.81997154606356,-6.218691324763,5.0301567993759));
#1807=CARTESIAN_POINT('Ctrl Pts',(8.82318168155359,-6.21995476220229,5.03210260764257));
#1808=CARTESIAN_POINT('Ctrl Pts',(8.82624581551787,-6.22116073671068,5.03395991778302));
#1809=CARTESIAN_POINT('Ctrl Pts',(8.82922124591528,-6.22233097768547,5.03592065587122));
#1810=CARTESIAN_POINT('Ctrl Pts',(8.83211264968821,-6.22346515412736,5.03798816759327));
#1811=CARTESIAN_POINT('Ctrl Pts',(8.83900741760839,-6.22616968243315,5.04291830347718));
#1812=CARTESIAN_POINT('Ctrl Pts',(8.84542162452922,-6.22866914073984,5.04845616947147));
#1813=CARTESIAN_POINT('Ctrl Pts',(8.85129810366375,-6.23095904097563,5.05472701728241));
#1814=CARTESIAN_POINT('Ctrl Pts',(8.8543597673642,-6.23215208604038,5.05799414827603));
#1815=CARTESIAN_POINT('Ctrl Pts',(8.85727630896912,-6.2332882477813,5.06146006232507));
#1816=CARTESIAN_POINT('Ctrl Pts',(8.86004480727311,-6.23436689148062,5.06514021881514));
#1817=CARTESIAN_POINT('Ctrl Pts',(8.86503840232794,-6.23631246241888,5.0717781897409));
#1818=CARTESIAN_POINT('Ctrl Pts',(8.86950960728042,-6.23805766711005,5.07906342126942));
#1819=CARTESIAN_POINT('Ctrl Pts',(8.87348994257764,-6.23961288166014,5.08703115993458));
#1820=CARTESIAN_POINT('Ctrl Pts',(8.87687474491436,-6.24093540688733,5.09380677516253));
#1821=CARTESIAN_POINT('Ctrl Pts',(8.87990521435352,-6.24212054108632,5.10107559900269));
#1822=CARTESIAN_POINT('Ctrl Pts',(8.88261261827364,-6.24317466506049,5.1088319431494));
#1823=CARTESIAN_POINT('Ctrl Pts',(8.88401886536919,-6.24372218542345,5.11286064989216));
#1824=CARTESIAN_POINT('Ctrl Pts',(8.88533806559642,-6.24423436124412,5.11702058698909));
#1825=CARTESIAN_POINT('Ctrl Pts',(8.88656912998728,-6.24471208665341,5.1213301324383));
#1826=CARTESIAN_POINT('Ctrl Pts',(8.88871672810662,-6.24554548107062,5.1288481564918));
#1827=CARTESIAN_POINT('Ctrl Pts',(8.89055585480774,-6.24626141351875,5.13668388173645));
#1828=CARTESIAN_POINT('Ctrl Pts',(8.89211960231257,-6.24687259595617,5.14486101725486));
#1829=CARTESIAN_POINT('Ctrl Pts',(8.89377951714373,-6.24752136488419,5.15354103016074));
#1830=CARTESIAN_POINT('Ctrl Pts',(8.89512917942981,-6.24805210380674,5.16260564395795));
#1831=CARTESIAN_POINT('Ctrl Pts',(8.89621098456683,-6.24848001714836,5.17202325193141));
#1832=CARTESIAN_POINT('Ctrl Pts',(8.89734089979081,-6.24892696067146,5.18185968019244));
#1833=CARTESIAN_POINT('Ctrl Pts',(8.89817867335345,-6.24926172952126,5.19208075649127));
#1834=CARTESIAN_POINT('Ctrl Pts',(8.89877473045586,-6.24950164818744,5.20259135453512));
#1835=CARTESIAN_POINT('Ctrl Pts',(8.89942470964254,-6.2497632710066,5.21405278992522));
#1836=CARTESIAN_POINT('Ctrl Pts',(8.8997873684209,-6.24991210622933,5.2258581290839));
#1837=CARTESIAN_POINT('Ctrl Pts',(8.8999291633338,-6.24997061827504,5.23782106408049));
#1838=CARTESIAN_POINT('Ctrl Pts',(8.89997710715681,-6.24999040242037,5.24186598238124));
#1839=CARTESIAN_POINT('Ctrl Pts',(8.8999998010695,-6.24999986030161,5.24592845382697));
#1840=CARTESIAN_POINT('Ctrl Pts',(8.8999998010695,-6.24999986030161,5.25));
#1841=CARTESIAN_POINT('Ctrl Pts',(8.6499998010695,-6.1522539016984,5.));
#1842=CARTESIAN_POINT('Ctrl Pts',(8.6499998010695,-2.21955816982982,5.));
#1843=CARTESIAN_POINT('Ctrl Pts',(8.6499998010695,1.71313756203876,5.));
#1844=CARTESIAN_POINT('Ctrl Pts',(8.6499998010695,5.64583329390734,5.));
#1845=CARTESIAN_POINT('Ctrl Pts',(8.8999998010695,6.50416658166796,5.25));
#1846=CARTESIAN_POINT('Ctrl Pts',(8.8999998010695,6.75277770796998,5.25));
#1847=CARTESIAN_POINT('Ctrl Pts',(8.8999998010695,7.001388834272,5.25));
#1848=CARTESIAN_POINT('Ctrl Pts',(8.8999998010695,7.24999996057401,5.25));
#1849=CARTESIAN_POINT('Ctrl Pts',(8.8999998010695,6.50416658166796,5.18265649702985));
#1850=CARTESIAN_POINT('Ctrl Pts',(8.8999998010695,6.75277770796998,5.18265649702985));
#1851=CARTESIAN_POINT('Ctrl Pts',(8.8999998010695,7.001388834272,5.18265649702985));
#1852=CARTESIAN_POINT('Ctrl Pts',(8.8999998010695,7.24999996057401,5.18265649702985));
#1853=CARTESIAN_POINT('Ctrl Pts',(8.88758423483124,6.50416658166796,5.09904655257005));
#1854=CARTESIAN_POINT('Ctrl Pts',(8.88758423483124,6.75277770796998,5.09904655257005));
#1855=CARTESIAN_POINT('Ctrl Pts',(8.88758423483124,7.00138883427199,5.09904655257005));
#1856=CARTESIAN_POINT('Ctrl Pts',(8.88758423483124,7.24999996057401,5.09904655257005));
#1857=CARTESIAN_POINT('Ctrl Pts',(8.83913915991175,6.50416658166796,5.03230638231304));
#1858=CARTESIAN_POINT('Ctrl Pts',(8.83913915991175,6.75277770796998,5.03230638231304));
#1859=CARTESIAN_POINT('Ctrl Pts',(8.83913915991175,7.001388834272,5.03230638231304));
#1860=CARTESIAN_POINT('Ctrl Pts',(8.83913915991175,7.24999996057401,5.03230638231304));
#1861=CARTESIAN_POINT('Ctrl Pts',(8.76364022838448,6.50416658166796,5.00507622746413));
#1862=CARTESIAN_POINT('Ctrl Pts',(8.76364022838448,6.75277770796998,5.00507622746413));
#1863=CARTESIAN_POINT('Ctrl Pts',(8.76364022838448,7.00138883427199,5.00507622746413));
#1864=CARTESIAN_POINT('Ctrl Pts',(8.76364022838448,7.24999996057401,5.00507622746413));
#1865=CARTESIAN_POINT('Ctrl Pts',(8.68367155255457,6.50416658166796,5.));
#1866=CARTESIAN_POINT('Ctrl Pts',(8.68367155255457,6.75277770796998,5.));
#1867=CARTESIAN_POINT('Ctrl Pts',(8.68367155255457,7.001388834272,5.));
#1868=CARTESIAN_POINT('Ctrl Pts',(8.68367155255457,7.24999996057401,5.));
#1869=CARTESIAN_POINT('Ctrl Pts',(8.6499998010695,6.50416658166796,5.));
#1870=CARTESIAN_POINT('Ctrl Pts',(8.6499998010695,6.75277770796998,5.));
#1871=CARTESIAN_POINT('Ctrl Pts',(8.6499998010695,7.001388834272,5.));
#1872=CARTESIAN_POINT('Ctrl Pts',(8.6499998010695,7.24999996057401,5.));
#1873=CARTESIAN_POINT('Ctrl Pts',(8.8999998010695,7.24999996057401,5.25));
#1874=CARTESIAN_POINT('Ctrl Pts',(8.8999998010695,7.04999994538311,5.25));
#1875=CARTESIAN_POINT('Ctrl Pts',(8.8999998010695,6.8499999301922,5.25));
#1876=CARTESIAN_POINT('Ctrl Pts',(8.8999998010695,6.64999991500129,5.25));
#1877=CARTESIAN_POINT('Ctrl Pts',(8.6499998010695,6.50416658166796,5.));
#1878=CARTESIAN_POINT('Ctrl Pts',(8.6499998010695,6.71805548574775,5.));
#1879=CARTESIAN_POINT('Ctrl Pts',(8.6499998010695,6.93194438982755,5.));
#1880=CARTESIAN_POINT('Ctrl Pts',(8.6499998010695,7.14583329390734,5.));
#1881=CARTESIAN_POINT('Ctrl Pts',(8.8999998010695,9.43333324044943,5.25));
#1882=CARTESIAN_POINT('Ctrl Pts',(8.8999998010695,10.0222220768531,5.25));
#1883=CARTESIAN_POINT('Ctrl Pts',(8.8999998010695,10.6111109132568,5.25));
#1884=CARTESIAN_POINT('Ctrl Pts',(8.8999998010695,11.1999997496605,5.25));
#1885=CARTESIAN_POINT('Ctrl Pts',(8.8999998010695,9.43333324044943,5.18265649702985));
#1886=CARTESIAN_POINT('Ctrl Pts',(8.8999998010695,10.0222220768531,5.18265649702985));
#1887=CARTESIAN_POINT('Ctrl Pts',(8.8999998010695,10.6111109132568,5.18265649702985));
#1888=CARTESIAN_POINT('Ctrl Pts',(8.8999998010695,11.1999997496605,5.18265649702985));
#1889=CARTESIAN_POINT('Ctrl Pts',(8.88759142097969,9.43333324044943,5.09901304580161));
#1890=CARTESIAN_POINT('Ctrl Pts',(8.88759142097969,10.0222220768531,5.09901304580161));
#1891=CARTESIAN_POINT('Ctrl Pts',(8.88759142097969,10.6111109132568,5.09901304580161));
#1892=CARTESIAN_POINT('Ctrl Pts',(8.88759142097969,11.1999997496605,5.09901304580161));
#1893=CARTESIAN_POINT('Ctrl Pts',(8.83914146567237,9.43333324044943,5.03229410768872));
#1894=CARTESIAN_POINT('Ctrl Pts',(8.83914146567237,10.0222220768531,5.03229410768872));
#1895=CARTESIAN_POINT('Ctrl Pts',(8.83914146567237,10.6111109132568,5.03229410768872));
#1896=CARTESIAN_POINT('Ctrl Pts',(8.83914146567237,11.1999997496605,5.03229410768872));
#1897=CARTESIAN_POINT('Ctrl Pts',(8.76364280191511,9.43333324044943,5.00506497702746));
#1898=CARTESIAN_POINT('Ctrl Pts',(8.76364280191511,10.0222220768531,5.00506497702746));
#1899=CARTESIAN_POINT('Ctrl Pts',(8.76364280191511,10.6111109132568,5.00506497702746));
#1900=CARTESIAN_POINT('Ctrl Pts',(8.76364280191511,11.1999997496605,5.00506497702746));
#1901=CARTESIAN_POINT('Ctrl Pts',(8.68367155255457,9.43333324044943,5.));
#1902=CARTESIAN_POINT('Ctrl Pts',(8.68367155255457,10.0222220768531,5.));
#1903=CARTESIAN_POINT('Ctrl Pts',(8.68367155255457,10.6111109132568,5.));
#1904=CARTESIAN_POINT('Ctrl Pts',(8.68367155255457,11.1999997496605,5.));
#1905=CARTESIAN_POINT('Ctrl Pts',(8.6499998010695,9.43333324044943,5.));
#1906=CARTESIAN_POINT('Ctrl Pts',(8.6499998010695,10.0222220768531,5.));
#1907=CARTESIAN_POINT('Ctrl Pts',(8.6499998010695,10.6111109132568,5.));
#1908=CARTESIAN_POINT('Ctrl Pts',(8.6499998010695,11.1999997496605,5.));
#1909=CARTESIAN_POINT('',(8.6499998010695,11.0916918813741,5.));
#1910=CARTESIAN_POINT('Ctrl Pts',(8.6499998010695,9.43333324044943,5.));
#1911=CARTESIAN_POINT('Ctrl Pts',(8.6499998010695,9.98611945409099,5.));
#1912=CARTESIAN_POINT('Ctrl Pts',(8.6499998010695,10.5389056677325,5.));
#1913=CARTESIAN_POINT('Ctrl Pts',(8.6499998010695,11.0916918813741,5.));
#1914=CARTESIAN_POINT('',(8.8999998010695,11.1999997496605,5.25));
#1915=CARTESIAN_POINT('Ctrl Pts',(8.6499998010695,11.0916918813741,5.));
#1916=CARTESIAN_POINT('Ctrl Pts',(8.6510862890376,11.0921625821571,5.));
#1917=CARTESIAN_POINT('Ctrl Pts',(8.65217293830373,11.0926333168392,5.000001757841));
#1918=CARTESIAN_POINT('Ctrl Pts',(8.65325955549311,11.0931040154538,5.00000533122997));
#1919=CARTESIAN_POINT('Ctrl Pts',(8.66423192877879,11.0978570057011,5.00004141436757));
#1920=CARTESIAN_POINT('Ctrl Pts',(8.67493432210763,11.1024853443039,5.00026214739371));
#1921=CARTESIAN_POINT('Ctrl Pts',(8.68530332820499,11.1069787310052,5.0006983054475));
#1922=CARTESIAN_POINT('Ctrl Pts',(8.69494216580798,11.1111557007451,5.00110374996265));
#1923=CARTESIAN_POINT('Ctrl Pts',(8.70429270375173,11.1152160555768,5.00169539556501));
#1924=CARTESIAN_POINT('Ctrl Pts',(8.71334788062,11.1191515215929,5.00249339364494));
#1925=CARTESIAN_POINT('Ctrl Pts',(8.72010114381204,11.1220865540253,5.00308853288286));
#1926=CARTESIAN_POINT('Ctrl Pts',(8.72669093053735,11.1249521229,5.00379836442726));
#1927=CARTESIAN_POINT('Ctrl Pts',(8.73313326867202,11.1277447961096,5.00462915150378));
#1928=CARTESIAN_POINT('Ctrl Pts',(8.74293774139694,11.1319949127194,5.00589351066371));
#1929=CARTESIAN_POINT('Ctrl Pts',(8.75240181281925,11.1360761940668,5.0074370082373));
#1930=CARTESIAN_POINT('Ctrl Pts',(8.76146003008673,11.1399765424451,5.00932295470994));
#1931=CARTESIAN_POINT('Ctrl Pts',(8.7711703074514,11.1441576592646,5.01134466194035));
#1932=CARTESIAN_POINT('Ctrl Pts',(8.78020021408389,11.1480463007679,5.01371731945655));
#1933=CARTESIAN_POINT('Ctrl Pts',(8.78857316337223,11.1516660389662,5.01646577088192));
#1934=CARTESIAN_POINT('Ctrl Pts',(8.79755207954593,11.1555477447707,5.01941313316801));
#1935=CARTESIAN_POINT('Ctrl Pts',(8.80577582877913,11.1591202167075,5.02279298043583));
#1936=CARTESIAN_POINT('Ctrl Pts',(8.81333276632921,11.1624125239717,5.02662027021809));
#1937=CARTESIAN_POINT('Ctrl Pts',(8.81688421637117,11.1639597730649,5.02841893910581));
#1938=CARTESIAN_POINT('Ctrl Pts',(8.82028917864308,11.1654451446059,5.03031618288432));
#1939=CARTESIAN_POINT('Ctrl Pts',(8.82356040748697,11.166871655854,5.03231216610645));
#1940=CARTESIAN_POINT('Ctrl Pts',(8.82649107146536,11.1681496542237,5.03410034920513));
#1941=CARTESIAN_POINT('Ctrl Pts',(8.82934190757408,11.1693918677716,5.03598462217552));
#1942=CARTESIAN_POINT('Ctrl Pts',(8.83211672547214,11.1705978479364,5.03796810457528));
#1943=CARTESIAN_POINT('Ctrl Pts',(8.83899162758378,11.1735857901679,5.042882390067));
#1944=CARTESIAN_POINT('Ctrl Pts',(8.84539700257768,11.1763513128543,5.04840616962587));
#1945=CARTESIAN_POINT('Ctrl Pts',(8.85127131488156,11.1788875939013,5.05466784494458));
#1946=CARTESIAN_POINT('Ctrl Pts',(8.85440964999679,11.1802425950418,5.05801312768004));
#1947=CARTESIAN_POINT('Ctrl Pts',(8.85739728609208,11.1815321660085,5.061568868372));
#1948=CARTESIAN_POINT('Ctrl Pts',(8.86023052307829,11.1827552665349,5.06535236464008));
#1949=CARTESIAN_POINT('Ctrl Pts',(8.86520708495694,11.1849036344557,5.07199805061246));
#1950=CARTESIAN_POINT('Ctrl Pts',(8.86966234036402,11.1868305229606,5.07929073141607));
#1951=CARTESIAN_POINT('Ctrl Pts',(8.87362790987409,11.1885474055226,5.08726539462289));
#1952=CARTESIAN_POINT('Ctrl Pts',(8.87695980475345,11.1899899403722,5.09396575365982));
#1953=CARTESIAN_POINT('Ctrl Pts',(8.87994664445137,11.1912842223779,5.10114716098984));
#1954=CARTESIAN_POINT('Ctrl Pts',(8.88261852345092,11.1924370569149,5.10880408558985));
#1955=CARTESIAN_POINT('Ctrl Pts',(8.88402463448593,11.1930437510669,5.11283364163489));
#1956=CARTESIAN_POINT('Ctrl Pts',(8.88534362247218,11.1936112709555,5.1169946123218));
#1957=CARTESIAN_POINT('Ctrl Pts',(8.88657442117886,11.1941406084638,5.12130526950671));
#1958=CARTESIAN_POINT('Ctrl Pts',(8.8887239025314,11.1950650497208,5.12883345196731));
#1959=CARTESIAN_POINT('Ctrl Pts',(8.89056432122238,11.195859125834,5.13668104641235));
#1960=CARTESIAN_POINT('Ctrl Pts',(8.89212885340289,11.1965369241859,5.14487172125969));
#1961=CARTESIAN_POINT('Ctrl Pts',(8.89378925933028,11.1972562576806,5.15356431655133));
#1962=CARTESIAN_POINT('Ctrl Pts',(8.89513896895647,11.1978446258845,5.16264323526027));
#1963=CARTESIAN_POINT('Ctrl Pts',(8.89622043646495,11.1983188679268,5.17207684573741));
#1964=CARTESIAN_POINT('Ctrl Pts',(8.89734984177601,11.1988141315172,5.18192861631008));
#1965=CARTESIAN_POINT('Ctrl Pts',(8.89818676662195,11.1991849270505,5.19216678049932));
#1966=CARTESIAN_POINT('Ctrl Pts',(8.89878166769649,11.1994504336463,5.20269624296794));
#1967=CARTESIAN_POINT('Ctrl Pts',(8.89943008643091,11.1997398253758,5.21417294223827));
#1968=CARTESIAN_POINT('Ctrl Pts',(8.89979108470651,11.1999041323611,5.22599533783136));
#1969=CARTESIAN_POINT('Ctrl Pts',(8.89993105662973,11.1999681894257,5.23797743479082));
#1970=CARTESIAN_POINT('Ctrl Pts',(8.89997770116033,11.1999895359332,5.24197037334101));
#1971=CARTESIAN_POINT('Ctrl Pts',(8.8999998010695,11.1999997496605,5.24598059524154));
#1972=CARTESIAN_POINT('Ctrl Pts',(8.8999998010695,11.1999997496605,5.25));
#1973=CARTESIAN_POINT('Ctrl Pts',(8.8999998010695,11.1999997496605,5.25));
#1974=CARTESIAN_POINT('Ctrl Pts',(8.8999998010695,10.6666664688124,5.25));
#1975=CARTESIAN_POINT('Ctrl Pts',(8.8999998010695,10.1333331879642,5.25));
#1976=CARTESIAN_POINT('Ctrl Pts',(8.8999998010695,9.59999990711609,5.25));
#1977=CARTESIAN_POINT('Ctrl Pts',(8.8999998010695,8.00416658166796,5.25));
#1978=CARTESIAN_POINT('Ctrl Pts',(8.8999998010695,8.23611103867491,5.25));
#1979=CARTESIAN_POINT('Ctrl Pts',(8.8999998010695,8.46805549568186,5.25));
#1980=CARTESIAN_POINT('Ctrl Pts',(8.8999998010695,8.69999995268881,5.25));
#1981=CARTESIAN_POINT('Ctrl Pts',(8.8999998010695,8.00416658166796,5.18265649702985));
#1982=CARTESIAN_POINT('Ctrl Pts',(8.8999998010695,8.23611103867491,5.18265649702985));
#1983=CARTESIAN_POINT('Ctrl Pts',(8.8999998010695,8.46805549568186,5.18265649702985));
#1984=CARTESIAN_POINT('Ctrl Pts',(8.8999998010695,8.69999995268881,5.18265649702985));
#1985=CARTESIAN_POINT('Ctrl Pts',(8.88758706025718,8.00416658166796,5.09903338664908));
#1986=CARTESIAN_POINT('Ctrl Pts',(8.88758706025718,8.23611103867491,5.09903338664908));
#1987=CARTESIAN_POINT('Ctrl Pts',(8.88758706025718,8.46805549568186,5.09903338664908));
#1988=CARTESIAN_POINT('Ctrl Pts',(8.88758706025718,8.69999995268881,5.09903338664908));
#1989=CARTESIAN_POINT('Ctrl Pts',(8.83914004726556,8.00416658166796,5.03230163357848));
#1990=CARTESIAN_POINT('Ctrl Pts',(8.83914004726556,8.23611103867491,5.03230163357848));
#1991=CARTESIAN_POINT('Ctrl Pts',(8.83914004726556,8.46805549568186,5.03230163357848));
#1992=CARTESIAN_POINT('Ctrl Pts',(8.83914004726556,8.69999995268882,5.03230163357848));
#1993=CARTESIAN_POINT('Ctrl Pts',(8.76364123306615,8.00416658166796,5.00507185051381));
#1994=CARTESIAN_POINT('Ctrl Pts',(8.76364123306615,8.23611103867491,5.00507185051381));
#1995=CARTESIAN_POINT('Ctrl Pts',(8.76364123306615,8.46805549568186,5.00507185051381));
#1996=CARTESIAN_POINT('Ctrl Pts',(8.76364123306615,8.69999995268881,5.00507185051381));
#1997=CARTESIAN_POINT('Ctrl Pts',(8.68367155255457,8.00416658166796,5.));
#1998=CARTESIAN_POINT('Ctrl Pts',(8.68367155255457,8.23611103867491,5.));
#1999=CARTESIAN_POINT('Ctrl Pts',(8.68367155255457,8.46805549568186,5.));
#2000=CARTESIAN_POINT('Ctrl Pts',(8.68367155255457,8.69999995268881,5.));
#2001=CARTESIAN_POINT('Ctrl Pts',(8.6499998010695,8.00416658166796,5.));
#2002=CARTESIAN_POINT('Ctrl Pts',(8.6499998010695,8.23611103867491,5.));
#2003=CARTESIAN_POINT('Ctrl Pts',(8.6499998010695,8.46805549568186,5.));
#2004=CARTESIAN_POINT('Ctrl Pts',(8.6499998010695,8.69999995268881,5.));
#2005=CARTESIAN_POINT('Ctrl Pts',(8.8999998010695,8.69999995268881,5.25));
#2006=CARTESIAN_POINT('Ctrl Pts',(8.8999998010695,8.51666660679297,5.25));
#2007=CARTESIAN_POINT('Ctrl Pts',(8.8999998010695,8.33333326089713,5.25));
#2008=CARTESIAN_POINT('Ctrl Pts',(8.8999998010695,8.14999991500129,5.25));
#2009=CARTESIAN_POINT('Ctrl Pts',(8.6499998010695,8.00416658166796,5.));
#2010=CARTESIAN_POINT('Ctrl Pts',(8.6499998010695,8.19444437200825,5.));
#2011=CARTESIAN_POINT('Ctrl Pts',(8.6499998010695,8.38472216234853,5.));
#2012=CARTESIAN_POINT('Ctrl Pts',(8.6499998010695,8.57499995268881,5.));
#2013=CARTESIAN_POINT('Ctrl Pts',(8.6499998010695,-6.24999986030161,5.5));
#2014=CARTESIAN_POINT('Ctrl Pts',(8.6499998010695,-2.24999992000974,5.5));
#2015=CARTESIAN_POINT('Ctrl Pts',(8.6499998010695,1.75000002028214,5.5));
#2016=CARTESIAN_POINT('Ctrl Pts',(8.6499998010695,5.74999996057401,5.5));
#2017=CARTESIAN_POINT('Ctrl Pts',(8.71734330403965,-6.24999986030161,5.5));
#2018=CARTESIAN_POINT('Ctrl Pts',(8.71734330403965,-2.24999992000975,5.5));
#2019=CARTESIAN_POINT('Ctrl Pts',(8.71734330403965,1.75000002028214,5.5));
#2020=CARTESIAN_POINT('Ctrl Pts',(8.71734330403965,5.74999996057401,5.5));
#2021=CARTESIAN_POINT('Ctrl Pts',(8.8009449588727,-6.24999986030161,5.48758265357253));
#2022=CARTESIAN_POINT('Ctrl Pts',(8.8009449588727,-2.24999992000973,5.48758265357253));
#2023=CARTESIAN_POINT('Ctrl Pts',(8.8009449588727,1.75000002028213,5.48758265357253));
#2024=CARTESIAN_POINT('Ctrl Pts',(8.8009449588727,5.74999996057401,5.48758265357253));
#2025=CARTESIAN_POINT('Ctrl Pts',(8.86769048005223,-6.24999986030162,5.4391388130264));
#2026=CARTESIAN_POINT('Ctrl Pts',(8.86769048005223,-2.24999992000975,5.4391388130264));
#2027=CARTESIAN_POINT('Ctrl Pts',(8.86769048005223,1.75000002028214,5.4391388130264));
#2028=CARTESIAN_POINT('Ctrl Pts',(8.86769048005223,5.74999996057401,5.4391388130264));
#2029=CARTESIAN_POINT('Ctrl Pts',(8.89492084749427,-6.24999986030161,5.36363979913155));
#2030=CARTESIAN_POINT('Ctrl Pts',(8.89492084749427,-2.24999992000973,5.36363979913155));
#2031=CARTESIAN_POINT('Ctrl Pts',(8.89492084749427,1.75000002028213,5.36363979913155));
#2032=CARTESIAN_POINT('Ctrl Pts',(8.89492084749427,5.74999996057401,5.36363979913155));
#2033=CARTESIAN_POINT('Ctrl Pts',(8.8999998010695,-6.24999986030161,5.28367175148507));
#2034=CARTESIAN_POINT('Ctrl Pts',(8.8999998010695,-2.24999992000974,5.28367175148507));
#2035=CARTESIAN_POINT('Ctrl Pts',(8.8999998010695,1.75000002028214,5.28367175148507));
#2036=CARTESIAN_POINT('Ctrl Pts',(8.8999998010695,5.74999996057401,5.28367175148507));
#2037=CARTESIAN_POINT('Ctrl Pts',(8.8999998010695,-6.24999986030161,5.25));
#2038=CARTESIAN_POINT('Ctrl Pts',(8.8999998010695,-2.24999992000974,5.25));
#2039=CARTESIAN_POINT('Ctrl Pts',(8.8999998010695,1.75000002028214,5.25));
#2040=CARTESIAN_POINT('Ctrl Pts',(8.8999998010695,5.74999996057401,5.25));
#2041=CARTESIAN_POINT('Ctrl Pts',(8.6499998010695,-6.1522539016984,5.5));
#2042=CARTESIAN_POINT('Ctrl Pts',(8.65108630379069,-6.15267870669844,5.5));
#2043=CARTESIAN_POINT('Ctrl Pts',(8.65217362289366,-6.15310354226364,5.49999838393616));
#2044=CARTESIAN_POINT('Ctrl Pts',(8.65326155048903,-6.15352834524726,5.49999509015198));
#2045=CARTESIAN_POINT('Ctrl Pts',(8.66593967362442,-6.15847877076968,5.49995670616246));
#2046=CARTESIAN_POINT('Ctrl Pts',(8.67834493806099,-6.16327886754708,5.49969165610142));
#2047=CARTESIAN_POINT('Ctrl Pts',(8.6903264440128,-6.16791449496342,5.49913866405607));
#2048=CARTESIAN_POINT('Ctrl Pts',(8.7015964793867,-6.17227485543667,5.49861850908242));
#2049=CARTESIAN_POINT('Ctrl Pts',(8.71249103608378,-6.17648969923985,5.49784350923791));
#2050=CARTESIAN_POINT('Ctrl Pts',(8.72292946362206,-6.18054725817557,5.49676224414714));
#2051=CARTESIAN_POINT('Ctrl Pts',(8.7326657151085,-6.18433187171763,5.49575371400133));
#2052=CARTESIAN_POINT('Ctrl Pts',(8.74200488743199,-6.18797964926754,5.49447868131784));
#2053=CARTESIAN_POINT('Ctrl Pts',(8.75092715872011,-6.19148104133808,5.49289598738292));
#2054=CARTESIAN_POINT('Ctrl Pts',(8.75462510823364,-6.19293223808897,5.49224001962788));
#2055=CARTESIAN_POINT('Ctrl Pts',(8.75825202977212,-6.19435828882858,5.49153121354048));
#2056=CARTESIAN_POINT('Ctrl Pts',(8.76180920320966,-6.19575851366993,5.49076670315783));
#2057=CARTESIAN_POINT('Ctrl Pts',(8.77068280048003,-6.19925146433661,5.48885958297833));
#2058=CARTESIAN_POINT('Ctrl Pts',(8.77893979673604,-6.20251852075084,5.48664333486702));
#2059=CARTESIAN_POINT('Ctrl Pts',(8.78669099624351,-6.20557649714694,5.48412226597267));
#2060=CARTESIAN_POINT('Ctrl Pts',(8.78820232496814,-6.20617274132337,5.48363070801017));
#2061=CARTESIAN_POINT('Ctrl Pts',(8.78969458046203,-6.20676103686449,5.48312759722928));
#2062=CARTESIAN_POINT('Ctrl Pts',(8.79116879869436,-6.20734150840734,5.48261301675504));
#2063=CARTESIAN_POINT('Ctrl Pts',(8.80044286571141,-6.21099316042995,5.47937587472337));
#2064=CARTESIAN_POINT('Ctrl Pts',(8.80899904671278,-6.21433518058711,5.47568342988726));
#2065=CARTESIAN_POINT('Ctrl Pts',(8.81684572630952,-6.21739859821719,5.47148669049452));
#2066=CARTESIAN_POINT('Ctrl Pts',(8.81908560768109,-6.21827306900427,5.47028870626803));
#2067=CARTESIAN_POINT('Ctrl Pts',(8.82126798443808,-6.21912483783689,5.4690497450786));
#2068=CARTESIAN_POINT('Ctrl Pts',(8.82339375153783,-6.21995462647005,5.46776896978305));
#2069=CARTESIAN_POINT('Ctrl Pts',(8.83054129369437,-6.22274465423804,5.46346257355599));
#2070=CARTESIAN_POINT('Ctrl Pts',(8.83719796127667,-6.22534342647905,5.45858941287203));
#2071=CARTESIAN_POINT('Ctrl Pts',(8.84333386183541,-6.22774684444113,5.45307814368937));
#2072=CARTESIAN_POINT('Ctrl Pts',(8.84946976239414,-6.23015026240322,5.44756687450672));
#2073=CARTESIAN_POINT('Ctrl Pts',(8.8550856747279,-6.23235832608639,5.44141682802765));
#2074=CARTESIAN_POINT('Ctrl Pts',(8.86020731611424,-6.2343669367387,5.4345793477234));
#2075=CARTESIAN_POINT('Ctrl Pts',(8.86081646155562,-6.23460583203223,5.43376612796753));
#2076=CARTESIAN_POINT('Ctrl Pts',(8.8614180788684,-6.23484170635326,5.43294400817433));
#2077=CARTESIAN_POINT('Ctrl Pts',(8.86201230001072,-6.23507457891135,5.43211298367178));
#2078=CARTESIAN_POINT('Ctrl Pts',(8.86675603022483,-6.23693362516728,5.4254788271926));
#2079=CARTESIAN_POINT('Ctrl Pts',(8.87102650296437,-6.23860136913915,5.41827361744456));
#2080=CARTESIAN_POINT('Ctrl Pts',(8.87482369275779,-6.24008758394569,5.41036880161129));
#2081=CARTESIAN_POINT('Ctrl Pts',(8.87831098532871,-6.24145250541014,5.40310911562518));
#2082=CARTESIAN_POINT('Ctrl Pts',(8.88139947406182,-6.24266431863248,5.39525884039623));
#2083=CARTESIAN_POINT('Ctrl Pts',(8.88410517909752,-6.24373059388352,5.38676060023036));
#2084=CARTESIAN_POINT('Ctrl Pts',(8.88497316351664,-6.24407265271558,5.38403438286497));
#2085=CARTESIAN_POINT('Ctrl Pts',(8.88580186490699,-6.24439973404944,5.38124185732202));
#2086=CARTESIAN_POINT('Ctrl Pts',(8.88659211119305,-6.2447120878079,5.37838226364091));
#2087=CARTESIAN_POINT('Ctrl Pts',(8.88913955914218,-6.24571899534474,5.36916404118702));
#2088=CARTESIAN_POINT('Ctrl Pts',(8.89123054834286,-6.24655443792628,5.35945362431859));
#2089=CARTESIAN_POINT('Ctrl Pts',(8.89295276521398,-6.24724083524255,5.34933008668708));
#2090=CARTESIAN_POINT('Ctrl Pts',(8.89385321758931,-6.24759971460566,5.34403704626931));
#2091=CARTESIAN_POINT('Ctrl Pts',(8.8946527094003,-6.24791784993701,5.33863199849563));
#2092=CARTESIAN_POINT('Ctrl Pts',(8.8953628023649,-6.24819844564845,5.33313171221499));
#2093=CARTESIAN_POINT('Ctrl Pts',(8.89643270893808,-6.24862122296217,5.32484435726386));
#2094=CARTESIAN_POINT('Ctrl Pts',(8.89729897433616,-6.24895877838562,5.31633680525245));
#2095=CARTESIAN_POINT('Ctrl Pts',(8.89797823541612,-6.24922207266869,5.30759874012978));
#2096=CARTESIAN_POINT('Ctrl Pts',(8.89870654113854,-6.24950437757132,5.29822976107369));
#2097=CARTESIAN_POINT('Ctrl Pts',(8.8992199042533,-6.24970131044633,5.28859591650143));
#2098=CARTESIAN_POINT('Ctrl Pts',(8.89954632712224,-6.24982638178808,5.27874746124725));
#2099=CARTESIAN_POINT('Ctrl Pts',(8.89985844225729,-6.24994597101554,5.26933068247906));
#2100=CARTESIAN_POINT('Ctrl Pts',(8.8999998010695,-6.24999986030161,5.2597188225047));
#2101=CARTESIAN_POINT('Ctrl Pts',(8.8999998010695,-6.24999986030161,5.25));
#2102=CARTESIAN_POINT('Ctrl Pts',(8.6499998010695,6.50416658166796,5.5));
#2103=CARTESIAN_POINT('Ctrl Pts',(8.6499998010695,6.75277770796998,5.5));
#2104=CARTESIAN_POINT('Ctrl Pts',(8.6499998010695,7.001388834272,5.5));
#2105=CARTESIAN_POINT('Ctrl Pts',(8.6499998010695,7.24999996057401,5.5));
#2106=CARTESIAN_POINT('Ctrl Pts',(8.71734330403965,6.50416658166796,5.5));
#2107=CARTESIAN_POINT('Ctrl Pts',(8.71734330403965,6.75277770796998,5.5));
#2108=CARTESIAN_POINT('Ctrl Pts',(8.71734330403965,7.001388834272,5.5));
#2109=CARTESIAN_POINT('Ctrl Pts',(8.71734330403965,7.24999996057401,5.5));
#2110=CARTESIAN_POINT('Ctrl Pts',(8.80095462902415,6.50416658166796,5.48758473013492));
#2111=CARTESIAN_POINT('Ctrl Pts',(8.80095462902415,6.75277770796998,5.48758473013492));
#2112=CARTESIAN_POINT('Ctrl Pts',(8.80095462902415,7.001388834272,5.48758473013492));
#2113=CARTESIAN_POINT('Ctrl Pts',(8.80095462902415,7.24999996057402,5.48758473013492));
#2114=CARTESIAN_POINT('Ctrl Pts',(8.86769391204272,6.50416658166796,5.43913945071849));
#2115=CARTESIAN_POINT('Ctrl Pts',(8.86769391204272,6.75277770796998,5.43913945071849));
#2116=CARTESIAN_POINT('Ctrl Pts',(8.86769391204272,7.00138883427199,5.43913945071849));
#2117=CARTESIAN_POINT('Ctrl Pts',(8.86769391204272,7.24999996057401,5.43913945071849));
#2118=CARTESIAN_POINT('Ctrl Pts',(8.89492402984899,6.50416658166796,5.36364053226092));
#2119=CARTESIAN_POINT('Ctrl Pts',(8.89492402984899,6.75277770796998,5.36364053226092));
#2120=CARTESIAN_POINT('Ctrl Pts',(8.89492402984899,7.001388834272,5.36364053226092));
#2121=CARTESIAN_POINT('Ctrl Pts',(8.89492402984899,7.24999996057401,5.36364053226092));
#2122=CARTESIAN_POINT('Ctrl Pts',(8.8999998010695,6.50416658166796,5.28367175148507));
#2123=CARTESIAN_POINT('Ctrl Pts',(8.8999998010695,6.75277770796998,5.28367175148507));
#2124=CARTESIAN_POINT('Ctrl Pts',(8.8999998010695,7.001388834272,5.28367175148507));
#2125=CARTESIAN_POINT('Ctrl Pts',(8.8999998010695,7.24999996057401,5.28367175148507));
#2126=CARTESIAN_POINT('Ctrl Pts',(8.8999998010695,6.50416658166796,5.25));
#2127=CARTESIAN_POINT('Ctrl Pts',(8.8999998010695,6.75277770796998,5.25));
#2128=CARTESIAN_POINT('Ctrl Pts',(8.8999998010695,7.001388834272,5.25));
#2129=CARTESIAN_POINT('Ctrl Pts',(8.8999998010695,7.24999996057401,5.25));
#2130=CARTESIAN_POINT('Ctrl Pts',(8.6499998010695,9.43333324044943,5.5));
#2131=CARTESIAN_POINT('Ctrl Pts',(8.6499998010695,10.0222220768531,5.5));
#2132=CARTESIAN_POINT('Ctrl Pts',(8.6499998010695,10.6111109132568,5.5));
#2133=CARTESIAN_POINT('Ctrl Pts',(8.6499998010695,11.1999997496605,5.5));
#2134=CARTESIAN_POINT('Ctrl Pts',(8.71734330403965,9.43333324044943,5.5));
#2135=CARTESIAN_POINT('Ctrl Pts',(8.71734330403965,10.0222220768531,5.5));
#2136=CARTESIAN_POINT('Ctrl Pts',(8.71734330403965,10.6111109132568,5.5));
#2137=CARTESIAN_POINT('Ctrl Pts',(8.71734330403965,11.1999997496605,5.5));
#2138=CARTESIAN_POINT('Ctrl Pts',(8.80098786435099,9.43333324044943,5.48759185752925));
#2139=CARTESIAN_POINT('Ctrl Pts',(8.80098786435099,10.0222220768531,5.48759185752925));
#2140=CARTESIAN_POINT('Ctrl Pts',(8.80098786435099,10.6111109132568,5.48759185752925));
#2141=CARTESIAN_POINT('Ctrl Pts',(8.80098786435099,11.1999997496605,5.48759185752925));
#2142=CARTESIAN_POINT('Ctrl Pts',(8.86770611013841,9.43333324044943,5.43914174354548));
#2143=CARTESIAN_POINT('Ctrl Pts',(8.86770611013841,10.0222220768531,5.43914174354548));
#2144=CARTESIAN_POINT('Ctrl Pts',(8.86770611013841,10.6111109132568,5.43914174354548));
#2145=CARTESIAN_POINT('Ctrl Pts',(8.86770611013841,11.1999997496605,5.43914174354548));
#2146=CARTESIAN_POINT('Ctrl Pts',(8.89493520262396,9.43333324044943,5.36364308696257));
#2147=CARTESIAN_POINT('Ctrl Pts',(8.89493520262396,10.0222220768531,5.36364308696257));
#2148=CARTESIAN_POINT('Ctrl Pts',(8.89493520262396,10.6111109132568,5.36364308696257));
#2149=CARTESIAN_POINT('Ctrl Pts',(8.89493520262396,11.1999997496605,5.36364308696257));
#2150=CARTESIAN_POINT('Ctrl Pts',(8.8999998010695,9.43333324044943,5.28367175148507));
#2151=CARTESIAN_POINT('Ctrl Pts',(8.8999998010695,10.0222220768531,5.28367175148507));
#2152=CARTESIAN_POINT('Ctrl Pts',(8.8999998010695,10.6111109132568,5.28367175148507));
#2153=CARTESIAN_POINT('Ctrl Pts',(8.8999998010695,11.1999997496605,5.28367175148507));
#2154=CARTESIAN_POINT('Ctrl Pts',(8.8999998010695,9.43333324044943,5.25));
#2155=CARTESIAN_POINT('Ctrl Pts',(8.8999998010695,10.0222220768531,5.25));
#2156=CARTESIAN_POINT('Ctrl Pts',(8.8999998010695,10.6111109132568,5.25));
#2157=CARTESIAN_POINT('Ctrl Pts',(8.8999998010695,11.1999997496605,5.25));
#2158=CARTESIAN_POINT('Ctrl Pts',(8.6499998010695,11.0916918813741,5.5));
#2159=CARTESIAN_POINT('Ctrl Pts',(8.65108584819936,11.0921623911721,5.5));
#2160=CARTESIAN_POINT('Ctrl Pts',(8.65217271665234,11.0926329348278,5.49999838648819));
#2161=CARTESIAN_POINT('Ctrl Pts',(8.65326019886599,11.0931034424601,5.49999509790023));
#2162=CARTESIAN_POINT('Ctrl Pts',(8.66594289234775,11.0985907083723,5.49995674494835));
#2163=CARTESIAN_POINT('Ctrl Pts',(8.67835475816361,11.1039118368393,5.49969173435029));
#2164=CARTESIAN_POINT('Ctrl Pts',(8.6903440716028,11.1090509779215,5.49913853996404));
#2165=CARTESIAN_POINT('Ctrl Pts',(8.70161876653108,11.1138838024355,5.49861831852078));
#2166=CARTESIAN_POINT('Ctrl Pts',(8.71251922573855,11.1185556875952,5.49784315923507));
#2167=CARTESIAN_POINT('Ctrl Pts',(8.72296415878222,11.1230534520758,5.49676142420047));
#2168=CARTESIAN_POINT('Ctrl Pts',(8.73270361522857,11.127247426425,5.49575275222412));
#2169=CARTESIAN_POINT('Ctrl Pts',(8.74204674987982,11.1312900068413,5.49447746403947));
#2170=CARTESIAN_POINT('Ctrl Pts',(8.75097323322447,11.1351705065601,5.4928942246995));
#2171=CARTESIAN_POINT('Ctrl Pts',(8.75472607346145,11.1368019323883,5.49222860487247));
#2172=CARTESIAN_POINT('Ctrl Pts',(8.75840586985992,11.1384047104578,5.49150856599251));
#2173=CARTESIAN_POINT('Ctrl Pts',(8.76201393182062,11.13997804665,5.49073110211415));
#2174=CARTESIAN_POINT('Ctrl Pts',(8.7708880947127,11.1438477256649,5.48881890072338));
#2175=CARTESIAN_POINT('Ctrl Pts',(8.77914510922302,11.1474668722496,5.48659707267624));
#2176=CARTESIAN_POINT('Ctrl Pts',(8.78689596812969,11.1508541743205,5.48406988243489));
#2177=CARTESIAN_POINT('Ctrl Pts',(8.78834673986686,11.151488194649,5.48359685406207));
#2178=CARTESIAN_POINT('Ctrl Pts',(8.78977992232586,11.1521140923724,5.48311316031609));
#2179=CARTESIAN_POINT('Ctrl Pts',(8.79119643190439,11.1527319900396,5.48261887414965));
#2180=CARTESIAN_POINT('Ctrl Pts',(8.80047540045872,11.1567795821703,5.47938100984944));
#2181=CARTESIAN_POINT('Ctrl Pts',(8.80903484057046,11.1604838904145,5.47568722631553));
#2182=CARTESIAN_POINT('Ctrl Pts',(8.8168836346682,11.1638793615981,5.47148847262764));
#2183=CARTESIAN_POINT('Ctrl Pts',(8.81925375280124,11.1649046997229,5.47022056546535));
#2184=CARTESIAN_POINT('Ctrl Pts',(8.82155941258331,11.1659018758459,5.46890673889326));
#2185=CARTESIAN_POINT('Ctrl Pts',(8.82380169813336,11.1668718384954,5.46754600503852));
#2186=CARTESIAN_POINT('Ctrl Pts',(8.83089394833226,11.1699397875323,5.46324206393178));
#2187=CARTESIAN_POINT('Ctrl Pts',(8.83750767444508,11.172801513138,5.45837032868543));
#2188=CARTESIAN_POINT('Ctrl Pts',(8.84360972664461,11.1754508100023,5.45285776169535));
#2189=CARTESIAN_POINT('Ctrl Pts',(8.84971177884414,11.1781001068665,5.44734519470527));
#2190=CARTESIAN_POINT('Ctrl Pts',(8.85530291461464,11.1805369749892,5.44119112624734));
#2191=CARTESIAN_POINT('Ctrl Pts',(8.86040627920718,11.18275520906,5.43434456419795));
#2192=CARTESIAN_POINT('Ctrl Pts',(8.86095434120113,11.1829934302895,5.43360929624278));
#2193=CARTESIAN_POINT('Ctrl Pts',(8.86149628920233,11.1832289283435,5.43286678620525));
#2194=CARTESIAN_POINT('Ctrl Pts',(8.86203222100428,11.1834617188645,5.43211703122619));
#2195=CARTESIAN_POINT('Ctrl Pts',(8.86677257213576,11.1855207659405,5.42548540039111));
#2196=CARTESIAN_POINT('Ctrl Pts',(8.87104034098333,11.1873679887462,5.41828339632545));
#2197=CARTESIAN_POINT('Ctrl Pts',(8.87483528119023,11.1890142118722,5.41038270202393));
#2198=CARTESIAN_POINT('Ctrl Pts',(8.8783206149861,11.1905261295267,5.40312657798544));
#2199=CARTESIAN_POINT('Ctrl Pts',(8.88140750198343,11.1918685063743,5.39528060168841));
#2200=CARTESIAN_POINT('Ctrl Pts',(8.88411179256551,11.1930497279312,5.38678756886597));
#2201=CARTESIAN_POINT('Ctrl Pts',(8.88498229543707,11.1934299595394,5.384053687563));
#2202=CARTESIAN_POINT('Ctrl Pts',(8.88581326507359,11.1937934926165,5.3812531366633));
#2203=CARTESIAN_POINT('Ctrl Pts',(8.88660553289879,11.1941406068545,5.37838515484636));
#2204=CARTESIAN_POINT('Ctrl Pts',(8.88915265182755,11.1952565694342,5.36916467341216));
#2205=CARTESIAN_POINT('Ctrl Pts',(8.89124322400305,11.1961825545844,5.35945086412718));
#2206=CARTESIAN_POINT('Ctrl Pts',(8.89296469981051,11.1969433445746,5.34932231065075));
#2207=CARTESIAN_POINT('Ctrl Pts',(8.89386373740206,11.1973406657554,5.34403269212461));
#2208=CARTESIAN_POINT('Ctrl Pts',(8.89466195814484,11.1976929310875,5.33863087958468));
#2209=CARTESIAN_POINT('Ctrl Pts',(8.89537086243405,11.1980036705479,5.33313351496699));
#2210=CARTESIAN_POINT('Ctrl Pts',(8.89644030049489,11.1984724455448,5.32484030663692));
#2211=CARTESIAN_POINT('Ctrl Pts',(8.89730579318872,11.1988467155337,5.31632565209498));
#2212=CARTESIAN_POINT('Ctrl Pts',(8.89798418258696,11.1991385997706,5.30757888849262));
#2213=CARTESIAN_POINT('Ctrl Pts',(8.8987112889054,11.1994514449792,5.29820399687767));
#2214=CARTESIAN_POINT('Ctrl Pts',(8.89922349521862,11.1996696468947,5.28856259922761));
#2215=CARTESIAN_POINT('Ctrl Pts',(8.89954889743922,11.1998081277067,5.27870447506416));
#2216=CARTESIAN_POINT('Ctrl Pts',(8.8998592165503,11.1999401896281,5.2693032966649));
#2217=CARTESIAN_POINT('Ctrl Pts',(8.8999998010695,11.1999997496605,5.25970615171347));
#2218=CARTESIAN_POINT('Ctrl Pts',(8.8999998010695,11.1999997496605,5.25));
#2219=CARTESIAN_POINT('Ctrl Pts',(8.6499998010695,8.00416658166796,5.5));
#2220=CARTESIAN_POINT('Ctrl Pts',(8.6499998010695,8.23611103867491,5.5));
#2221=CARTESIAN_POINT('Ctrl Pts',(8.6499998010695,8.46805549568186,5.5));
#2222=CARTESIAN_POINT('Ctrl Pts',(8.6499998010695,8.69999995268881,5.5));
#2223=CARTESIAN_POINT('Ctrl Pts',(8.71734330403965,8.00416658166796,5.5));
#2224=CARTESIAN_POINT('Ctrl Pts',(8.71734330403965,8.23611103867491,5.5));
#2225=CARTESIAN_POINT('Ctrl Pts',(8.71734330403965,8.46805549568186,5.5));
#2226=CARTESIAN_POINT('Ctrl Pts',(8.71734330403965,8.69999995268881,5.5));
#2227=CARTESIAN_POINT('Ctrl Pts',(8.80096768452944,8.00416658166796,5.48758753163234));
#2228=CARTESIAN_POINT('Ctrl Pts',(8.80096768452944,8.23611103867491,5.48758753163234));
#2229=CARTESIAN_POINT('Ctrl Pts',(8.80096768452944,8.46805549568186,5.48758753163234));
#2230=CARTESIAN_POINT('Ctrl Pts',(8.80096768452944,8.69999995268881,5.48758753163234));
#2231=CARTESIAN_POINT('Ctrl Pts',(8.86769863077576,8.00416658166796,5.4391403330988));
#2232=CARTESIAN_POINT('Ctrl Pts',(8.86769863077576,8.23611103867491,5.4391403330988));
#2233=CARTESIAN_POINT('Ctrl Pts',(8.86769863077576,8.46805549568186,5.4391403330988));
#2234=CARTESIAN_POINT('Ctrl Pts',(8.86769863077576,8.69999995268881,5.4391403330988));
#2235=CARTESIAN_POINT('Ctrl Pts',(8.89492837582399,8.00416658166796,5.36364152936806));
#2236=CARTESIAN_POINT('Ctrl Pts',(8.89492837582399,8.23611103867491,5.36364152936806));
#2237=CARTESIAN_POINT('Ctrl Pts',(8.89492837582399,8.46805549568186,5.36364152936806));
#2238=CARTESIAN_POINT('Ctrl Pts',(8.89492837582399,8.69999995268881,5.36364152936806));
#2239=CARTESIAN_POINT('Ctrl Pts',(8.8999998010695,8.00416658166796,5.28367175148507));
#2240=CARTESIAN_POINT('Ctrl Pts',(8.8999998010695,8.23611103867491,5.28367175148507));
#2241=CARTESIAN_POINT('Ctrl Pts',(8.8999998010695,8.46805549568186,5.28367175148507));
#2242=CARTESIAN_POINT('Ctrl Pts',(8.8999998010695,8.69999995268881,5.28367175148507));
#2243=CARTESIAN_POINT('Ctrl Pts',(8.8999998010695,8.00416658166796,5.25));
#2244=CARTESIAN_POINT('Ctrl Pts',(8.8999998010695,8.23611103867491,5.25));
#2245=CARTESIAN_POINT('Ctrl Pts',(8.8999998010695,8.46805549568186,5.25));
#2246=CARTESIAN_POINT('Ctrl Pts',(8.8999998010695,8.69999995268881,5.25));
#2247=CARTESIAN_POINT('Ctrl Pts',(4.64999989047647,-10.9999997541308,5.5));
#2248=CARTESIAN_POINT('Ctrl Pts',(4.64999989047647,-9.79881531667678,5.5));
#2249=CARTESIAN_POINT('Ctrl Pts',(4.64999989047647,-8.59763087922272,5.5));
#2250=CARTESIAN_POINT('Ctrl Pts',(4.64999989047647,-7.39644644176866,5.5));
#2251=CARTESIAN_POINT('Ctrl Pts',(4.71734339344661,-10.9999997541308,5.5));
#2252=CARTESIAN_POINT('Ctrl Pts',(4.71734339344661,-9.79881531667678,5.5));
#2253=CARTESIAN_POINT('Ctrl Pts',(4.71734339344661,-8.59763087922272,5.5));
#2254=CARTESIAN_POINT('Ctrl Pts',(4.71734339344661,-7.39644644176866,5.5));
#2255=CARTESIAN_POINT('Ctrl Pts',(4.80095235451431,-10.9999997541308,5.48758422262953));
#2256=CARTESIAN_POINT('Ctrl Pts',(4.80095235451431,-9.79881531667678,5.48758422262953));
#2257=CARTESIAN_POINT('Ctrl Pts',(4.80095235451431,-8.59763087922272,5.48758422262953));
#2258=CARTESIAN_POINT('Ctrl Pts',(4.80095235451431,-7.39644644176866,5.48758422262953));
#2259=CARTESIAN_POINT('Ctrl Pts',(4.86769315745195,-10.9999997541308,5.43913929356498));
#2260=CARTESIAN_POINT('Ctrl Pts',(4.86769315745195,-9.79881531667679,5.43913929356498));
#2261=CARTESIAN_POINT('Ctrl Pts',(4.86769315745195,-8.59763087922272,5.43913929356498));
#2262=CARTESIAN_POINT('Ctrl Pts',(4.86769315745195,-7.39644644176866,5.43913929356498));
#2263=CARTESIAN_POINT('Ctrl Pts',(4.89492333840501,-10.9999997541308,5.36364035261609));
#2264=CARTESIAN_POINT('Ctrl Pts',(4.89492333840501,-9.79881531667678,5.36364035261609));
#2265=CARTESIAN_POINT('Ctrl Pts',(4.89492333840501,-8.59763087922272,5.36364035261609));
#2266=CARTESIAN_POINT('Ctrl Pts',(4.89492333840501,-7.39644644176866,5.36364035261609));
#2267=CARTESIAN_POINT('Ctrl Pts',(4.89999989047647,-10.9999997541308,5.28367175148507));
#2268=CARTESIAN_POINT('Ctrl Pts',(4.89999989047647,-9.79881531667678,5.28367175148507));
#2269=CARTESIAN_POINT('Ctrl Pts',(4.89999989047647,-8.59763087922272,5.28367175148507));
#2270=CARTESIAN_POINT('Ctrl Pts',(4.89999989047647,-7.39644644176866,5.28367175148507));
#2271=CARTESIAN_POINT('Ctrl Pts',(4.89999989047647,-10.9999997541308,5.25));
#2272=CARTESIAN_POINT('Ctrl Pts',(4.89999989047647,-9.79881531667678,5.25));
#2273=CARTESIAN_POINT('Ctrl Pts',(4.89999989047647,-8.59763087922272,5.25));
#2274=CARTESIAN_POINT('Ctrl Pts',(4.89999989047647,-7.39644644176866,5.25));
#2275=CARTESIAN_POINT('',(4.89999989047647,-10.9999997541308,5.25));
#2276=CARTESIAN_POINT('Ctrl Pts',(4.64999989047647,-10.8815299722319,5.5));
#2277=CARTESIAN_POINT('Ctrl Pts',(4.65108561343785,-10.8820444736817,5.5));
#2278=CARTESIAN_POINT('Ctrl Pts',(4.65217215265724,-10.8825590121686,5.49999838645885));
#2279=CARTESIAN_POINT('Ctrl Pts',(4.65325930069847,-10.8830735113228,5.49999509785452));
#2280=CARTESIAN_POINT('Ctrl Pts',(4.66591683642905,-10.889063763967,5.49995680902436));
#2281=CARTESIAN_POINT('Ctrl Pts',(4.67830628784263,-10.8948738865304,5.49969261525832));
#2282=CARTESIAN_POINT('Ctrl Pts',(4.69027583371957,-10.9004863991814,5.49914111929137));
#2283=CARTESIAN_POINT('Ctrl Pts',(4.70153238268461,-10.9057645880219,5.49862247460594));
#2284=CARTESIAN_POINT('Ctrl Pts',(4.71241700723709,-10.910868008061,5.49784965160233));
#2285=CARTESIAN_POINT('Ctrl Pts',(4.72284822134206,-10.9157821207848,5.49677113260067));
#2286=CARTESIAN_POINT('Ctrl Pts',(4.73257126337656,-10.9203626158351,5.49576583393815));
#2287=CARTESIAN_POINT('Ctrl Pts',(4.74190012014776,-10.9247786350867,5.4944948820279));
#2288=CARTESIAN_POINT('Ctrl Pts',(4.75081422659242,-10.9290184045967,5.49291710280502));
#2289=CARTESIAN_POINT('Ctrl Pts',(4.75483975074368,-10.9309330434519,5.49220459298629));
#2290=CARTESIAN_POINT('Ctrl Pts',(4.75878135538301,-10.9328117390251,5.49142952321775));
#2291=CARTESIAN_POINT('Ctrl Pts',(4.76264071322432,-10.9346534070005,5.4905881863807));
#2292=CARTESIAN_POINT('Ctrl Pts',(4.77148594524053,-10.9388743114123,5.48865993307187));
#2293=CARTESIAN_POINT('Ctrl Pts',(4.77971615117731,-10.9428216117619,5.48642179693204));
#2294=CARTESIAN_POINT('Ctrl Pts',(4.78744403970621,-10.9465157327085,5.48387836575572));
#2295=CARTESIAN_POINT('Ctrl Pts',(4.78870018180435,-10.9471161995526,5.4834649396352));
#2296=CARTESIAN_POINT('Ctrl Pts',(4.78994316078887,-10.9477099770422,5.48304347223308));
#2297=CARTESIAN_POINT('Ctrl Pts',(4.79117358140366,-10.9482971528952,5.48261401212806));
#2298=CARTESIAN_POINT('Ctrl Pts',(4.80045972771946,-10.9527286463361,5.47937282019407));
#2299=CARTESIAN_POINT('Ctrl Pts',(4.80902641189261,-10.9567841158685,5.4756749617007));
#2300=CARTESIAN_POINT('Ctrl Pts',(4.81688206594391,-10.9605012695669,5.47147103466341));
#2301=CARTESIAN_POINT('Ctrl Pts',(4.81945932989048,-10.9617207843454,5.47009182046731));
#2302=CARTESIAN_POINT('Ctrl Pts',(4.82196046235936,-10.9629038845342,5.46865828268044));
#2303=CARTESIAN_POINT('Ctrl Pts',(4.82438685978334,-10.9640519017032,5.46716915312047));
#2304=CARTESIAN_POINT('Ctrl Pts',(4.8314193652183,-10.967379236665,5.46285316118102));
#2305=CARTESIAN_POINT('Ctrl Pts',(4.83798371057224,-10.9704859041074,5.4579681051394));
#2306=CARTESIAN_POINT('Ctrl Pts',(4.84404433596975,-10.9733637939797,5.45243988222887));
#2307=CARTESIAN_POINT('Ctrl Pts',(4.85010496136725,-10.976241683852,5.44691165931835));
#2308=CARTESIAN_POINT('Ctrl Pts',(4.85566260418377,-10.9788907961544,5.4407395975587));
#2309=CARTESIAN_POINT('Ctrl Pts',(4.86073814995841,-10.9813030208363,5.43387126152034));
#2310=CARTESIAN_POINT('Ctrl Pts',(4.86116777254023,-10.9815072050249,5.43328988714355));
#2311=CARTESIAN_POINT('Ctrl Pts',(4.86159361550322,-10.9817095449782,5.43270402045344));
#2312=CARTESIAN_POINT('Ctrl Pts',(4.86201572648629,-10.9819100490255,5.4321136602193));
#2313=CARTESIAN_POINT('Ctrl Pts',(4.8667559495627,-10.9841616699263,5.42548403124124));
#2314=CARTESIAN_POINT('Ctrl Pts',(4.87102362598019,-10.9861817675441,5.41828415807562));
#2315=CARTESIAN_POINT('Ctrl Pts',(4.87481865773914,-10.9879821379196,5.4103858133725));
#2316=CARTESIAN_POINT('Ctrl Pts',(4.87830373511224,-10.9896354653376,5.40313255591427));
#2317=CARTESIAN_POINT('Ctrl Pts',(4.88139059965633,-10.9911034916867,5.39528974688987));
#2318=CARTESIAN_POINT('Ctrl Pts',(4.88409519213095,-10.9923953523614,5.38680019934226));
#2319=CARTESIAN_POINT('Ctrl Pts',(4.88501130144473,-10.9928329360666,5.38392458918985));
#2320=CARTESIAN_POINT('Ctrl Pts',(4.8858836720032,-10.9932503076355,5.3809751868188));
#2321=CARTESIAN_POINT('Ctrl Pts',(4.88671327938079,-10.9936478220971,5.37795112197984));
#2322=CARTESIAN_POINT('Ctrl Pts',(4.8892516192638,-10.9948640923946,5.36869842655199));
#2323=CARTESIAN_POINT('Ctrl Pts',(4.89133366451754,-10.9958725309388,5.35894994860225));
#2324=CARTESIAN_POINT('Ctrl Pts',(4.89304702338852,-10.9967001882573,5.34878439657813));
#2325=CARTESIAN_POINT('Ctrl Pts',(4.89390956995477,-10.9971168511002,5.34366681021552));
#2326=CARTESIAN_POINT('Ctrl Pts',(4.89467853470883,-10.9974876974596,5.33844439776294));
#2327=CARTESIAN_POINT('Ctrl Pts',(4.89536423837323,-10.9978161786011,5.33313201484334));
#2328=CARTESIAN_POINT('Ctrl Pts',(4.89643611810392,-10.9983296544591,5.32482779267154));
#2329=CARTESIAN_POINT('Ctrl Pts',(4.89730386808246,-10.9987396092785,5.31629969376135));
#2330=CARTESIAN_POINT('Ctrl Pts',(4.89798393908115,-10.9990592258432,5.30753593278789));
#2331=CARTESIAN_POINT('Ctrl Pts',(4.89871247836172,-10.9994016213027,5.29814758344338));
#2332=CARTESIAN_POINT('Ctrl Pts',(4.89922567453112,-10.9996403429352,5.28848892185059));
#2333=CARTESIAN_POINT('Ctrl Pts',(4.89955120879513,-10.9997915977653,5.27860823489697));
#2334=CARTESIAN_POINT('Ctrl Pts',(4.89985977710603,-10.9999349696084,5.26924250225085));
#2335=CARTESIAN_POINT('Ctrl Pts',(4.89999989047647,-10.9999997541308,5.25967843326199));
#2336=CARTESIAN_POINT('Ctrl Pts',(4.89999989047647,-10.9999997541308,5.25));
#2337=CARTESIAN_POINT('',(4.89999989047647,-7.49999983236194,5.25));
#2338=CARTESIAN_POINT('Ctrl Pts',(4.89999989047647,-7.49999983236193,5.25));
#2339=CARTESIAN_POINT('Ctrl Pts',(4.89999989047647,-8.66666647295157,5.25));
#2340=CARTESIAN_POINT('Ctrl Pts',(4.89999989047647,-9.83333311354121,5.25));
#2341=CARTESIAN_POINT('Ctrl Pts',(4.89999989047647,-10.9999997541308,5.25));
#2342=CARTESIAN_POINT('Ctrl Pts',(4.64999989047647,-7.39644644176868,5.5));
#2343=CARTESIAN_POINT('Ctrl Pts',(4.65108614820855,-7.39689638445354,5.5));
#2344=CARTESIAN_POINT('Ctrl Pts',(4.65217322293052,-7.39734635951405,5.499998384869));
#2345=CARTESIAN_POINT('Ctrl Pts',(4.6532609069015,-7.39779630009859,5.49999509299457));
#2346=CARTESIAN_POINT('Ctrl Pts',(4.66593768087526,-7.40304028203077,5.49995672675108));
#2347=CARTESIAN_POINT('Ctrl Pts',(4.67834257594245,-7.40812532493901,5.49969177203657));
#2348=CARTESIAN_POINT('Ctrl Pts',(4.69032440617185,-7.41303636728011,5.49913887963606));
#2349=CARTESIAN_POINT('Ctrl Pts',(4.70159365989373,-7.41765534293918,5.498618868534));
#2350=CARTESIAN_POINT('Ctrl Pts',(4.71248811995833,-7.42212039874022,5.49784406531308));
#2351=CARTESIAN_POINT('Ctrl Pts',(4.72292691032307,-7.4264190036911,5.49676298999575));
#2352=CARTESIAN_POINT('Ctrl Pts',(4.73266208104163,-7.43042786406537,5.49575478383333));
#2353=CARTESIAN_POINT('Ctrl Pts',(4.74200068802769,-7.4342919563614,5.49448014674267));
#2354=CARTESIAN_POINT('Ctrl Pts',(4.75092272680924,-7.43800111655608,5.49289787973513));
#2355=CARTESIAN_POINT('Ctrl Pts',(4.75465864587648,-7.43955425061367,5.49223533817622));
#2356=CARTESIAN_POINT('Ctrl Pts',(4.75832212211354,-7.44108021977089,5.49151887013159));
#2357=CARTESIAN_POINT('Ctrl Pts',(4.76191446984643,-7.44257827780976,5.49074551699874));
#2358=CARTESIAN_POINT('Ctrl Pts',(4.77078650512863,-7.44627803762251,5.48883556373408));
#2359=CARTESIAN_POINT('Ctrl Pts',(4.77904184046801,-7.44973840662731,5.48661628599395));
#2360=CARTESIAN_POINT('Ctrl Pts',(4.78679154266195,-7.45297722271645,5.48409200803208));
#2361=CARTESIAN_POINT('Ctrl Pts',(4.78827015571202,-7.45359517623471,5.48361038561059));
#2362=CARTESIAN_POINT('Ctrl Pts',(4.78973051136986,-7.45420506452751,5.48311769436552));
#2363=CARTESIAN_POINT('Ctrl Pts',(4.79117358140366,-7.45480701148938,5.48261401212806));
#2364=CARTESIAN_POINT('Ctrl Pts',(4.80045115867034,-7.45867696188566,5.47937581109384));
#2365=CARTESIAN_POINT('Ctrl Pts',(4.80901019308012,-7.46221867520411,5.47568192649454));
#2366=CARTESIAN_POINT('Ctrl Pts',(4.81685918692694,-7.4654650740061,5.47148327579735));
#2367=CARTESIAN_POINT('Ctrl Pts',(4.81916839303056,-7.46642017781617,5.4702480155836));
#2368=CARTESIAN_POINT('Ctrl Pts',(4.82141646799451,-7.46734972036895,5.46896918664031));
#2369=CARTESIAN_POINT('Ctrl Pts',(4.82360439995083,-7.46825454004217,5.46764587262735));
#2370=CARTESIAN_POINT('Ctrl Pts',(4.83072214506346,-7.47119808487605,5.46334088872645));
#2371=CARTESIAN_POINT('Ctrl Pts',(4.83735596596885,-7.47394197101379,5.4584686491509));
#2372=CARTESIAN_POINT('Ctrl Pts',(4.84347404758086,-7.47648099336115,5.45295685534645));
#2373=CARTESIAN_POINT('Ctrl Pts',(4.84959212919287,-7.47902001570852,5.447445061542));
#2374=CARTESIAN_POINT('Ctrl Pts',(4.85519523706255,-7.48135417426551,5.44129304387371));
#2375=CARTESIAN_POINT('Ctrl Pts',(4.86030749480022,-7.4834782639379,5.43445083212498));
#2376=CARTESIAN_POINT('Ctrl Pts',(4.86088361384816,-7.48371763538249,5.43367975822363));
#2377=CARTESIAN_POINT('Ctrl Pts',(4.86145298695437,-7.4839541369579,5.43290070214703));
#2378=CARTESIAN_POINT('Ctrl Pts',(4.86201572648629,-7.48418778595914,5.4321136602193));
#2379=CARTESIAN_POINT('Ctrl Pts',(4.86675813839022,-7.48615683156902,5.42548096996878));
#2380=CARTESIAN_POINT('Ctrl Pts',(4.87102752839311,-7.48792328594965,5.41827755993666));
#2381=CARTESIAN_POINT('Ctrl Pts',(4.87482383928451,-7.48949750043407,5.41037502832965));
#2382=CARTESIAN_POINT('Ctrl Pts',(4.87831044886688,-7.49094329121968,5.40311718164265));
#2383=CARTESIAN_POINT('Ctrl Pts',(4.88139839771151,-7.49222692839581,5.39526911272445));
#2384=CARTESIAN_POINT('Ctrl Pts',(4.88410367902959,-7.49335643097565,5.38677355345797));
#2385=CARTESIAN_POINT('Ctrl Pts',(4.88497306514758,-7.49371941498643,5.38404336741727));
#2386=CARTESIAN_POINT('Ctrl Pts',(4.88580304086924,-7.49406648055135,5.38124668684079));
#2387=CARTESIAN_POINT('Ctrl Pts',(4.88659443777025,-7.49439789381749,5.37838275172664));
#2388=CARTESIAN_POINT('Ctrl Pts',(4.88914207388236,-7.49546476734678,5.36916327599933));
#2389=CARTESIAN_POINT('Ctrl Pts',(4.89123323887345,-7.49634999236155,5.35945099879841));
#2390=CARTESIAN_POINT('Ctrl Pts',(4.89295553562244,-7.49707729058747,5.34932474396858));
#2391=CARTESIAN_POINT('Ctrl Pts',(4.89385544900657,-7.49745730954073,5.34403369742977));
#2392=CARTESIAN_POINT('Ctrl Pts',(4.89465450628277,-7.49779421221602,5.33863055427165));
#2393=CARTESIAN_POINT('Ctrl Pts',(4.89536423837323,-7.49809138256744,5.33313201484334));
#2394=CARTESIAN_POINT('Ctrl Pts',(4.89643425708364,-7.49853940773142,5.32484221063792));
#2395=CARTESIAN_POINT('Ctrl Pts',(4.8973005550844,-7.4988971224829,5.31633158580967));
#2396=CARTESIAN_POINT('Ctrl Pts',(4.8979797708727,-7.4991761230101,5.30758961350788));
#2397=CARTESIAN_POINT('Ctrl Pts',(4.89870788247659,-7.49947520840364,5.29821831857701));
#2398=CARTESIAN_POINT('Ctrl Pts',(4.89922104776754,-7.49968383858852,5.28858130515266));
#2399=CARTESIAN_POINT('Ctrl Pts',(4.89954723566408,-7.4998162987473,5.27872853673688));
#2400=CARTESIAN_POINT('Ctrl Pts',(4.8998587551542,-7.49994280227967,5.26931883936371));
#2401=CARTESIAN_POINT('Ctrl Pts',(4.89999989047647,-7.49999983236194,5.25971348568523));
#2402=CARTESIAN_POINT('Ctrl Pts',(4.89999989047647,-7.49999983236194,5.25));
#2403=CARTESIAN_POINT('Ctrl Pts',(3.64169046749906,-11.7065104092134,5.5));
#2404=CARTESIAN_POINT('Ctrl Pts',(4.00835712597009,-11.406510415919,5.5));
#2405=CARTESIAN_POINT('Ctrl Pts',(4.37502378444112,-11.1065104226245,5.5));
#2406=CARTESIAN_POINT('Ctrl Pts',(4.74169044291215,-10.80651042933,5.5));
#2407=CARTESIAN_POINT('Ctrl Pts',(3.68433491850806,-11.7586314048911,5.5));
#2408=CARTESIAN_POINT('Ctrl Pts',(4.05100157697909,-11.4586314115966,5.5));
#2409=CARTESIAN_POINT('Ctrl Pts',(4.41766823545012,-11.1586314183022,5.5));
#2410=CARTESIAN_POINT('Ctrl Pts',(4.78433489392115,-10.8586314250077,5.5));
#2411=CARTESIAN_POINT('Ctrl Pts',(3.73727916345411,-11.8233410376029,5.48758418573766));
#2412=CARTESIAN_POINT('Ctrl Pts',(4.10394582192514,-11.5233410443085,5.48758418573766));
#2413=CARTESIAN_POINT('Ctrl Pts',(4.47061248039616,-11.223341051014,5.48758418573766));
#2414=CARTESIAN_POINT('Ctrl Pts',(4.83727913886719,-10.9233410577195,5.48758418573766));
#2415=CARTESIAN_POINT('Ctrl Pts',(3.77954203206491,-11.8749956547939,5.43913928217376));
#2416=CARTESIAN_POINT('Ctrl Pts',(4.14620869053593,-11.5749956614994,5.43913928217376));
#2417=CARTESIAN_POINT('Ctrl Pts',(4.51287534900696,-11.274995668205,5.43913928217376));
#2418=CARTESIAN_POINT('Ctrl Pts',(4.87954200747799,-10.9749956749105,5.43913928217376));
#2419=CARTESIAN_POINT('Ctrl Pts',(3.79678521455286,-11.8960706556125,5.36364033956908));
#2420=CARTESIAN_POINT('Ctrl Pts',(4.16345187302389,-11.596070662318,5.36364033956908));
#2421=CARTESIAN_POINT('Ctrl Pts',(4.53011853149491,-11.2960706690236,5.36364033956908));
#2422=CARTESIAN_POINT('Ctrl Pts',(4.89678518996594,-10.9960706757291,5.36364033956908));
#2423=CARTESIAN_POINT('Ctrl Pts',(3.79999991506338,-11.8999997340143,5.28367175148507));
#2424=CARTESIAN_POINT('Ctrl Pts',(4.16666657353441,-11.5999997407198,5.28367175148507));
#2425=CARTESIAN_POINT('Ctrl Pts',(4.53333323200544,-11.2999997474253,5.28367175148507));
#2426=CARTESIAN_POINT('Ctrl Pts',(4.89999989047647,-10.9999997541308,5.28367175148507));
#2427=CARTESIAN_POINT('Ctrl Pts',(3.79999991506338,-11.8999997340143,5.25));
#2428=CARTESIAN_POINT('Ctrl Pts',(4.16666657353441,-11.5999997407198,5.25));
#2429=CARTESIAN_POINT('Ctrl Pts',(4.53333323200544,-11.2999997474253,5.25));
#2430=CARTESIAN_POINT('Ctrl Pts',(4.89999989047647,-10.9999997541308,5.25));
#2431=CARTESIAN_POINT('',(3.79999991506338,-11.8999997340143,5.25));
#2432=CARTESIAN_POINT('Ctrl Pts',(3.71075907052027,-11.6499997340143,5.5));
#2433=CARTESIAN_POINT('Ctrl Pts',(3.71114682258934,-11.6510859856938,5.5));
#2434=CARTESIAN_POINT('Ctrl Pts',(3.71153507035642,-11.6521728872298,5.4999983848822));
#2435=CARTESIAN_POINT('Ctrl Pts',(3.71192372686537,-11.6532602413653,5.49999509303605));
#2436=CARTESIAN_POINT('Ctrl Pts',(3.71645614367333,-11.6659406983928,5.49995670433433));
#2437=CARTESIAN_POINT('Ctrl Pts',(3.72092158845493,-11.678321806104,5.49969146327525));
#2438=CARTESIAN_POINT('Ctrl Pts',(3.72523457259201,-11.6902788251198,5.49913812841885));
#2439=CARTESIAN_POINT('Ctrl Pts',(3.72929185115374,-11.7015269436784,5.49861759934223));
#2440=CARTESIAN_POINT('Ctrl Pts',(3.73321386208807,-11.7123993424527,5.49784204068602));
#2441=CARTESIAN_POINT('Ctrl Pts',(3.7369579121948,-11.722826980519,5.49676005175985));
#2442=CARTESIAN_POINT('Ctrl Pts',(3.74045076232142,-11.7325549958771,5.4957506568399));
#2443=CARTESIAN_POINT('Ctrl Pts',(3.7437885704868,-11.7418957337254,5.49447451570979));
#2444=CARTESIAN_POINT('Ctrl Pts',(3.74696559032093,-11.7508284814185,5.4928904657707));
#2445=CARTESIAN_POINT('Ctrl Pts',(3.74826004525202,-11.7544680681706,5.49224505549258));
#2446=CARTESIAN_POINT('Ctrl Pts',(3.74952817023324,-11.7580403675771,5.49154854061842));
#2447=CARTESIAN_POINT('Ctrl Pts',(3.75077118799478,-11.7615459481471,5.49079819783497));
#2448=CARTESIAN_POINT('Ctrl Pts',(3.75392385189998,-11.7704371463837,5.48889510466683));
#2449=CARTESIAN_POINT('Ctrl Pts',(3.75684559496392,-11.7787204990957,5.48668307688588));
#2450=CARTESIAN_POINT('Ctrl Pts',(3.75959437943607,-11.7864910513946,5.48416635346048));
#2451=CARTESIAN_POINT('Ctrl Pts',(3.76014620949715,-11.7880510224994,5.48366111063201));
#2452=CARTESIAN_POINT('Ctrl Pts',(3.76069117336384,-11.7895904542243,5.4831436255603));
#2453=CARTESIAN_POINT('Ctrl Pts',(3.76122988911703,-11.7911102978194,5.48261398870926));
#2454=CARTESIAN_POINT('Ctrl Pts',(3.76452029177152,-11.8003932960792,5.47937903875607));
#2455=CARTESIAN_POINT('Ctrl Pts',(3.76757503689718,-11.8089424040076,5.47568936331962));
#2456=CARTESIAN_POINT('Ctrl Pts',(3.77037756837518,-11.8167820053515,5.47149615936095));
#2457=CARTESIAN_POINT('Ctrl Pts',(3.77114396207139,-11.8189258603262,5.47034946569985));
#2458=CARTESIAN_POINT('Ctrl Pts',(3.77189167506907,-11.8210168769992,5.46916522367565));
#2459=CARTESIAN_POINT('Ctrl Pts',(3.77262075474714,-11.8230560257597,5.4679426983076));
#2460=CARTESIAN_POINT('Ctrl Pts',(3.77519019224192,-11.8302424354763,5.46363424943235));
#2461=CARTESIAN_POINT('Ctrl Pts',(3.7775803631673,-11.836928344501,5.45875962284151));
#2462=CARTESIAN_POINT('Ctrl Pts',(3.77977624238784,-11.8430911222362,5.45324885330342));
#2463=CARTESIAN_POINT('Ctrl Pts',(3.78197212160838,-11.8492538999713,5.44773808376532));
#2464=CARTESIAN_POINT('Ctrl Pts',(3.78397421520657,-11.8548941649621,5.44159050396985));
#2465=CARTESIAN_POINT('Ctrl Pts',(3.78580245031339,-11.8600320060475,5.4347593539426));
#2466=CARTESIAN_POINT('Ctrl Pts',(3.78603572999292,-11.8606875858017,5.43388771085727));
#2467=CARTESIAN_POINT('Ctrl Pts',(3.78626597082397,-11.8613344296214,5.4330058097155));
#2468=CARTESIAN_POINT('Ctrl Pts',(3.78649325935753,-11.8619726775405,5.43211364424681));
#2469=CARTESIAN_POINT('Ctrl Pts',(3.78818394142552,-11.8667202743277,5.42547728588791));
#2470=CARTESIAN_POINT('Ctrl Pts',(3.78971006928554,-11.8709907836865,5.41826944171984));
#2471=CARTESIAN_POINT('Ctrl Pts',(3.79106468609371,-11.8747897990399,5.41036131837674));
#2472=CARTESIAN_POINT('Ctrl Pts',(3.79230866179258,-11.8782785220137,5.4030991072457));
#2473=CARTESIAN_POINT('Ctrl Pts',(3.79340823998871,-11.8813699202366,5.39524582206725));
#2474=CARTESIAN_POINT('Ctrl Pts',(3.79436819406649,-11.8840807444943,5.38674391789346));
#2475=CARTESIAN_POINT('Ctrl Pts',(3.79467539562232,-11.884948254148,5.38402316463014));
#2476=CARTESIAN_POINT('Ctrl Pts',(3.7949683673737,-11.885776873504,5.38123635890375));
#2477=CARTESIAN_POINT('Ctrl Pts',(3.79524745375376,-11.8865673813098,5.3783827401051));
#2478=CARTESIAN_POINT('Ctrl Pts',(3.79614883184454,-11.8891205206519,5.36916627650009));
#2479=CARTESIAN_POINT('Ctrl Pts',(3.79688231172198,-11.8912212361721,5.35945844261404));
#2480=CARTESIAN_POINT('Ctrl Pts',(3.7974875925226,-11.8929504274052,5.34933863663293));
#2481=CARTESIAN_POINT('Ctrl Pts',(3.79780435019433,-11.8938553538269,5.34404270426948));
#2482=CARTESIAN_POINT('Ctrl Pts',(3.79808590280866,-11.8946584151039,5.33863487372971));
#2483=CARTESIAN_POINT('Ctrl Pts',(3.79833732244067,-11.8953704509489,5.33313200770539));
#2484=CARTESIAN_POINT('Ctrl Pts',(3.79871584395329,-11.8964424471289,5.32484724030442));
#2485=CARTESIAN_POINT('Ctrl Pts',(3.79902562922858,-11.8973075889462,5.31634307289449));
#2486=CARTESIAN_POINT('Ctrl Pts',(3.79926952360178,-11.8979851898259,5.30760950254163));
#2487=CARTESIAN_POINT('Ctrl Pts',(3.79953110028238,-11.8987119166731,5.2982427495796));
#2488=CARTESIAN_POINT('Ctrl Pts',(3.79971691172845,-11.8992229554242,5.2886122614712));
#2489=CARTESIAN_POINT('Ctrl Pts',(3.79983520062523,-11.8995479162883,5.27876872860501));
#2490=CARTESIAN_POINT('Ctrl Pts',(3.79994846031164,-11.8998590610074,5.26934370668076));
#2491=CARTESIAN_POINT('Ctrl Pts',(3.79999991506338,-11.8999997340143,5.25972449707785));
#2492=CARTESIAN_POINT('Ctrl Pts',(3.79999991506338,-11.8999997340143,5.25));
#2493=CARTESIAN_POINT('Ctrl Pts',(4.89999989047647,-10.9999997541308,5.25));
#2494=CARTESIAN_POINT('Ctrl Pts',(4.53333323200544,-11.2999997474253,5.25));
#2495=CARTESIAN_POINT('Ctrl Pts',(4.16666657353441,-11.5999997407198,5.25));
#2496=CARTESIAN_POINT('Ctrl Pts',(3.79999991506338,-11.8999997340143,5.25));
#2497=CARTESIAN_POINT('Ctrl Pts',(-11.8999997340143,-11.6499997340143,5.5));
#2498=CARTESIAN_POINT('Ctrl Pts',(-6.66666651765505,-11.6499997340143,5.5));
#2499=CARTESIAN_POINT('Ctrl Pts',(-1.43333330129584,-11.6499997340143,5.5));
#2500=CARTESIAN_POINT('Ctrl Pts',(3.79999991506338,-11.6499997340143,5.5));
#2501=CARTESIAN_POINT('Ctrl Pts',(-11.8999997340143,-11.7173432369844,5.5));
#2502=CARTESIAN_POINT('Ctrl Pts',(-6.66666651765506,-11.7173432369844,5.5));
#2503=CARTESIAN_POINT('Ctrl Pts',(-1.43333330129583,-11.7173432369844,5.5));
#2504=CARTESIAN_POINT('Ctrl Pts',(3.79999991506338,-11.7173432369844,5.5));
#2505=CARTESIAN_POINT('Ctrl Pts',(-11.8999997340143,-11.8010132556114,5.48759730792406));
#2506=CARTESIAN_POINT('Ctrl Pts',(-6.66666651765505,-11.8010132556114,5.48759730792406));
#2507=CARTESIAN_POINT('Ctrl Pts',(-1.43333330129584,-11.8010132556114,5.48759730792406));
#2508=CARTESIAN_POINT('Ctrl Pts',(3.79999991506338,-11.8010132556114,5.48759730792406));
#2509=CARTESIAN_POINT('Ctrl Pts',(-11.8999997340143,-11.8677157844074,5.43914359927616));
#2510=CARTESIAN_POINT('Ctrl Pts',(-6.66666651765506,-11.8677157844074,5.43914359927616));
#2511=CARTESIAN_POINT('Ctrl Pts',(-1.43333330129583,-11.8677157844074,5.43914359927616));
#2512=CARTESIAN_POINT('Ctrl Pts',(3.79999991506338,-11.8677157844074,5.43914359927616));
#2513=CARTESIAN_POINT('Ctrl Pts',(-11.8999997340143,-11.8949439308672,5.36364507983882));
#2514=CARTESIAN_POINT('Ctrl Pts',(-6.66666651765505,-11.8949439308672,5.36364507983882));
#2515=CARTESIAN_POINT('Ctrl Pts',(-1.43333330129584,-11.8949439308672,5.36364507983882));
#2516=CARTESIAN_POINT('Ctrl Pts',(3.79999991506338,-11.8949439308672,5.36364507983882));
#2517=CARTESIAN_POINT('Ctrl Pts',(-11.8999997340143,-11.8999997340143,5.28367175148507));
#2518=CARTESIAN_POINT('Ctrl Pts',(-6.66666651765506,-11.8999997340143,5.28367175148507));
#2519=CARTESIAN_POINT('Ctrl Pts',(-1.43333330129583,-11.8999997340143,5.28367175148507));
#2520=CARTESIAN_POINT('Ctrl Pts',(3.79999991506338,-11.8999997340143,5.28367175148507));
#2521=CARTESIAN_POINT('Ctrl Pts',(-11.8999997340143,-11.8999997340143,5.25));
#2522=CARTESIAN_POINT('Ctrl Pts',(-6.66666651765505,-11.8999997340143,5.25));
#2523=CARTESIAN_POINT('Ctrl Pts',(-1.43333330129584,-11.8999997340143,5.25));
#2524=CARTESIAN_POINT('Ctrl Pts',(3.79999991506338,-11.8999997340143,5.25));
#2525=CARTESIAN_POINT('',(-11.8999997340143,-11.8999997340143,5.25));
#2526=CARTESIAN_POINT('Ctrl Pts',(-11.796446343421,-11.6499997340143,5.5));
#2527=CARTESIAN_POINT('Ctrl Pts',(-11.7968963713763,-11.6510861976075,5.5));
#2528=CARTESIAN_POINT('Ctrl Pts',(-11.7973464317267,-11.652173486461,5.49999838595994));
#2529=CARTESIAN_POINT('Ctrl Pts',(-11.7977964575802,-11.65326139282,5.49999509625353));
#2530=CARTESIAN_POINT('Ctrl Pts',(-11.8030463644553,-11.6659526793971,5.49995671923102));
#2531=CARTESIAN_POINT('Ctrl Pts',(-11.8081369714805,-11.6783725648755,5.49969147760487));
#2532=CARTESIAN_POINT('Ctrl Pts',(-11.8130531661997,-11.6903692468392,5.49913778411422));
#2533=CARTESIAN_POINT('Ctrl Pts',(-11.8176764140597,-11.7016510689362,5.49861708418429));
#2534=CARTESIAN_POINT('Ctrl Pts',(-11.822145416127,-11.712558066548,5.4978412004613));
#2535=CARTESIAN_POINT('Ctrl Pts',(-11.8264476037305,-11.7230088979938,5.49675843010517));
#2536=CARTESIAN_POINT('Ctrl Pts',(-11.8304595908436,-11.732754777287,5.49574869712385));
#2537=CARTESIAN_POINT('Ctrl Pts',(-11.8343265091384,-11.7421037026655,5.49447202708263));
#2538=CARTESIAN_POINT('Ctrl Pts',(-11.8380381656646,-11.7510353135209,5.4928870098833));
#2539=CARTESIAN_POINT('Ctrl Pts',(-11.8395782544226,-11.7547413335614,5.49222933395));
#2540=CARTESIAN_POINT('Ctrl Pts',(-11.8410916118567,-11.7583760927645,5.49151858106225));
#2541=CARTESIAN_POINT('Ctrl Pts',(-11.8425775097949,-11.7619408379371,5.49075185508726));
#2542=CARTESIAN_POINT('Ctrl Pts',(-11.846278558927,-11.7708198441511,5.48884210716234));
#2543=CARTESIAN_POINT('Ctrl Pts',(-11.8497400528043,-11.7790814087228,5.4866227527141));
#2544=CARTESIAN_POINT('Ctrl Pts',(-11.8529798476572,-11.7868359930289,5.48409796494227));
#2545=CARTESIAN_POINT('Ctrl Pts',(-11.8535968697621,-11.7883128612099,5.48361711663668));
#2546=CARTESIAN_POINT('Ctrl Pts',(-11.8542058504941,-11.7897714891364,5.48312522381327));
#2547=CARTESIAN_POINT('Ctrl Pts',(-11.8548069132031,-11.7912128390873,5.48262236283506));
#2548=CARTESIAN_POINT('Ctrl Pts',(-11.8586744014266,-11.8004870859784,5.479386745516));
#2549=CARTESIAN_POINT('Ctrl Pts',(-11.8622140698476,-11.8090419114197,5.47569563286041));
#2550=CARTESIAN_POINT('Ctrl Pts',(-11.8654587784287,-11.8168863950833,5.47150016956475));
#2551=CARTESIAN_POINT('Ctrl Pts',(-11.8664160300245,-11.8192006690214,5.47026242699562));
#2552=CARTESIAN_POINT('Ctrl Pts',(-11.8673476093846,-11.8214534463337,5.46898090987471));
#2553=CARTESIAN_POINT('Ctrl Pts',(-11.8682543602677,-11.823645738756,5.46765469981907));
#2554=CARTESIAN_POINT('Ctrl Pts',(-11.8711979281035,-11.830762535201,5.46334944979242));
#2555=CARTESIAN_POINT('Ctrl Pts',(-11.8739418348479,-11.8373944683731,5.45847673938518));
#2556=CARTESIAN_POINT('Ctrl Pts',(-11.8764808752178,-11.8435103261088,5.45296440776916));
#2557=CARTESIAN_POINT('Ctrl Pts',(-11.8790199155877,-11.8496261838446,5.44745207615315));
#2558=CARTESIAN_POINT('Ctrl Pts',(-11.8813540895832,-11.8552267381543,5.44129945514007));
#2559=CARTESIAN_POINT('Ctrl Pts',(-11.8834781919213,-11.8603368682964,5.43445674620334));
#2560=CARTESIAN_POINT('Ctrl Pts',(-11.8837175543779,-11.8609127225208,5.43368564982452));
#2561=CARTESIAN_POINT('Ctrl Pts',(-11.8839540471767,-11.8614818371259,5.43290657339756));
#2562=CARTESIAN_POINT('Ctrl Pts',(-11.8841876876106,-11.8620443255667,5.43211951349667));
#2563=CARTESIAN_POINT('Ctrl Pts',(-11.8861567060633,-11.8667847298738,5.42548652004581));
#2564=CARTESIAN_POINT('Ctrl Pts',(-11.8879231388879,-11.8710526172786,5.41828294995603));
#2565=CARTESIAN_POINT('Ctrl Pts',(-11.8894973369824,-11.8748475924519,5.41038031891008));
#2566=CARTESIAN_POINT('Ctrl Pts',(-11.8909430082889,-11.8783327235396,5.40312290512611));
#2567=CARTESIAN_POINT('Ctrl Pts',(-11.8922265537663,-11.8814193904761,5.39527540564139));
#2568=CARTESIAN_POINT('Ctrl Pts',(-11.8933559903531,-11.8841233367178,5.38678050078658));
#2569=CARTESIAN_POINT('Ctrl Pts',(-11.893719098721,-11.8849926422798,5.38404943020331));
#2570=CARTESIAN_POINT('Ctrl Pts',(-11.8940662785294,-11.8858225005337,5.38125182040845));
#2571=CARTESIAN_POINT('Ctrl Pts',(-11.8943977961767,-11.886613736532,5.37838690869449));
#2572=CARTESIAN_POINT('Ctrl Pts',(-11.8954646256461,-11.8891599475322,5.36916757370965));
#2573=CARTESIAN_POINT('Ctrl Pts',(-11.8963498215837,-11.8912495480541,5.35945543001491));
#2574=CARTESIAN_POINT('Ctrl Pts',(-11.8970771027806,-11.892969975126,5.3493292504599));
#2575=CARTESIAN_POINT('Ctrl Pts',(-11.8974571583189,-11.8938690191818,5.34403760997956));
#2576=CARTESIAN_POINT('Ctrl Pts',(-11.8977940905476,-11.8946671015153,5.33863383039867));
#2577=CARTESIAN_POINT('Ctrl Pts',(-11.8980912842173,-11.8953757447241,5.33313461297742));
#2578=CARTESIAN_POINT('Ctrl Pts',(-11.8985394354362,-11.8964443385411,5.32484210461633));
#2579=CARTESIAN_POINT('Ctrl Pts',(-11.8988972254176,-11.8973088855631,5.31632859227386));
#2580=CARTESIAN_POINT('Ctrl Pts',(-11.8991762601395,-11.8979864480332,5.30758364472826));
#2581=CARTESIAN_POINT('Ctrl Pts',(-11.8994753871091,-11.898712799245,5.29820900618531));
#2582=CARTESIAN_POINT('Ctrl Pts',(-11.899684008737,-11.8992243093878,5.28856853986736));
#2583=CARTESIAN_POINT('Ctrl Pts',(-11.8998164229713,-11.8995492736736,5.27871234912368));
#2584=CARTESIAN_POINT('Ctrl Pts',(-11.8999427708263,-11.8998593501598,5.26930770644051));
#2585=CARTESIAN_POINT('Ctrl Pts',(-11.8999997340143,-11.8999997340143,5.25970778721638));
#2586=CARTESIAN_POINT('Ctrl Pts',(-11.8999997340143,-11.8999997340143,5.25));
#2587=CARTESIAN_POINT('Ctrl Pts',(3.79999991506338,-11.8999997340143,5.25));
#2588=CARTESIAN_POINT('Ctrl Pts',(-1.43333330129584,-11.8999997340143,5.25));
#2589=CARTESIAN_POINT('Ctrl Pts',(-6.66666651765506,-11.8999997340143,5.25));
#2590=CARTESIAN_POINT('Ctrl Pts',(-11.8999997340143,-11.8999997340143,5.25));
#2591=CARTESIAN_POINT('Ctrl Pts',(-12.6232230186011,-10.8232230588342,5.5));
#2592=CARTESIAN_POINT('Ctrl Pts',(-12.3232230253066,-11.1232230521287,5.5));
#2593=CARTESIAN_POINT('Ctrl Pts',(-12.0232230320121,-11.4232230454232,5.5));
#2594=CARTESIAN_POINT('Ctrl Pts',(-11.7232230387176,-11.7232230387176,5.5));
#2595=CARTESIAN_POINT('Ctrl Pts',(-12.6708420662201,-10.8708421064533,5.5));
#2596=CARTESIAN_POINT('Ctrl Pts',(-12.3708420729256,-11.1708420997477,5.5));
#2597=CARTESIAN_POINT('Ctrl Pts',(-12.0708420796312,-11.4708420930422,5.5));
#2598=CARTESIAN_POINT('Ctrl Pts',(-11.7708420863367,-11.7708420863367,5.5));
#2599=CARTESIAN_POINT('Ctrl Pts',(-12.7300056225389,-10.930005662772,5.48759728334541));
#2600=CARTESIAN_POINT('Ctrl Pts',(-12.4300056292444,-11.2300056560665,5.48759728334541));
#2601=CARTESIAN_POINT('Ctrl Pts',(-12.1300056359499,-11.530005649361,5.48759728334541));
#2602=CARTESIAN_POINT('Ctrl Pts',(-11.8300056426555,-11.8300056426555,5.48759728334541));
#2603=CARTESIAN_POINT('Ctrl Pts',(-12.7771714826036,-10.9771715228367,5.43914359071869));
#2604=CARTESIAN_POINT('Ctrl Pts',(-12.4771714893091,-11.2771715161312,5.43914359071869));
#2605=CARTESIAN_POINT('Ctrl Pts',(-12.1771714960146,-11.5771715094257,5.43914359071869));
#2606=CARTESIAN_POINT('Ctrl Pts',(-11.8771715027202,-11.8771715027202,5.43914359071869));
#2607=CARTESIAN_POINT('Ctrl Pts',(-12.7964246928284,-10.9964247330615,5.36364507077709));
#2608=CARTESIAN_POINT('Ctrl Pts',(-12.4964246995339,-11.296424726356,5.36364507077709));
#2609=CARTESIAN_POINT('Ctrl Pts',(-12.1964247062394,-11.5964247196504,5.36364507077709));
#2610=CARTESIAN_POINT('Ctrl Pts',(-11.8964247129449,-11.8964247129449,5.36364507077709));
#2611=CARTESIAN_POINT('Ctrl Pts',(-12.7999997138977,-10.9999997541308,5.28367175148508));
#2612=CARTESIAN_POINT('Ctrl Pts',(-12.4999997206032,-11.2999997474253,5.28367175148508));
#2613=CARTESIAN_POINT('Ctrl Pts',(-12.1999997273087,-11.5999997407198,5.28367175148508));
#2614=CARTESIAN_POINT('Ctrl Pts',(-11.8999997340143,-11.8999997340143,5.28367175148508));
#2615=CARTESIAN_POINT('Ctrl Pts',(-12.7999997138977,-10.9999997541308,5.25));
#2616=CARTESIAN_POINT('Ctrl Pts',(-12.4999997206032,-11.2999997474253,5.25));
#2617=CARTESIAN_POINT('Ctrl Pts',(-12.1999997273088,-11.5999997407198,5.25));
#2618=CARTESIAN_POINT('Ctrl Pts',(-11.8999997340143,-11.8999997340143,5.25));
#2619=CARTESIAN_POINT('',(-12.7999997138977,-10.9999997541308,5.25));
#2620=CARTESIAN_POINT('Ctrl Pts',(-12.5499997138977,-10.8964463635376,5.5));
#2621=CARTESIAN_POINT('Ctrl Pts',(-12.5510854854067,-10.8968961048222,5.5));
#2622=CARTESIAN_POINT('Ctrl Pts',(-12.5521718625362,-10.8973464060035,5.49999838801235));
#2623=CARTESIAN_POINT('Ctrl Pts',(-12.553258651454,-10.8977971676632,5.49999510252901));
#2624=CARTESIAN_POINT('Ctrl Pts',(-12.5659449256452,-10.9030589861417,5.49995675051619));
#2625=CARTESIAN_POINT('Ctrl Pts',(-12.5783266674613,-10.9082415472198,5.4996915402306));
#2626=CARTESIAN_POINT('Ctrl Pts',(-12.5902858474269,-10.913248194311,5.49913788500984));
#2627=CARTESIAN_POINT('Ctrl Pts',(-12.6015324089974,-10.917956507501,5.49861722075468));
#2628=CARTESIAN_POINT('Ctrl Pts',(-12.6124048753933,-10.9225088548566,5.49784137852601));
#2629=CARTESIAN_POINT('Ctrl Pts',(-12.6228368387673,-10.9268566038873,5.49675865597268));
#2630=CARTESIAN_POINT('Ctrl Pts',(-12.6325650907618,-10.9309110658004,5.49574897088644));
#2631=CARTESIAN_POINT('Ctrl Pts',(-12.6419100867438,-10.9347874229212,5.49447235598105));
#2632=CARTESIAN_POINT('Ctrl Pts',(-12.6508502190173,-10.9384784828837,5.49288740203543));
#2633=CARTESIAN_POINT('Ctrl Pts',(-12.6545624337338,-10.9400111231951,5.49222928097168));
#2634=CARTESIAN_POINT('Ctrl Pts',(-12.6582052595321,-10.9415122314377,5.49151800823409));
#2635=CARTESIAN_POINT('Ctrl Pts',(-12.6617790640884,-10.9429832073169,5.49075068154081));
#2636=CARTESIAN_POINT('Ctrl Pts',(-12.6706742710689,-10.9466444693422,5.48884080380387));
#2637=CARTESIAN_POINT('Ctrl Pts',(-12.6789635051127,-10.9500385355265,5.48662131778246));
#2638=CARTESIAN_POINT('Ctrl Pts',(-12.6867375080985,-10.953230895638,5.48409639914313));
#2639=CARTESIAN_POINT('Ctrl Pts',(-12.6882164800896,-10.9538382289769,5.48361604379027));
#2640=CARTESIAN_POINT('Ctrl Pts',(-12.6896769090068,-10.9544383668062,5.48312466772426));
#2641=CARTESIAN_POINT('Ctrl Pts',(-12.6911195600542,-10.9550319004523,5.48262234707127));
#2642=CARTESIAN_POINT('Ctrl Pts',(-12.7004121465751,-10.9588550444964,5.47938673570312));
#2643=CARTESIAN_POINT('Ctrl Pts',(-12.7089642292977,-10.9624012886902,5.47569563096873));
#2644=CARTESIAN_POINT('Ctrl Pts',(-12.7168054613534,-10.9656538165183,5.47150017747617));
#2645=CARTESIAN_POINT('Ctrl Pts',(-12.7191190287582,-10.9666134797846,5.47026230256316));
#2646=CARTESIAN_POINT('Ctrl Pts',(-12.7213709454252,-10.9675478061053,5.46898064369295));
#2647=CARTESIAN_POINT('Ctrl Pts',(-12.7235625237628,-10.9684569142775,5.4676542821894));
#2648=CARTESIAN_POINT('Ctrl Pts',(-12.7306760895871,-10.9714077560127,5.46334909277393));
#2649=CARTESIAN_POINT('Ctrl Pts',(-12.737305643539,-10.9741569379732,5.45847646684395));
#2650=CARTESIAN_POINT('Ctrl Pts',(-12.7434254371554,-10.9766860720999,5.45296424894037));
#2651=CARTESIAN_POINT('Ctrl Pts',(-12.7495452307718,-10.9792152062267,5.44745203103679));
#2652=CARTESIAN_POINT('Ctrl Pts',(-12.7551558098809,-10.981524838348,5.44129955304488));
#2653=CARTESIAN_POINT('Ctrl Pts',(-12.7602710846806,-10.9836362390663,5.43445701991944));
#2654=CARTESIAN_POINT('Ctrl Pts',(-12.7608476030189,-10.9838742050174,5.43368583049541));
#2655=CARTESIAN_POINT('Ctrl Pts',(-12.7614173248757,-10.9841094338015,5.43290665905424));
#2656=CARTESIAN_POINT('Ctrl Pts',(-12.7619803427367,-10.9843419934387,5.43211950216816));
#2657=CARTESIAN_POINT('Ctrl Pts',(-12.7667246226043,-10.9863016612949,5.42548651087979));
#2658=CARTESIAN_POINT('Ctrl Pts',(-12.7709915323765,-10.9880704583389,5.41828294309337));
#2659=CARTESIAN_POINT('Ctrl Pts',(-12.7747881121907,-10.9896407863045,5.41038031484184));
#2660=CARTESIAN_POINT('Ctrl Pts',(-12.7782747176678,-10.9910829037769,5.40312290204061));
#2661=CARTESIAN_POINT('Ctrl Pts',(-12.7813649259713,-10.9923579046522,5.39527540369567));
#2662=CARTESIAN_POINT('Ctrl Pts',(-12.7840755385958,-10.9934712527359,5.38678050037226));
#2663=CARTESIAN_POINT('Ctrl Pts',(-12.7849469862262,-10.9938291882597,5.38404943385782));
#2664=CARTESIAN_POINT('Ctrl Pts',(-12.785779277324,-10.9941704935772,5.38125182834686));
#2665=CARTESIAN_POINT('Ctrl Pts',(-12.7865731836692,-10.9944955637249,5.37838692114266));
#2666=CARTESIAN_POINT('Ctrl Pts',(-12.7891279915828,-10.9955416465416,5.36916758734983));
#2667=CARTESIAN_POINT('Ctrl Pts',(-12.7912314930066,-10.9963932915094,5.35945544492556));
#2668=CARTESIAN_POINT('Ctrl Pts',(-12.792962287186,-10.9970955544311,5.34932926678434));
#2669=CARTESIAN_POINT('Ctrl Pts',(-12.7938667500814,-10.9974625366887,5.34403761945268));
#2670=CARTESIAN_POINT('Ctrl Pts',(-12.7946693292855,-10.9977886210074,5.33863383273658));
#2671=CARTESIAN_POINT('Ctrl Pts',(-12.795380565946,-10.9980795617533,5.33313460797675));
#2672=CARTESIAN_POINT('Ctrl Pts',(-12.7964530683899,-10.9985182830374,5.32484210518292));
#2673=CARTESIAN_POINT('Ctrl Pts',(-12.7973173934399,-10.9988766168699,5.31632859881962));
#2674=CARTESIAN_POINT('Ctrl Pts',(-12.7979938120009,-10.999158420849,5.30758365751291));
#2675=CARTESIAN_POINT('Ctrl Pts',(-12.7987189369164,-10.9994605164719,5.29820902590065));
#2676=CARTESIAN_POINT('Ctrl Pts',(-12.7992281492491,-10.9996746932486,5.28856856682501));
#2677=CARTESIAN_POINT('Ctrl Pts',(-12.7995515664541,-10.999810848314,5.27871238340745));
#2678=CARTESIAN_POINT('Ctrl Pts',(-12.7998601673224,-10.9999407658657,5.26930772986899));
#2679=CARTESIAN_POINT('Ctrl Pts',(-12.7999997138977,-10.9999997541308,5.25970779911201));
#2680=CARTESIAN_POINT('Ctrl Pts',(-12.7999997138977,-10.9999997541308,5.25));
#2681=CARTESIAN_POINT('Ctrl Pts',(-11.8999997340143,-11.8999997340143,5.25));
#2682=CARTESIAN_POINT('Ctrl Pts',(-12.1999997273088,-11.5999997407198,5.25));
#2683=CARTESIAN_POINT('Ctrl Pts',(-12.4999997206032,-11.2999997474253,5.25));
#2684=CARTESIAN_POINT('Ctrl Pts',(-12.7999997138977,-10.9999997541308,5.25));
#2685=CARTESIAN_POINT('Ctrl Pts',(-12.5499997138977,24.3999994546175,5.5));
#2686=CARTESIAN_POINT('Ctrl Pts',(-12.5499997138977,12.5999997183681,5.5));
#2687=CARTESIAN_POINT('Ctrl Pts',(-12.5499997138977,0.799999982118604,5.5));
#2688=CARTESIAN_POINT('Ctrl Pts',(-12.5499997138977,-10.9999997541308,5.5));
#2689=CARTESIAN_POINT('Ctrl Pts',(-12.6173432168679,24.3999994546175,5.5));
#2690=CARTESIAN_POINT('Ctrl Pts',(-12.6173432168679,12.5999997183681,5.5));
#2691=CARTESIAN_POINT('Ctrl Pts',(-12.6173432168679,0.799999982118587,5.5));
#2692=CARTESIAN_POINT('Ctrl Pts',(-12.6173432168679,-10.9999997541308,5.5));
#2693=CARTESIAN_POINT('Ctrl Pts',(-12.7010771071672,24.3999994546175,5.48761095185535));
#2694=CARTESIAN_POINT('Ctrl Pts',(-12.7010771071672,12.599999718368,5.48761095185535));
#2695=CARTESIAN_POINT('Ctrl Pts',(-12.7010771071672,0.799999982118622,5.48761095185535));
#2696=CARTESIAN_POINT('Ctrl Pts',(-12.7010771071672,-10.9999997541308,5.48761095185535));
#2697=CARTESIAN_POINT('Ctrl Pts',(-12.7677415694695,24.3999994546175,5.43914859415729));
#2698=CARTESIAN_POINT('Ctrl Pts',(-12.7677415694695,12.5999997183681,5.43914859415729));
#2699=CARTESIAN_POINT('Ctrl Pts',(-12.7677415694695,0.799999982118584,5.43914859415729));
#2700=CARTESIAN_POINT('Ctrl Pts',(-12.7677415694695,-10.9999997541308,5.43914859415729));
#2701=CARTESIAN_POINT('Ctrl Pts',(-12.7949668158967,24.3999994546175,5.36365021094846));
#2702=CARTESIAN_POINT('Ctrl Pts',(-12.7949668158967,12.599999718368,5.36365021094846));
#2703=CARTESIAN_POINT('Ctrl Pts',(-12.7949668158967,0.799999982118627,5.36365021094846));
#2704=CARTESIAN_POINT('Ctrl Pts',(-12.7949668158967,-10.9999997541308,5.36365021094846));
#2705=CARTESIAN_POINT('Ctrl Pts',(-12.7999997138977,24.3999994546175,5.28367175148507));
#2706=CARTESIAN_POINT('Ctrl Pts',(-12.7999997138977,12.5999997183681,5.28367175148507));
#2707=CARTESIAN_POINT('Ctrl Pts',(-12.7999997138977,0.799999982118591,5.28367175148507));
#2708=CARTESIAN_POINT('Ctrl Pts',(-12.7999997138977,-10.9999997541308,5.28367175148507));
#2709=CARTESIAN_POINT('Ctrl Pts',(-12.7999997138977,24.3999994546175,5.25));
#2710=CARTESIAN_POINT('Ctrl Pts',(-12.7999997138977,12.5999997183681,5.25));
#2711=CARTESIAN_POINT('Ctrl Pts',(-12.7999997138977,0.799999982118604,5.25));
#2712=CARTESIAN_POINT('Ctrl Pts',(-12.7999997138977,-10.9999997541308,5.25));
#2713=CARTESIAN_POINT('',(-12.7999997138977,24.3999994546175,5.25));
#2714=CARTESIAN_POINT('Ctrl Pts',(-12.5499997138977,24.2614375442407,5.5));
#2715=CARTESIAN_POINT('Ctrl Pts',(-12.5510862354403,24.2620397462432,5.5));
#2716=CARTESIAN_POINT('Ctrl Pts',(-12.5521735909209,24.2626419917476,5.49999838756382));
#2717=CARTESIAN_POINT('Ctrl Pts',(-12.5532615726442,24.2632441912294,5.49999510107549));
#2718=CARTESIAN_POINT('Ctrl Pts',(-12.5664085656983,24.2705210711943,5.49995538768842));
#2719=CARTESIAN_POINT('Ctrl Pts',(-12.5788874053318,24.2773720852034,5.49967290853342));
#2720=CARTESIAN_POINT('Ctrl Pts',(-12.5906599580978,24.2838313320644,5.4991253474499));
#2721=CARTESIAN_POINT('Ctrl Pts',(-12.6025551167097,24.2903578490784,5.4985720837638));
#2722=CARTESIAN_POINT('Ctrl Pts',(-12.6137292788754,24.2964843962947,5.49774815791854));
#2723=CARTESIAN_POINT('Ctrl Pts',(-12.6241963453052,24.3022461490261,5.49663817415672));
#2724=CARTESIAN_POINT('Ctrl Pts',(-12.6349735010718,24.308178595055,5.49549530686149));
#2725=CARTESIAN_POINT('Ctrl Pts',(-12.6450011363854,24.3137243121885,5.49404913880341));
#2726=CARTESIAN_POINT('Ctrl Pts',(-12.654349553471,24.3189216955005,5.49229150658734));
#2727=CARTESIAN_POINT('Ctrl Pts',(-12.6584545083888,24.3212039026368,5.49151971806496));
#2728=CARTESIAN_POINT('Ctrl Pts',(-12.6624291919823,24.3234189458173,5.49068798838635));
#2729=CARTESIAN_POINT('Ctrl Pts',(-12.6662826391351,24.3255700758135,5.48979615651184));
#2730=CARTESIAN_POINT('Ctrl Pts',(-12.6751978497343,24.3305468605422,5.48773284315496));
#2731=CARTESIAN_POINT('Ctrl Pts',(-12.6834793203539,24.3351911318426,5.48534243913451));
#2732=CARTESIAN_POINT('Ctrl Pts',(-12.6912543783094,24.3395282636639,5.48263115427517));
#2733=CARTESIAN_POINT('Ctrl Pts',(-12.7005341449656,24.3447047615743,5.47939515385213));
#2734=CARTESIAN_POINT('Ctrl Pts',(-12.7090946103614,24.3494437348759,5.47570214120749));
#2735=CARTESIAN_POINT('Ctrl Pts',(-12.7169441476518,24.3537883243822,5.47150275947194));
#2736=CARTESIAN_POINT('Ctrl Pts',(-12.7203728184804,24.355686037171,5.46966847330676));
#2737=CARTESIAN_POINT('Ctrl Pts',(-12.723666510263,24.3575085041131,5.46773780462859));
#2738=CARTESIAN_POINT('Ctrl Pts',(-12.7268287311181,24.3592593204954,5.46570786928352));
#2739=CARTESIAN_POINT('Ctrl Pts',(-12.7336479674758,24.3630349045792,5.46133037335789));
#2740=CARTESIAN_POINT('Ctrl Pts',(-12.7400102834892,24.3665609655459,5.45638828332208));
#2741=CARTESIAN_POINT('Ctrl Pts',(-12.7458855265305,24.3698279070777,5.45081141451339));
#2742=CARTESIAN_POINT('Ctrl Pts',(-12.7517607695718,24.3730948486095,5.4452345457047));
#2743=CARTESIAN_POINT('Ctrl Pts',(-12.7571496681614,24.3761026707063,5.43902225793896));
#2744=CARTESIAN_POINT('Ctrl Pts',(-12.7620758750379,24.3788417770503,5.43212597713187));
#2745=CARTESIAN_POINT('Ctrl Pts',(-12.7621559625525,24.3788863079084,5.43201386125771));
#2746=CARTESIAN_POINT('Ctrl Pts',(-12.7622359288038,24.3789307677437,5.43190156520434));
#2747=CARTESIAN_POINT('Ctrl Pts',(-12.7623157735941,24.3789751565151,5.43178908810586));
#2748=CARTESIAN_POINT('Ctrl Pts',(-12.7670302996522,24.381596141789,5.42514775045371));
#2749=CARTESIAN_POINT('Ctrl Pts',(-12.7712751060708,24.3839478488286,5.41793411342425));
#2750=CARTESIAN_POINT('Ctrl Pts',(-12.7750493547016,24.3860436846748,5.41001991226563));
#2751=CARTESIAN_POINT('Ctrl Pts',(-12.7785128337001,24.3879669505079,5.40275736223688));
#2752=CARTESIAN_POINT('Ctrl Pts',(-12.7815804284742,24.3896747469919,5.39490436175062));
#2753=CARTESIAN_POINT('Ctrl Pts',(-12.784267375792,24.3911774345879,5.38640344929325));
#2754=CARTESIAN_POINT('Ctrl Pts',(-12.7854338897149,24.3918298128429,5.38271285488771));
#2755=CARTESIAN_POINT('Ctrl Pts',(-12.7865288422409,24.3924435325061,5.37890074424802));
#2756=CARTESIAN_POINT('Ctrl Pts',(-12.7875542763001,24.3930194413345,5.37496545262292));
#2757=CARTESIAN_POINT('Ctrl Pts',(-12.7899452159385,24.3943622514679,5.365789782427));
#2758=CARTESIAN_POINT('Ctrl Pts',(-12.7919693096668,24.395506891057,5.35589645213226));
#2759=CARTESIAN_POINT('Ctrl Pts',(-12.7936536303542,24.3964571677673,5.3452640878184));
#2760=CARTESIAN_POINT('Ctrl Pts',(-12.7942780046738,24.3968094334485,5.34132269157279));
#2761=CARTESIAN_POINT('Ctrl Pts',(-12.7948557800756,24.3971349903638,5.33728023405465));
#2762=CARTESIAN_POINT('Ctrl Pts',(-12.7953886430242,24.3974340324765,5.33313745451199));
#2763=CARTESIAN_POINT('Ctrl Pts',(-12.7965510876642,24.3980863951561,5.32409994892682));
#2764=CARTESIAN_POINT('Ctrl Pts',(-12.7974991040208,24.3986125745272,5.31458130189327));
#2765=CARTESIAN_POINT('Ctrl Pts',(-12.7982242172498,24.3990145842668,5.30448769927593));
#2766=CARTESIAN_POINT('Ctrl Pts',(-12.7989293817015,24.3994055342127,5.29467178436595));
#2767=CARTESIAN_POINT('Ctrl Pts',(-12.7994237450747,24.3996790526724,5.28431197905816));
#2768=CARTESIAN_POINT('Ctrl Pts',(-12.79970804433,24.399836991657,5.27337042316178));
#2769=CARTESIAN_POINT('Ctrl Pts',(-12.7999033664709,24.3999455004906,5.26585324510685));
#2770=CARTESIAN_POINT('Ctrl Pts',(-12.7999997138977,24.3999994546175,5.25806248677553));
#2771=CARTESIAN_POINT('Ctrl Pts',(-12.7999997138977,24.3999994546175,5.25));
#2772=CARTESIAN_POINT('Ctrl Pts',(-12.7999997138977,-10.9999997541308,5.25));
#2773=CARTESIAN_POINT('Ctrl Pts',(-12.7999997138977,0.799999982118611,5.25));
#2774=CARTESIAN_POINT('Ctrl Pts',(-12.7999997138977,12.5999997183681,5.25));
#2775=CARTESIAN_POINT('Ctrl Pts',(-12.7999997138977,24.3999994546175,5.25));
#2776=CARTESIAN_POINT('Ctrl Pts',(-11.8674999967783,24.6879998674404,5.5));
#2777=CARTESIAN_POINT('Ctrl Pts',(-12.1341666574845,24.521333204499,5.5));
#2778=CARTESIAN_POINT('Ctrl Pts',(-12.4008333181907,24.3546665415576,5.5));
#2779=CARTESIAN_POINT('Ctrl Pts',(-12.6674999788969,24.1879998786162,5.5));
#2780=CARTESIAN_POINT('Ctrl Pts',(-11.9031919819686,24.7451070437448,5.5));
#2781=CARTESIAN_POINT('Ctrl Pts',(-12.1698586426748,24.5784403808034,5.5));
#2782=CARTESIAN_POINT('Ctrl Pts',(-12.436525303381,24.4117737178621,5.5));
#2783=CARTESIAN_POINT('Ctrl Pts',(-12.7031919640872,24.2451070549207,5.5));
#2784=CARTESIAN_POINT('Ctrl Pts',(-11.9475708225842,24.8161131887298,5.48761093878098));
#2785=CARTESIAN_POINT('Ctrl Pts',(-12.2142374832904,24.6494465257884,5.48761093878098));
#2786=CARTESIAN_POINT('Ctrl Pts',(-12.4809041439966,24.482779862847,5.48761093878098));
#2787=CARTESIAN_POINT('Ctrl Pts',(-12.7475708047028,24.3161131999057,5.48761093878098));
#2788=CARTESIAN_POINT('Ctrl Pts',(-11.982902935842,24.8726445699423,5.43914858914997));
#2789=CARTESIAN_POINT('Ctrl Pts',(-12.2495695965482,24.7059779070009,5.43914858914997));
#2790=CARTESIAN_POINT('Ctrl Pts',(-12.5162362572544,24.5393112440595,5.43914858914997));
#2791=CARTESIAN_POINT('Ctrl Pts',(-12.7829029179606,24.3726445811182,5.43914858914997));
#2792=CARTESIAN_POINT('Ctrl Pts',(-11.9973322892361,24.8957315353728,5.36365020593797));
#2793=CARTESIAN_POINT('Ctrl Pts',(-12.2639989499423,24.7290648724314,5.36365020593797));
#2794=CARTESIAN_POINT('Ctrl Pts',(-12.5306656106485,24.56239820949,5.36365020593797));
#2795=CARTESIAN_POINT('Ctrl Pts',(-12.7973322713547,24.3957315465487,5.36365020593797));
#2796=CARTESIAN_POINT('Ctrl Pts',(-11.9999997317791,24.8999994434416,5.28367175148508));
#2797=CARTESIAN_POINT('Ctrl Pts',(-12.2666663924853,24.7333327805003,5.28367175148508));
#2798=CARTESIAN_POINT('Ctrl Pts',(-12.5333330531915,24.5666661175589,5.28367175148508));
#2799=CARTESIAN_POINT('Ctrl Pts',(-12.7999997138977,24.3999994546175,5.28367175148508));
#2800=CARTESIAN_POINT('Ctrl Pts',(-11.9999997317791,24.8999994434416,5.25));
#2801=CARTESIAN_POINT('Ctrl Pts',(-12.2666663924853,24.7333327805003,5.25));
#2802=CARTESIAN_POINT('Ctrl Pts',(-12.5333330531915,24.5666661175589,5.25));
#2803=CARTESIAN_POINT('Ctrl Pts',(-12.7999997138977,24.3999994546175,5.25));
#2804=CARTESIAN_POINT('',(-11.9999997317791,24.8999994434416,5.25));
#2805=CARTESIAN_POINT('Ctrl Pts',(-11.9283006751763,24.6499994434416,5.5));
#2806=CARTESIAN_POINT('Ctrl Pts',(-11.9286121734241,24.6510855743569,5.5));
#2807=CARTESIAN_POINT('Ctrl Pts',(-11.9289240941148,24.6521724233444,5.49999838872129));
#2808=CARTESIAN_POINT('Ctrl Pts',(-11.9292363665347,24.6532597899658,5.49999510461898));
#2809=CARTESIAN_POINT('Ctrl Pts',(-11.9328892830498,24.6659796436452,5.49995668767651));
#2810=CARTESIAN_POINT('Ctrl Pts',(-11.9364909906009,24.6784065392747,5.49969055539302));
#2811=CARTESIAN_POINT('Ctrl Pts',(-11.9399699395527,24.6904066792245,5.49913509531916));
#2812=CARTESIAN_POINT('Ctrl Pts',(-11.9432424923763,24.7016948850645,5.49861258910875));
#2813=CARTESIAN_POINT('Ctrl Pts',(-11.9464061280868,24.7126050019253,5.49783398304199));
#2814=CARTESIAN_POINT('Ctrl Pts',(-11.9494251567772,24.7230638460758,5.4967475055663));
#2815=CARTESIAN_POINT('Ctrl Pts',(-11.952242359508,24.7328235030134,5.49573366051033));
#2816=CARTESIAN_POINT('Ctrl Pts',(-11.9549335081909,24.7421899906302,5.49445167591877));
#2817=CARTESIAN_POINT('Ctrl Pts',(-11.9574938596848,24.7511426541196,5.4928599945168));
#2818=CARTESIAN_POINT('Ctrl Pts',(-11.9584843087329,24.7546059118213,5.49224426681962));
#2819=CARTESIAN_POINT('Ctrl Pts',(-11.9594554649611,24.758007691129,5.49158220410848));
#2820=CARTESIAN_POINT('Ctrl Pts',(-11.9604081922701,24.7613486179156,5.49087144917519));
#2821=CARTESIAN_POINT('Ctrl Pts',(-11.9629481391606,24.770255444164,5.48897659451352));
#2822=CARTESIAN_POINT('Ctrl Pts',(-11.9653010526216,24.7785501921967,5.48677266181162));
#2823=CARTESIAN_POINT('Ctrl Pts',(-11.9675138163075,24.7863310813501,5.48426348099229));
#2824=CARTESIAN_POINT('Ctrl Pts',(-11.9679816827519,24.7879762714649,5.48373294015067));
#2825=CARTESIAN_POINT('Ctrl Pts',(-11.9684433802701,24.7895986433441,5.48318879427135));
#2826=CARTESIAN_POINT('Ctrl Pts',(-11.96889949929,24.7911993610293,5.4826311458139));
#2827=CARTESIAN_POINT('Ctrl Pts',(-11.971538373567,24.800460305082,5.47940487349047));
#2828=CARTESIAN_POINT('Ctrl Pts',(-11.9739883922333,24.8089930291854,5.47572525973305));
#2829=CARTESIAN_POINT('Ctrl Pts',(-11.9762354598442,24.8168174594901,5.4715442420479));
#2830=CARTESIAN_POINT('Ctrl Pts',(-11.9768029943486,24.8187936502168,5.47048825610948));
#2831=CARTESIAN_POINT('Ctrl Pts',(-11.9773577126594,24.8207248669881,5.46940037809376));
#2832=CARTESIAN_POINT('Ctrl Pts',(-11.9778996379279,24.8226118312322,5.46828003648347));
#2833=CARTESIAN_POINT('Ctrl Pts',(-11.9799858261198,24.8298758632928,5.46396718455677));
#2834=CARTESIAN_POINT('Ctrl Pts',(-11.9819216374438,24.8366190107944,5.45908866126427));
#2835=CARTESIAN_POINT('Ctrl Pts',(-11.9836966777017,24.8428234795666,5.45357731447066));
#2836=CARTESIAN_POINT('Ctrl Pts',(-11.9854717179596,24.8490279483388,5.44806596767706));
#2837=CARTESIAN_POINT('Ctrl Pts',(-11.9870864374032,24.8546944587846,5.44192113502917));
#2838=CARTESIAN_POINT('Ctrl Pts',(-11.988559431859,24.8598516007727,5.43509990984783));
#2839=CARTESIAN_POINT('Ctrl Pts',(-11.9887706924927,24.8605912512717,5.43412159227959));
#2840=CARTESIAN_POINT('Ctrl Pts',(-11.9889788648311,24.8613198492464,5.4331302823576));
#2841=CARTESIAN_POINT('Ctrl Pts',(-11.9891840532286,24.862037608503,5.43212597077941));
#2842=CARTESIAN_POINT('Ctrl Pts',(-11.9905408870946,24.8667838810931,5.42548483522828));
#2843=CARTESIAN_POINT('Ctrl Pts',(-11.9917662424356,24.8710546106436,5.41827164213887));
#2844=CARTESIAN_POINT('Ctrl Pts',(-11.992853618536,24.8748529394528,5.4103569915952));
#2845=CARTESIAN_POINT('Ctrl Pts',(-11.9938519247584,24.8783401370135,5.40309065119757));
#2846=CARTESIAN_POINT('Ctrl Pts',(-11.9947341301764,24.881429474964,5.39523254621142));
#2847=CARTESIAN_POINT('Ctrl Pts',(-11.9955037267132,24.8841370208587,5.38672471546319));
#2848=CARTESIAN_POINT('Ctrl Pts',(-11.9957490323385,24.8850000396056,5.38401288057041));
#2849=CARTESIAN_POINT('Ctrl Pts',(-11.9959829548084,24.885824361162,5.38123540475532));
#2850=CARTESIAN_POINT('Ctrl Pts',(-11.996205763423,24.8866107558099,5.378391521601));
#2851=CARTESIAN_POINT('Ctrl Pts',(-11.9969275822008,24.8891583881113,5.36917837575291));
#2852=CARTESIAN_POINT('Ctrl Pts',(-11.997513943765,24.8912520121924,5.35947529926321));
#2853=CARTESIAN_POINT('Ctrl Pts',(-11.9979972547222,24.892974644903,5.34936217635927));
#2854=CARTESIAN_POINT('Ctrl Pts',(-11.9982506464813,24.893877792093,5.34406003709543));
#2855=CARTESIAN_POINT('Ctrl Pts',(-11.9984756339594,24.8946788383006,5.33864611824177));
#2856=CARTESIAN_POINT('Ctrl Pts',(-11.9986763770193,24.895388930714,5.33313745172859));
#2857=CARTESIAN_POINT('Ctrl Pts',(-11.9989783026567,24.8964569382693,5.32485219569209));
#2858=CARTESIAN_POINT('Ctrl Pts',(-11.9992250363462,24.8973186394775,5.3163486160153));
#2859=CARTESIAN_POINT('Ctrl Pts',(-11.9994191179567,24.8979933794482,5.30761744525317));
#2860=CARTESIAN_POINT('Ctrl Pts',(-11.999627379448,24.8987174168888,5.2982483626349));
#2861=CARTESIAN_POINT('Ctrl Pts',(-11.9997750363063,24.8992262112642,5.28861735560693));
#2862=CARTESIAN_POINT('Ctrl Pts',(-11.9998689676488,24.8995496505801,5.27877615306296));
#2863=CARTESIAN_POINT('Ctrl Pts',(-11.9999589761151,24.8998595820259,5.26934595090993));
#2864=CARTESIAN_POINT('Ctrl Pts',(-11.9999997317791,24.8999994434416,5.25972387455884));
#2865=CARTESIAN_POINT('Ctrl Pts',(-11.9999997317791,24.8999994434416,5.25));
#2866=CARTESIAN_POINT('Ctrl Pts',(-12.7999997138977,24.3999994546175,5.25));
#2867=CARTESIAN_POINT('Ctrl Pts',(-12.5333330531915,24.5666661175589,5.25));
#2868=CARTESIAN_POINT('Ctrl Pts',(-12.2666663924853,24.7333327805003,5.25));
#2869=CARTESIAN_POINT('Ctrl Pts',(-11.9999997317791,24.8999994434416,5.25));
#2870=CARTESIAN_POINT('Ctrl Pts',(4.99999988824129,24.6499994434416,5.5));
#2871=CARTESIAN_POINT('Ctrl Pts',(-0.666666651765506,24.6499994434416,5.5));
#2872=CARTESIAN_POINT('Ctrl Pts',(-6.3333331917723,24.6499994434416,5.5));
#2873=CARTESIAN_POINT('Ctrl Pts',(-11.9999997317791,24.6499994434416,5.5));
#2874=CARTESIAN_POINT('Ctrl Pts',(4.99999988824129,24.7173429464118,5.5));
#2875=CARTESIAN_POINT('Ctrl Pts',(-0.666666651765497,24.7173429464118,5.5));
#2876=CARTESIAN_POINT('Ctrl Pts',(-6.33333319177231,24.7173429464118,5.5));
#2877=CARTESIAN_POINT('Ctrl Pts',(-11.9999997317791,24.7173429464118,5.5));
#2878=CARTESIAN_POINT('Ctrl Pts',(4.99999988824129,24.8010757440465,5.48761071877594));
#2879=CARTESIAN_POINT('Ctrl Pts',(-0.666666651765516,24.8010757440465,5.48761071877594));
#2880=CARTESIAN_POINT('Ctrl Pts',(-6.33333319177229,24.8010757440465,5.48761071877594));
#2881=CARTESIAN_POINT('Ctrl Pts',(-11.9999997317791,24.8010757440465,5.48761071877594));
#2882=CARTESIAN_POINT('Ctrl Pts',(4.99999988824129,24.8677408423564,5.43914850495104));
#2883=CARTESIAN_POINT('Ctrl Pts',(-0.666666651765498,24.8677408423564,5.43914850495104));
#2884=CARTESIAN_POINT('Ctrl Pts',(-6.33333319177231,24.8677408423564,5.43914850495104));
#2885=CARTESIAN_POINT('Ctrl Pts',(-11.9999997317791,24.8677408423564,5.43914850495104));
#2886=CARTESIAN_POINT('Ctrl Pts',(4.99999988824129,24.8949661440721,5.36365012165144));
#2887=CARTESIAN_POINT('Ctrl Pts',(-0.666666651765517,24.8949661440721,5.36365012165144));
#2888=CARTESIAN_POINT('Ctrl Pts',(-6.33333319177229,24.8949661440721,5.36365012165144));
#2889=CARTESIAN_POINT('Ctrl Pts',(-11.9999997317791,24.8949661440721,5.36365012165144));
#2890=CARTESIAN_POINT('Ctrl Pts',(4.99999988824129,24.8999994434416,5.28367175148507));
#2891=CARTESIAN_POINT('Ctrl Pts',(-0.666666651765499,24.8999994434416,5.28367175148507));
#2892=CARTESIAN_POINT('Ctrl Pts',(-6.33333319177231,24.8999994434416,5.28367175148507));
#2893=CARTESIAN_POINT('Ctrl Pts',(-11.9999997317791,24.8999994434416,5.28367175148507));
#2894=CARTESIAN_POINT('Ctrl Pts',(4.99999988824129,24.8999994434416,5.25));
#2895=CARTESIAN_POINT('Ctrl Pts',(-0.666666651765506,24.8999994434416,5.25));
#2896=CARTESIAN_POINT('Ctrl Pts',(-6.3333331917723,24.8999994434416,5.25));
#2897=CARTESIAN_POINT('Ctrl Pts',(-11.9999997317791,24.8999994434416,5.25));
#2898=CARTESIAN_POINT('',(4.99999988824129,24.8999994434416,5.25));
#2899=CARTESIAN_POINT('Ctrl Pts',(4.91320927367762,24.6499994434416,5.5));
#2900=CARTESIAN_POINT('Ctrl Pts',(4.91358646691422,24.6510859469723,5.5));
#2901=CARTESIAN_POINT('Ctrl Pts',(4.91396368726261,24.6521732838819,5.49999838758694));
#2902=CARTESIAN_POINT('Ctrl Pts',(4.91434087865752,24.6532612465002,5.499995101151));
#2903=CARTESIAN_POINT('Ctrl Pts',(4.91874907608702,24.6659761548518,5.49995669290882));
#2904=CARTESIAN_POINT('Ctrl Pts',(4.92302259258616,24.6784175814427,5.49969082975188));
#2905=CARTESIAN_POINT('Ctrl Pts',(4.92714889405716,24.6904336823375,5.49913580527615));
#2906=CARTESIAN_POINT('Ctrl Pts',(4.93102970757118,24.7017349037984,5.49861380112759));
#2907=CARTESIAN_POINT('Ctrl Pts',(4.93478030165677,24.7126593492358,5.49783593455042));
#2908=CARTESIAN_POINT('Ctrl Pts',(4.93839024885384,24.723125670887,5.4967503658311));
#2909=CARTESIAN_POINT('Ctrl Pts',(4.94175781178935,24.7328892477316,5.4957376859265));
#2910=CARTESIAN_POINT('Ctrl Pts',(4.9450029807972,24.7422539011927,5.4944571814493));
#2911=CARTESIAN_POINT('Ctrl Pts',(4.94811729095172,24.7511992932179,5.49286726725526));
#2912=CARTESIAN_POINT('Ctrl Pts',(4.9493566314024,24.754759114056,5.49223456053177));
#2913=CARTESIAN_POINT('Ctrl Pts',(4.9505752484709,24.7582530913443,5.49155286446734));
#2914=CARTESIAN_POINT('Ctrl Pts',(4.9517726086879,24.7616822995478,5.49081961118947));
#2915=CARTESIAN_POINT('Ctrl Pts',(4.95487772061499,24.7705752585269,5.48891806688695));
#2916=CARTESIAN_POINT('Ctrl Pts',(4.95778204412402,24.7788500683844,5.48670708529887));
#2917=CARTESIAN_POINT('Ctrl Pts',(4.96050050807359,24.7866156402611,5.48419058657266));
#2918=CARTESIAN_POINT('Ctrl Pts',(4.96104874158278,24.7881817256681,5.48368308345577));
#2919=CARTESIAN_POINT('Ctrl Pts',(4.96158941601267,24.7897272662776,5.48316319269114));
#2920=CARTESIAN_POINT('Ctrl Pts',(4.96212265381152,24.7912533943562,5.48263100344447));
#2921=CARTESIAN_POINT('Ctrl Pts',(4.96535821643072,24.8005135836633,5.47940180319542));
#2922=CARTESIAN_POINT('Ctrl Pts',(4.96831997869942,24.8090549938578,5.47571841117059));
#2923=CARTESIAN_POINT('Ctrl Pts',(4.97103529577696,24.8168871427293,5.47153251962015));
#2924=CARTESIAN_POINT('Ctrl Pts',(4.97177313787546,24.8190153984704,5.47039507345182));
#2925=CARTESIAN_POINT('Ctrl Pts',(4.97249278270945,24.8210915650006,5.46922062879956));
#2926=CARTESIAN_POINT('Ctrl Pts',(4.97319477914691,24.8231164305132,5.46800847336006));
#2927=CARTESIAN_POINT('Ctrl Pts',(4.97569054462109,24.8303153123969,5.46369897044265));
#2928=CARTESIAN_POINT('Ctrl Pts',(4.97801204154285,24.8370086091465,5.45882302315575));
#2929=CARTESIAN_POINT('Ctrl Pts',(4.98015692231385,24.8431712925039,5.45331132271991));
#2930=CARTESIAN_POINT('Ctrl Pts',(4.98230180308484,24.8493339758613,5.44779962228406));
#2931=CARTESIAN_POINT('Ctrl Pts',(4.98427006770506,24.8549668637191,5.44165150467865));
#2932=CARTESIAN_POINT('Ctrl Pts',(4.98605936857615,24.8601002960341,5.43482107429708));
#2933=CARTESIAN_POINT('Ctrl Pts',(4.98629192574668,24.8607674932136,5.4339333166322));
#2934=CARTESIAN_POINT('Ctrl Pts',(4.98652127251763,24.8614256869016,5.43303491518267));
#2935=CARTESIAN_POINT('Ctrl Pts',(4.98674743119043,24.8620750529813,5.43212586392861));
#2936=CARTESIAN_POINT('Ctrl Pts',(4.98839875618103,24.866816478203,5.42548831589676));
#2937=CARTESIAN_POINT('Ctrl Pts',(4.98988011194636,24.8710853768917,5.41827944011791));
#2938=CARTESIAN_POINT('Ctrl Pts',(4.99120017991243,24.8748809865685,5.41037021581994));
#2939=CARTESIAN_POINT('Ctrl Pts',(4.99241223506187,24.8783660255001,5.40310815334682));
#2940=CARTESIAN_POINT('Ctrl Pts',(4.99348831689381,24.8814524357228,5.39525514725597));
#2941=CARTESIAN_POINT('Ctrl Pts',(4.99443514540921,24.8841557000265,5.38675350478596));
#2942=CARTESIAN_POINT('Ctrl Pts',(4.99473818662316,24.885020904742,5.38403247556814));
#2943=CARTESIAN_POINT('Ctrl Pts',(4.99502798739668,24.88584697056,5.38124537448272));
#2944=CARTESIAN_POINT('Ctrl Pts',(4.99530476805308,24.8866347036434,5.3783914354378));
#2945=CARTESIAN_POINT('Ctrl Pts',(4.99619853132233,24.8891784034272,5.36917566897414));
#2946=CARTESIAN_POINT('Ctrl Pts',(4.99694007080439,24.8912653184657,5.35946873438677));
#2947=CARTESIAN_POINT('Ctrl Pts',(4.9975493310862,24.8929828967655,5.34935001994925));
#2948=CARTESIAN_POINT('Ctrl Pts',(4.99786832318162,24.8938821739994,5.34405213656876));
#2949=CARTESIAN_POINT('Ctrl Pts',(4.99815105378504,24.8946800582876,5.33864230153108));
#2950=CARTESIAN_POINT('Ctrl Pts',(4.99840038546708,24.8953881458997,5.33313740490859));
#2951=CARTESIAN_POINT('Ctrl Pts',(4.9987758420908,24.8964544210798,5.32484784506236));
#2952=CARTESIAN_POINT('Ctrl Pts',(4.99907556364146,24.8973164182885,5.31633873389067));
#2953=CARTESIAN_POINT('Ctrl Pts',(4.99930932481192,24.8979917848973,5.30760034770271));
#2954=CARTESIAN_POINT('Ctrl Pts',(4.999560060823,24.8987161940418,5.29822741338803));
#2955=CARTESIAN_POINT('Ctrl Pts',(4.99973490905747,24.8992259252217,5.28859083450218));
#2956=CARTESIAN_POINT('Ctrl Pts',(4.9998459319823,24.8995498182178,5.27874170418675));
#2957=CARTESIAN_POINT('Ctrl Pts',(4.99995208396996,24.8998595009736,5.26932468728415));
#2958=CARTESIAN_POINT('Ctrl Pts',(4.99999988824129,24.8999994434416,5.25971449478589));
#2959=CARTESIAN_POINT('Ctrl Pts',(4.99999988824129,24.8999994434416,5.25));
#2960=CARTESIAN_POINT('Ctrl Pts',(-11.9999997317791,24.8999994434416,5.25));
#2961=CARTESIAN_POINT('Ctrl Pts',(-6.3333331917723,24.8999994434416,5.25));
#2962=CARTESIAN_POINT('Ctrl Pts',(-0.666666651765506,24.8999994434416,5.25));
#2963=CARTESIAN_POINT('Ctrl Pts',(4.99999988824129,24.8999994434416,5.25));
#2964=CARTESIAN_POINT('Ctrl Pts',(5.79508879486239,23.9537787688221,5.5));
#2965=CARTESIAN_POINT('Ctrl Pts',(5.47842213527377,24.2037787632341,5.5));
#2966=CARTESIAN_POINT('Ctrl Pts',(5.16175547568515,24.4537787576462,5.5));
#2967=CARTESIAN_POINT('Ctrl Pts',(4.84508881609653,24.7037787520583,5.5));
#2968=CARTESIAN_POINT('Ctrl Pts',(5.83681781185074,24.006635523674,5.5));
#2969=CARTESIAN_POINT('Ctrl Pts',(5.52015115226213,24.2566355180861,5.5));
#2970=CARTESIAN_POINT('Ctrl Pts',(5.20348449267351,24.5066355124981,5.5));
#2971=CARTESIAN_POINT('Ctrl Pts',(4.88681783308489,24.7566355069102,5.5));
#2972=CARTESIAN_POINT('Ctrl Pts',(5.88868472946344,24.0723336193167,5.48760464499607));
#2973=CARTESIAN_POINT('Ctrl Pts',(5.57201806987483,24.3223336137288,5.48760464499607));
#2974=CARTESIAN_POINT('Ctrl Pts',(5.25535141028621,24.5723336081409,5.48760464499607));
#2975=CARTESIAN_POINT('Ctrl Pts',(4.93868475069759,24.822333602553,5.48760464499607));
#2976=CARTESIAN_POINT('Ctrl Pts',(5.9300037520983,24.1246710479876,5.43914622643752));
#2977=CARTESIAN_POINT('Ctrl Pts',(5.61333709250968,24.3746710423996,5.43914622643752));
#2978=CARTESIAN_POINT('Ctrl Pts',(5.29667043292106,24.6246710368117,5.43914622643752));
#2979=CARTESIAN_POINT('Ctrl Pts',(4.98000377333245,24.8746710312238,5.43914622643752));
#2980=CARTESIAN_POINT('Ctrl Pts',(5.94687460568055,24.1460407958584,5.3636478144748));
#2981=CARTESIAN_POINT('Ctrl Pts',(5.63020794609193,24.3960407902705,5.3636478144748));
#2982=CARTESIAN_POINT('Ctrl Pts',(5.31354128650331,24.6460407846826,5.3636478144748));
#2983=CARTESIAN_POINT('Ctrl Pts',(4.99687462691469,24.8960407790946,5.3636478144748));
#2984=CARTESIAN_POINT('Ctrl Pts',(5.94999986700714,24.1499994602054,5.28367175148508));
#2985=CARTESIAN_POINT('Ctrl Pts',(5.63333320741852,24.3999994546175,5.28367175148508));
#2986=CARTESIAN_POINT('Ctrl Pts',(5.3166665478299,24.6499994490296,5.28367175148508));
#2987=CARTESIAN_POINT('Ctrl Pts',(4.99999988824128,24.8999994434416,5.28367175148508));
#2988=CARTESIAN_POINT('Ctrl Pts',(5.94999986700714,24.1499994602054,5.25));
#2989=CARTESIAN_POINT('Ctrl Pts',(5.63333320741852,24.3999994546175,5.25));
#2990=CARTESIAN_POINT('Ctrl Pts',(5.3166665478299,24.6499994490296,5.25));
#2991=CARTESIAN_POINT('Ctrl Pts',(4.99999988824128,24.8999994434416,5.25));
#2992=CARTESIAN_POINT('',(5.94999986700714,24.1499994602054,5.25));
#2993=CARTESIAN_POINT('Ctrl Pts',(5.69999987129228,24.0288489716406,5.5));
#2994=CARTESIAN_POINT('Ctrl Pts',(5.70108577093864,24.0293752007404,5.5));
#2995=CARTESIAN_POINT('Ctrl Pts',(5.70217221399506,24.0299020569877,5.49999838858899));
#2996=CARTESIAN_POINT('Ctrl Pts',(5.70325901063111,24.0304294260336,5.499995104248));
#2997=CARTESIAN_POINT('Ctrl Pts',(5.71592114845285,24.0365737398084,5.49995683878331));
#2998=CARTESIAN_POINT('Ctrl Pts',(5.72827418033266,24.0426236203763,5.4996926487986));
#2999=CARTESIAN_POINT('Ctrl Pts',(5.74020917815224,24.0484701923814,5.49914080958342));
#3000=CARTESIAN_POINT('Ctrl Pts',(5.75143179593997,24.0539677922949,5.49862190872681));
#3001=CARTESIAN_POINT('Ctrl Pts',(5.76228444936723,24.0592851932757,5.49784858773207));
#3002=CARTESIAN_POINT('Ctrl Pts',(5.77270428816532,24.0643669792444,5.49676901155881));
#3003=CARTESIAN_POINT('Ctrl Pts',(5.7824139331539,24.0691024016075,5.49576301697639));
#3004=CARTESIAN_POINT('Ctrl Pts',(5.79174759882068,24.0736330380223,5.49449103620509));
#3005=CARTESIAN_POINT('Ctrl Pts',(5.80068252866677,24.0779496402869,5.49291161910814));
#3006=CARTESIAN_POINT('Ctrl Pts',(5.80485052672963,24.0799632643653,5.49217484696622));
#3007=CARTESIAN_POINT('Ctrl Pts',(5.8089321851738,24.0819308553378,5.49137118668918));
#3008=CARTESIAN_POINT('Ctrl Pts',(5.81292765344269,24.0838545897311,5.49049652096592));
#3009=CARTESIAN_POINT('Ctrl Pts',(5.82178558124341,24.0881194966748,5.48855739260724));
#3010=CARTESIAN_POINT('Ctrl Pts',(5.83004309333687,24.0920752922046,5.48630774340082));
#3011=CARTESIAN_POINT('Ctrl Pts',(5.83778635712293,24.0957974158904,5.48375209953011));
#3012=CARTESIAN_POINT('Ctrl Pts',(5.83890337716807,24.0963343583067,5.48338342999867));
#3013=CARTESIAN_POINT('Ctrl Pts',(5.84000974888178,24.096866505403,5.48300841254535));
#3014=CARTESIAN_POINT('Ctrl Pts',(5.84110578232748,24.0973941487413,5.48262708065396));
#3015=CARTESIAN_POINT('Ctrl Pts',(5.85041013474769,24.101873372976,5.47938991091202));
#3016=CARTESIAN_POINT('Ctrl Pts',(5.85896686516413,24.1060247476771,5.4756962756582));
#3017=CARTESIAN_POINT('Ctrl Pts',(5.8668117616014,24.1098317026602,5.47149707408022));
#3018=CARTESIAN_POINT('Ctrl Pts',(5.86950359042958,24.1111379877403,5.47005619695031));
#3019=CARTESIAN_POINT('Ctrl Pts',(5.87211187778344,24.1124040621224,5.46855595326356));
#3020=CARTESIAN_POINT('Ctrl Pts',(5.87463885745295,24.1136302544499,5.46699491029279));
#3021=CARTESIAN_POINT('Ctrl Pts',(5.8812952781452,24.1168602179038,5.46288290303862));
#3022=CARTESIAN_POINT('Ctrl Pts',(5.88753032771425,24.1198843334038,5.45825674609013));
#3023=CARTESIAN_POINT('Ctrl Pts',(5.89331945469821,24.1226830239284,5.45305294589528));
#3024=CARTESIAN_POINT('Ctrl Pts',(5.89926911083251,24.1255593205261,5.44770484732417));
#3025=CARTESIAN_POINT('Ctrl Pts',(5.9047480170253,24.1281978284467,5.44174597028759));
#3026=CARTESIAN_POINT('Ctrl Pts',(5.90976118097285,24.1306173975452,5.4351265548966));
#3027=CARTESIAN_POINT('Ctrl Pts',(5.91014047023206,24.1308004588974,5.43462573880794));
#3028=CARTESIAN_POINT('Ctrl Pts',(5.91051710685008,24.1309822839355,5.43412115335514));
#3029=CARTESIAN_POINT('Ctrl Pts',(5.91089109934152,24.1311628888611,5.43361278299993));
#3030=CARTESIAN_POINT('Ctrl Pts',(5.91125407276694,24.1313381725634,5.43311939093072));
#3031=CARTESIAN_POINT('Ctrl Pts',(5.91161431385563,24.1315121744877,5.43262277917776));
#3032=CARTESIAN_POINT('Ctrl Pts',(5.91197184485982,24.1316849145063,5.43212294713807));
#3033=CARTESIAN_POINT('Ctrl Pts',(5.91671438094342,24.1339762564084,5.42549283266923));
#3034=CARTESIAN_POINT('Ctrl Pts',(5.92097888537085,24.1360440598131,5.41829253325078));
#3035=CARTESIAN_POINT('Ctrl Pts',(5.92477437402563,24.137880340592,5.4103935529236));
#3036=CARTESIAN_POINT('Ctrl Pts',(5.92825887131817,24.1395661618353,5.40314179219728));
#3037=CARTESIAN_POINT('Ctrl Pts',(5.93134829697777,24.1410571422778,5.39530064231668));
#3038=CARTESIAN_POINT('Ctrl Pts',(5.93405955690013,24.1423596814426,5.38681269950761));
#3039=CARTESIAN_POINT('Ctrl Pts',(5.93501766915588,24.1428199762034,5.38381320766087));
#3040=CARTESIAN_POINT('Ctrl Pts',(5.93592863710125,24.1432568408503,5.3807333846025));
#3041=CARTESIAN_POINT('Ctrl Pts',(5.93679346073525,24.1436708794512,5.37757224800587));
#3042=CARTESIAN_POINT('Ctrl Pts',(5.93933222118029,24.1448863235965,5.36829247322021));
#3043=CARTESIAN_POINT('Ctrl Pts',(5.9414213669499,24.1458752488862,5.35851542183041));
#3044=CARTESIAN_POINT('Ctrl Pts',(5.94313680624625,24.1466891907019,5.34832009777766));
#3045=CARTESIAN_POINT('Ctrl Pts',(5.94397260010058,24.1470857582568,5.34335274672985));
#3046=CARTESIAN_POINT('Ctrl Pts',(5.94471959875072,24.1474406814428,5.33828693870559));
#3047=CARTESIAN_POINT('Ctrl Pts',(5.94538611017511,24.1477593236668,5.33313612505466));
#3048=CARTESIAN_POINT('Ctrl Pts',(5.94646234751331,24.1482738454686,5.32481894132702));
#3049=CARTESIAN_POINT('Ctrl Pts',(5.94732832506342,24.1486932622623,5.31627604800704));
#3050=CARTESIAN_POINT('Ctrl Pts',(5.94800517570588,24.1490226176623,5.30749512272457));
#3051=CARTESIAN_POINT('Ctrl Pts',(5.94873014164519,24.1493753859571,5.29808998760886));
#3052=CARTESIAN_POINT('Ctrl Pts',(5.94923816129052,24.1496248653717,5.28841191522972));
#3053=CARTESIAN_POINT('Ctrl Pts',(5.94955962166179,24.1497828512451,5.27850852027471));
#3054=CARTESIAN_POINT('Ctrl Pts',(5.94986251002995,24.1499317096664,5.26917728256946));
#3055=CARTESIAN_POINT('Ctrl Pts',(5.94999986700714,24.1499994602054,5.25964717438689));
#3056=CARTESIAN_POINT('Ctrl Pts',(5.94999986700714,24.1499994602054,5.25));
#3057=CARTESIAN_POINT('Ctrl Pts',(4.99999988824129,24.8999994434416,5.25));
#3058=CARTESIAN_POINT('Ctrl Pts',(5.3166665478299,24.6499994490296,5.25));
#3059=CARTESIAN_POINT('Ctrl Pts',(5.63333320741852,24.3999994546175,5.25));
#3060=CARTESIAN_POINT('Ctrl Pts',(5.94999986700714,24.1499994602054,5.25));
#3061=CARTESIAN_POINT('Ctrl Pts',(5.70000028680016,12.2815310047214,5.5));
#3062=CARTESIAN_POINT('Ctrl Pts',(5.70000014686915,16.2376871536019,5.5));
#3063=CARTESIAN_POINT('Ctrl Pts',(5.70000000693814,20.1938433024823,5.5));
#3064=CARTESIAN_POINT('Ctrl Pts',(5.69999986700713,24.1499994513628,5.5));
#3065=CARTESIAN_POINT('Ctrl Pts',(5.7673437897703,12.2815310071034,5.5));
#3066=CARTESIAN_POINT('Ctrl Pts',(5.7673436498393,16.2376871559838,5.5));
#3067=CARTESIAN_POINT('Ctrl Pts',(5.76734350990829,20.1938433048643,5.5));
#3068=CARTESIAN_POINT('Ctrl Pts',(5.76734336997728,24.1499994537448,5.5));
#3069=CARTESIAN_POINT('Ctrl Pts',(5.85104821729034,12.281531010064,5.48760466320562));
#3070=CARTESIAN_POINT('Ctrl Pts',(5.85104807735933,16.2376871589445,5.48760466320562));
#3071=CARTESIAN_POINT('Ctrl Pts',(5.85104793742833,20.193843307825,5.48760466320562));
#3072=CARTESIAN_POINT('Ctrl Pts',(5.85104779749732,24.1499994567055,5.48760466320562));
#3073=CARTESIAN_POINT('Ctrl Pts',(5.91773000873114,12.2815310124226,5.43914623313249));
#3074=CARTESIAN_POINT('Ctrl Pts',(5.91772986880013,16.2376871613031,5.43914623313249));
#3075=CARTESIAN_POINT('Ctrl Pts',(5.91772972886912,20.1938433101835,5.43914623313249));
#3076=CARTESIAN_POINT('Ctrl Pts',(5.91772958893812,24.149999459064,5.43914623313249));
#3077=CARTESIAN_POINT('Ctrl Pts',(5.94495667968897,12.2815310133856,5.36364782133404));
#3078=CARTESIAN_POINT('Ctrl Pts',(5.94495653975797,16.2376871622661,5.36364782133404));
#3079=CARTESIAN_POINT('Ctrl Pts',(5.94495639982696,20.1938433111466,5.36364782133404));
#3080=CARTESIAN_POINT('Ctrl Pts',(5.94495625989595,24.149999460027,5.36364782133404));
#3081=CARTESIAN_POINT('Ctrl Pts',(5.95000028680016,12.281531013564,5.28367175148508));
#3082=CARTESIAN_POINT('Ctrl Pts',(5.95000014686915,16.2376871624445,5.28367175148508));
#3083=CARTESIAN_POINT('Ctrl Pts',(5.95000000693814,20.193843311325,5.28367175148508));
#3084=CARTESIAN_POINT('Ctrl Pts',(5.94999986700714,24.1499994602054,5.28367175148508));
#3085=CARTESIAN_POINT('Ctrl Pts',(5.95000028680016,12.281531013564,5.25));
#3086=CARTESIAN_POINT('Ctrl Pts',(5.95000014686915,16.2376871624445,5.25));
#3087=CARTESIAN_POINT('Ctrl Pts',(5.95000000693814,20.193843311325,5.25));
#3088=CARTESIAN_POINT('Ctrl Pts',(5.94999986700714,24.1499994602054,5.25));
#3089=CARTESIAN_POINT('',(5.95000028260984,12.4000005889684,5.25));
#3090=CARTESIAN_POINT('Ctrl Pts',(5.70000028680015,12.2815310047214,5.5));
#3091=CARTESIAN_POINT('Ctrl Pts',(5.70108664271022,12.2820458052621,5.5));
#3092=CARTESIAN_POINT('Ctrl Pts',(5.70217382830063,12.2825606429047,5.49999838723697));
#3093=CARTESIAN_POINT('Ctrl Pts',(5.70326163592865,12.283075441146,5.49999510011418));
#3094=CARTESIAN_POINT('Ctrl Pts',(5.71594184673026,12.2890762725906,5.49995678321988));
#3095=CARTESIAN_POINT('Ctrl Pts',(5.72835472045846,12.2948963315766,5.49969212824417));
#3096=CARTESIAN_POINT('Ctrl Pts',(5.74034747401826,12.30051804617,5.49913936610659));
#3097=CARTESIAN_POINT('Ctrl Pts',(5.75162365309038,12.3058038598183,5.49861963185069));
#3098=CARTESIAN_POINT('Ctrl Pts',(5.76252786089024,12.3109143233592,5.49784510628993));
#3099=CARTESIAN_POINT('Ctrl Pts',(5.77297788620646,12.3158348302081,5.49676392396527));
#3100=CARTESIAN_POINT('Ctrl Pts',(5.78271765946932,12.3204209072363,5.49575622586127));
#3101=CARTESIAN_POINT('Ctrl Pts',(5.79206264049964,12.3248419714749,5.49448208340779));
#3102=CARTESIAN_POINT('Ctrl Pts',(5.80099171102629,12.3290861967807,5.49289999352686));
#3103=CARTESIAN_POINT('Ctrl Pts',(5.80496940367763,12.330976900159,5.49219520938675));
#3104=CARTESIAN_POINT('Ctrl Pts',(5.80886520908502,12.3328325099451,5.49142932479716));
#3105=CARTESIAN_POINT('Ctrl Pts',(5.81268067080486,12.3346519806536,5.49059874775898));
#3106=CARTESIAN_POINT('Ctrl Pts',(5.82153687290357,12.3388752179682,5.48867086624717));
#3107=CARTESIAN_POINT('Ctrl Pts',(5.82977686050569,12.3428245568394,5.48643265725673));
#3108=CARTESIAN_POINT('Ctrl Pts',(5.83751238858933,12.3465204547897,5.48388847111433));
#3109=CARTESIAN_POINT('Ctrl Pts',(5.83876645716946,12.3471196264874,5.48347601266693));
#3110=CARTESIAN_POINT('Ctrl Pts',(5.84000737566459,12.347712137186,5.48305553736508));
#3111=CARTESIAN_POINT('Ctrl Pts',(5.84123573995555,12.3482980740515,5.48262709239203));
#3112=CARTESIAN_POINT('Ctrl Pts',(5.8505168389691,12.3527252119159,5.47938990921599));
#3113=CARTESIAN_POINT('Ctrl Pts',(5.85907709230862,12.3567770631232,5.47569634648197));
#3114=CARTESIAN_POINT('Ctrl Pts',(5.8669258289506,12.3604912255731,5.47149735423657));
#3115=CARTESIAN_POINT('Ctrl Pts',(5.86951084154672,12.3617144997324,5.47011439945792));
#3116=CARTESIAN_POINT('Ctrl Pts',(5.87201907626926,12.362901143428,5.46867676649259));
#3117=CARTESIAN_POINT('Ctrl Pts',(5.87445197915891,12.3640524998961,5.46718318433938));
#3118=CARTESIAN_POINT('Ctrl Pts',(5.88112866551304,12.3672122010299,5.46308430327697));
#3119=CARTESIAN_POINT('Ctrl Pts',(5.88738235857022,12.3701729114389,5.45847211773349));
#3120=CARTESIAN_POINT('Ctrl Pts',(5.89318207579865,12.3729276858603,5.4532829728517));
#3121=CARTESIAN_POINT('Ctrl Pts',(5.89914147795154,12.3757583081082,5.44795095407178));
#3122=CARTESIAN_POINT('Ctrl Pts',(5.90462195660163,12.3783714980886,5.44200911403834));
#3123=CARTESIAN_POINT('Ctrl Pts',(5.90964104290182,12.3807597209241,5.43540743753109));
#3124=CARTESIAN_POINT('Ctrl Pts',(5.91002507417225,12.380942453835,5.43490231566938));
#3125=CARTESIAN_POINT('Ctrl Pts',(5.91040642636914,12.3811238696938,5.43439334275899));
#3126=CARTESIAN_POINT('Ctrl Pts',(5.91078511796501,12.3813039651253,5.43388050258708));
#3127=CARTESIAN_POINT('Ctrl Pts',(5.91121440509501,12.3815081224178,5.43329914380344));
#3128=CARTESIAN_POINT('Ctrl Pts',(5.91163991881508,12.3817104359505,5.43271329522521));
#3129=CARTESIAN_POINT('Ctrl Pts',(5.91206170746542,12.3819109140498,5.43212295578499));
#3130=CARTESIAN_POINT('Ctrl Pts',(5.91679880137325,12.3841624767262,5.42549287372008));
#3131=CARTESIAN_POINT('Ctrl Pts',(5.92106412314865,12.3861825277447,5.41829276881419));
#3132=CARTESIAN_POINT('Ctrl Pts',(5.92485704884146,12.3879828622499,5.41039428739831));
#3133=CARTESIAN_POINT('Ctrl Pts',(5.92833980653443,12.3896359736884,5.40314170742655));
#3134=CARTESIAN_POINT('Ctrl Pts',(5.93142464643947,12.3911038341316,5.39529978677196));
#3135=CARTESIAN_POINT('Ctrl Pts',(5.93412712142564,12.3923955752468,5.38681125919286));
#3136=CARTESIAN_POINT('Ctrl Pts',(5.93504307135555,12.3928333851026,5.38393424228027));
#3137=CARTESIAN_POINT('Ctrl Pts',(5.93591521887902,12.3932509635032,5.38098335809507));
#3138=CARTESIAN_POINT('Ctrl Pts',(5.9367445277014,12.3936486659818,5.3779577315628));
#3139=CARTESIAN_POINT('Ctrl Pts',(5.93928059184821,12.3948648582736,5.3687052278355));
#3140=CARTESIAN_POINT('Ctrl Pts',(5.94136012568363,12.3958732451649,5.35895692600294));
#3141=CARTESIAN_POINT('Ctrl Pts',(5.94307048254577,12.3967008720633,5.34879145667786));
#3142=CARTESIAN_POINT('Ctrl Pts',(5.94393167959438,12.3971175978695,5.34367295049101));
#3143=CARTESIAN_POINT('Ctrl Pts',(5.94469913805454,12.3974884953583,5.33844955552513));
#3144=CARTESIAN_POINT('Ctrl Pts',(5.94538316733922,12.3978170170871,5.3331361288544));
#3145=CARTESIAN_POINT('Ctrl Pts',(5.94645276962918,12.3983307196454,5.32482763466882));
#3146=CARTESIAN_POINT('Ctrl Pts',(5.94731772603475,12.3987408095593,5.31629497278622));
#3147=CARTESIAN_POINT('Ctrl Pts',(5.94799516222158,12.3990604871284,5.30752650760485));
#3148=CARTESIAN_POINT('Ctrl Pts',(5.94872089733599,12.3994029566358,5.29813288027098));
#3149=CARTESIAN_POINT('Ctrl Pts',(5.94923146072052,12.3996416620193,5.28846876530444));
#3150=CARTESIAN_POINT('Ctrl Pts',(5.94955505349317,12.3997928330737,5.27858266812941));
#3151=CARTESIAN_POINT('Ctrl Pts',(5.94986135250158,12.3999359250954,5.26922491351412));
#3152=CARTESIAN_POINT('Ctrl Pts',(5.95000028260984,12.4000005889684,5.25966942497696));
#3153=CARTESIAN_POINT('Ctrl Pts',(5.95000028260984,12.4000005889684,5.25));
#3154=CARTESIAN_POINT('Ctrl Pts',(5.94999986700714,24.1499994602054,5.25));
#3155=CARTESIAN_POINT('Ctrl Pts',(5.95000000554137,20.2333331697931,5.25));
#3156=CARTESIAN_POINT('Ctrl Pts',(5.9500001440756,16.3166668793807,5.25));
#3157=CARTESIAN_POINT('Ctrl Pts',(5.95000028260984,12.4000005889684,5.25));
#3158=CARTESIAN_POINT('Ctrl Pts',(6.41075888194224,11.6999996863409,5.5));
#3159=CARTESIAN_POINT('Ctrl Pts',(6.17383935022821,11.8938434591344,5.5));
#3160=CARTESIAN_POINT('Ctrl Pts',(5.93691981851418,12.0876872319279,5.5));
#3161=CARTESIAN_POINT('Ctrl Pts',(5.70000028680015,12.2815310047214,5.5));
#3162=CARTESIAN_POINT('Ctrl Pts',(6.45340340141987,11.7521206259987,5.5));
#3163=CARTESIAN_POINT('Ctrl Pts',(6.21648386970584,11.9459643987922,5.5));
#3164=CARTESIAN_POINT('Ctrl Pts',(5.97956433799181,12.1398081715857,5.5));
#3165=CARTESIAN_POINT('Ctrl Pts',(5.74264480627778,12.3336519443792,5.5));
#3166=CARTESIAN_POINT('Ctrl Pts',(6.50636211659189,11.8168477710491,5.4875890597297));
#3167=CARTESIAN_POINT('Ctrl Pts',(6.26944258487786,12.0106915438426,5.4875890597297));
#3168=CARTESIAN_POINT('Ctrl Pts',(6.03252305316383,12.2045353166361,5.4875890597297));
#3169=CARTESIAN_POINT('Ctrl Pts',(5.7956035214498,12.3983790894296,5.4875890597297));
#3170=CARTESIAN_POINT('Ctrl Pts',(6.54861588552208,11.8684911279846,5.4391408248033));
#3171=CARTESIAN_POINT('Ctrl Pts',(6.31169635380805,12.0623349007781,5.4391408248033));
#3172=CARTESIAN_POINT('Ctrl Pts',(6.07477682209403,12.2561786735716,5.4391408248033));
#3173=CARTESIAN_POINT('Ctrl Pts',(5.83785729038,12.4500224463651,5.4391408248033));
#3174=CARTESIAN_POINT('Ctrl Pts',(6.56585867741132,11.8895655949173,5.36364207710868));
#3175=CARTESIAN_POINT('Ctrl Pts',(6.32893914569729,12.0834093677108,5.36364207710868));
#3176=CARTESIAN_POINT('Ctrl Pts',(6.09201961398326,12.2772531405043,5.36364207710868));
#3177=CARTESIAN_POINT('Ctrl Pts',(5.85510008226923,12.4710969132978,5.36364207710868));
#3178=CARTESIAN_POINT('Ctrl Pts',(6.56906858368338,11.8934888031786,5.28367175148507));
#3179=CARTESIAN_POINT('Ctrl Pts',(6.33214905196936,12.0873325759721,5.28367175148507));
#3180=CARTESIAN_POINT('Ctrl Pts',(6.09522952025533,12.2811763487656,5.28367175148507));
#3181=CARTESIAN_POINT('Ctrl Pts',(5.8583099885413,12.4750201215591,5.28367175148507));
#3182=CARTESIAN_POINT('Ctrl Pts',(6.56906858368338,11.8934888031786,5.25));
#3183=CARTESIAN_POINT('Ctrl Pts',(6.33214905196936,12.0873325759721,5.25));
#3184=CARTESIAN_POINT('Ctrl Pts',(6.09522952025533,12.2811763487656,5.25));
#3185=CARTESIAN_POINT('Ctrl Pts',(5.8583099885413,12.4750201215591,5.25));
#3186=CARTESIAN_POINT('',(6.49999985471368,11.9499997328967,5.25));
#3187=CARTESIAN_POINT('Ctrl Pts',(5.95000028260984,12.4000005889684,5.25));
#3188=CARTESIAN_POINT('Ctrl Pts',(6.13333347331112,12.2500003036112,5.25));
#3189=CARTESIAN_POINT('Ctrl Pts',(6.3166666640124,12.1000000182539,5.25));
#3190=CARTESIAN_POINT('Ctrl Pts',(6.49999985471367,11.9499997328967,5.25));
#3191=CARTESIAN_POINT('Ctrl Pts',(6.41075888194222,11.6999996863409,5.5));
#3192=CARTESIAN_POINT('Ctrl Pts',(6.41114664878519,11.7010859780496,5.5));
#3193=CARTESIAN_POINT('Ctrl Pts',(6.41153491323899,11.7021729219532,5.49999838539795));
#3194=CARTESIAN_POINT('Ctrl Pts',(6.41192358835523,11.7032603208008,5.49999509458441));
#3195=CARTESIAN_POINT('Ctrl Pts',(6.41645795975853,11.715946160548,5.49995670321283));
#3196=CARTESIAN_POINT('Ctrl Pts',(6.42092556099175,11.7283327145126,5.49969135706522));
#3197=CARTESIAN_POINT('Ctrl Pts',(6.42524077052951,11.7402950556441,5.49913772621366));
#3198=CARTESIAN_POINT('Ctrl Pts',(6.42929995608575,11.7515476638698,5.49861694261405));
#3199=CARTESIAN_POINT('Ctrl Pts',(6.43322394717111,11.7624244766419,5.49784098387363));
#3200=CARTESIAN_POINT('Ctrl Pts',(6.43696994985484,11.7728563111517,5.49675836635565));
#3201=CARTESIAN_POINT('Ctrl Pts',(6.44046455174112,11.7825880469867,5.4957484051944));
#3202=CARTESIAN_POINT('Ctrl Pts',(6.44380409367105,11.7919323312172,5.4944715095477));
#3203=CARTESIAN_POINT('Ctrl Pts',(6.44698275216102,11.8008683424346,5.49288643817333));
#3204=CARTESIAN_POINT('Ctrl Pts',(6.44827344617157,11.8044968090323,5.49224282007605));
#3205=CARTESIAN_POINT('Ctrl Pts',(6.44953797493576,11.8080584017934,5.49154840213862));
#3206=CARTESIAN_POINT('Ctrl Pts',(6.4507775420739,11.8115536743595,5.49080048286422));
#3207=CARTESIAN_POINT('Ctrl Pts',(6.45393152590222,11.8204471282191,5.48889745944276));
#3208=CARTESIAN_POINT('Ctrl Pts',(6.45685445571896,11.8287324912102,5.48668539662467));
#3209=CARTESIAN_POINT('Ctrl Pts',(6.45960414703444,11.8365046381755,5.48416847724231));
#3210=CARTESIAN_POINT('Ctrl Pts',(6.46015577201838,11.8380638351737,5.4836635494324));
#3211=CARTESIAN_POINT('Ctrl Pts',(6.46070052917256,11.8396025048669,5.48314639007083));
#3212=CARTESIAN_POINT('Ctrl Pts',(6.4612390340803,11.8411215951136,5.48261708897621));
#3213=CARTESIAN_POINT('Ctrl Pts',(6.46452925196662,11.8504031036544,5.47938310558305));
#3214=CARTESIAN_POINT('Ctrl Pts',(6.4675835009216,11.8589505548986,5.47569446791162));
#3215=CARTESIAN_POINT('Ctrl Pts',(6.47038537772135,11.8667884875898,5.47150245831344));
#3216=CARTESIAN_POINT('Ctrl Pts',(6.47115244336258,11.8689342667569,5.47035481808502));
#3217=CARTESIAN_POINT('Ctrl Pts',(6.47190077490272,11.8710270892863,5.46916955771399));
#3218=CARTESIAN_POINT('Ctrl Pts',(6.47263042311748,11.8730679321073,5.46794594145009));
#3219=CARTESIAN_POINT('Ctrl Pts',(6.47519962968683,11.8802540619116,5.4636373953864));
#3220=CARTESIAN_POINT('Ctrl Pts',(6.47758934355764,11.8869394143648,5.4587625946755));
#3221=CARTESIAN_POINT('Ctrl Pts',(6.47978468599368,11.8931015377547,5.45325162729215));
#3222=CARTESIAN_POINT('Ctrl Pts',(6.48198002842971,11.8992636611446,5.44774065990879));
#3223=CARTESIAN_POINT('Ctrl Pts',(6.48398150708175,11.9049031759315,5.44159285910447));
#3224=CARTESIAN_POINT('Ctrl Pts',(6.48580922983738,11.9100403917176,5.43476153012168));
#3225=CARTESIAN_POINT('Ctrl Pts',(6.48604244180086,11.910695885105,5.43388987295139));
#3226=CARTESIAN_POINT('Ctrl Pts',(6.4862726167352,11.911342644873,5.43300795865038));
#3227=CARTESIAN_POINT('Ctrl Pts',(6.48649984157052,11.9119808115176,5.43211578108544));
#3228=CARTESIAN_POINT('Ctrl Pts',(6.48819005701145,11.9167278239425,5.42547930451304));
#3229=CARTESIAN_POINT('Ctrl Pts',(6.48971583856731,11.9209978986488,5.41827139620393));
#3230=CARTESIAN_POINT('Ctrl Pts',(6.49107014929162,11.9247965310074,5.41036323132617));
#3231=CARTESIAN_POINT('Ctrl Pts',(6.49231380969882,11.9282848063205,5.40310118180127));
#3232=CARTESIAN_POINT('Ctrl Pts',(6.49341311405029,11.9313758217952,5.39524810986187));
#3233=CARTESIAN_POINT('Ctrl Pts',(6.49437277693065,11.9340862553013,5.38674645102269));
#3234=CARTESIAN_POINT('Ctrl Pts',(6.49467993049782,11.9349537675673,5.38402537584857));
#3235=CARTESIAN_POINT('Ctrl Pts',(6.49497284834061,11.9357823773242,5.38123823201365));
#3236=CARTESIAN_POINT('Ctrl Pts',(6.49525187329534,11.9365728614906,5.37838425790381));
#3237=CARTESIAN_POINT('Ctrl Pts',(6.49615293513317,11.9391255905699,5.36916785229974));
#3238=CARTESIAN_POINT('Ctrl Pts',(6.49688606376678,11.9412258610066,5.35946007424129));
#3239=CARTESIAN_POINT('Ctrl Pts',(6.49749091947775,11.9429545232405,5.34934030250694));
#3240=CARTESIAN_POINT('Ctrl Pts',(6.49780746903113,11.9438592138108,5.3440441481272));
#3241=CARTESIAN_POINT('Ctrl Pts',(6.4980887905569,11.9446620075673,5.33863607961729));
#3242=CARTESIAN_POINT('Ctrl Pts',(6.49833995391834,11.9453737419218,5.33313296001116));
#3243=CARTESIAN_POINT('Ctrl Pts',(6.49871811761936,11.9464453635792,5.32484719705031));
#3244=CARTESIAN_POINT('Ctrl Pts',(6.49902748144946,11.9473100276631,5.3163419664654));
#3245=CARTESIAN_POINT('Ctrl Pts',(6.49927098639808,11.9479871694507,5.30760730071527));
#3246=CARTESIAN_POINT('Ctrl Pts',(6.49953214702857,11.9487134083924,5.29823931527028));
#3247=CARTESIAN_POINT('Ctrl Pts',(6.49971757834467,11.94922397805,5.28860755447024));
#3248=CARTESIAN_POINT('Ctrl Pts',(6.49983559544841,11.9495485835833,5.27876276051899));
#3249=CARTESIAN_POINT('Ctrl Pts',(6.49994855807267,11.9498592867925,5.26933960298765));
#3250=CARTESIAN_POINT('Ctrl Pts',(6.49999985471368,11.9499997328967,5.25972239722106));
#3251=CARTESIAN_POINT('Ctrl Pts',(6.49999985471368,11.9499997328967,5.25));
#3252=CARTESIAN_POINT('Ctrl Pts',(8.10000051515085,11.7000005675946,5.5));
#3253=CARTESIAN_POINT('Ctrl Pts',(7.53691997074798,11.7000002738433,5.5));
#3254=CARTESIAN_POINT('Ctrl Pts',(6.9738394263451,11.6999999800921,5.5));
#3255=CARTESIAN_POINT('Ctrl Pts',(6.41075888194222,11.6999996863409,5.5));
#3256=CARTESIAN_POINT('Ctrl Pts',(8.10000048001869,11.7673440705647,5.5));
#3257=CARTESIAN_POINT('Ctrl Pts',(7.53691993561581,11.7673437768135,5.5));
#3258=CARTESIAN_POINT('Ctrl Pts',(6.97383939121293,11.7673434830623,5.5));
#3259=CARTESIAN_POINT('Ctrl Pts',(6.41075884681006,11.767343189311,5.5));
#3260=CARTESIAN_POINT('Ctrl Pts',(8.10000043638269,11.8509882531771,5.48759177660963));
#3261=CARTESIAN_POINT('Ctrl Pts',(7.53691989197981,11.8509879594259,5.48759177660963));
#3262=CARTESIAN_POINT('Ctrl Pts',(6.97383934757694,11.8509876656747,5.48759177660963));
#3263=CARTESIAN_POINT('Ctrl Pts',(6.41075880317406,11.8509873719234,5.48759177660963));
#3264=CARTESIAN_POINT('Ctrl Pts',(8.1000004015766,11.9177067346633,5.43914171664327));
#3265=CARTESIAN_POINT('Ctrl Pts',(7.53691985717372,11.9177064409121,5.43914171664327));
#3266=CARTESIAN_POINT('Ctrl Pts',(6.97383931277084,11.9177061471609,5.43914171664327));
#3267=CARTESIAN_POINT('Ctrl Pts',(6.41075876836796,11.9177058534097,5.43914171664327));
#3268=CARTESIAN_POINT('Ctrl Pts',(8.10000038737155,11.9449358401791,5.36364305762875));
#3269=CARTESIAN_POINT('Ctrl Pts',(7.53691984296867,11.9449355464278,5.36364305762875));
#3270=CARTESIAN_POINT('Ctrl Pts',(6.9738392985658,11.9449352526766,5.36364305762875));
#3271=CARTESIAN_POINT('Ctrl Pts',(6.41075875416292,11.9449349589254,5.36364305762875));
#3272=CARTESIAN_POINT('Ctrl Pts',(8.10000038472936,11.9500005675945,5.28367175148508));
#3273=CARTESIAN_POINT('Ctrl Pts',(7.53691984032648,11.9500002738433,5.28367175148508));
#3274=CARTESIAN_POINT('Ctrl Pts',(6.9738392959236,11.9499999800921,5.28367175148508));
#3275=CARTESIAN_POINT('Ctrl Pts',(6.41075875152072,11.9499996863409,5.28367175148508));
#3276=CARTESIAN_POINT('Ctrl Pts',(8.10000038472936,11.9500005675945,5.25));
#3277=CARTESIAN_POINT('Ctrl Pts',(7.53691984032648,11.9500002738433,5.25));
#3278=CARTESIAN_POINT('Ctrl Pts',(6.9738392959236,11.9499999800921,5.25));
#3279=CARTESIAN_POINT('Ctrl Pts',(6.41075875152072,11.9499996863409,5.25));
#3280=CARTESIAN_POINT('',(8.10000038472936,11.9500005675945,5.25));
#3281=CARTESIAN_POINT('Ctrl Pts',(6.49999985471368,11.9499997328967,5.25));
#3282=CARTESIAN_POINT('Ctrl Pts',(7.03333336471891,11.9500000111293,5.25));
#3283=CARTESIAN_POINT('Ctrl Pts',(7.56666687472413,11.9500002893619,5.25));
#3284=CARTESIAN_POINT('Ctrl Pts',(8.10000038472936,11.9500005675945,5.25));
#3285=CARTESIAN_POINT('Ctrl Pts',(8.00113843847579,11.7000005160196,5.5));
#3286=CARTESIAN_POINT('Ctrl Pts',(8.00156772078752,11.7010860762796,5.5));
#3287=CARTESIAN_POINT('Ctrl Pts',(8.00199703393447,11.7021724569732,5.49999838792464));
#3288=CARTESIAN_POINT('Ctrl Pts',(8.00242631421799,11.7032594508187,5.49999510229329));
#3289=CARTESIAN_POINT('Ctrl Pts',(8.00743695009738,11.7159470364643,5.49995675181942));
#3290=CARTESIAN_POINT('Ctrl Pts',(8.01229537484341,11.7283623023297,5.49969157271943));
#3291=CARTESIAN_POINT('Ctrl Pts',(8.01698723842681,11.7403538718177,5.49913811501731));
#3292=CARTESIAN_POINT('Ctrl Pts',(8.02140004924301,11.7516322320255,5.49861757470517));
#3293=CARTESIAN_POINT('Ctrl Pts',(8.02566552245358,11.7625352434736,5.49784194316112));
#3294=CARTESIAN_POINT('Ctrl Pts',(8.02977171918263,11.7729818913463,5.49675963855968));
#3295=CARTESIAN_POINT('Ctrl Pts',(8.03360143544618,11.7827251403667,5.49575020822604));
#3296=CARTESIAN_POINT('Ctrl Pts',(8.03729260208757,11.7920711604114,5.49447395710843));
#3297=CARTESIAN_POINT('Ctrl Pts',(8.04083553309386,11.8009998474321,5.49288957718219));
#3298=CARTESIAN_POINT('Ctrl Pts',(8.04229932609147,11.8046888127309,5.49223497672922));
#3299=CARTESIAN_POINT('Ctrl Pts',(8.04373781524144,11.8083071235199,5.49152778980501));
#3300=CARTESIAN_POINT('Ctrl Pts',(8.04515031742403,11.8118560255316,5.49076516540231));
#3301=CARTESIAN_POINT('Ctrl Pts',(8.04868371626007,11.8207336657875,5.48885744716296));
#3302=CARTESIAN_POINT('Ctrl Pts',(8.05198852734664,11.8289942114878,5.48664037007437));
#3303=CARTESIAN_POINT('Ctrl Pts',(8.05508177272621,11.8367481235642,5.48411814595094));
#3304=CARTESIAN_POINT('Ctrl Pts',(8.05568073835941,11.8382495650235,5.48362975095352));
#3305=CARTESIAN_POINT('Ctrl Pts',(8.0562717713052,11.8397321638222,5.48312994956495));
#3306=CARTESIAN_POINT('Ctrl Pts',(8.05685499515088,11.84119693193,5.48261882246283));
#3307=CARTESIAN_POINT('Ctrl Pts',(8.06054696597769,11.8504693256467,5.47938324428168));
#3308=CARTESIAN_POINT('Ctrl Pts',(8.06392600697454,11.8590231266407,5.4756924230552));
#3309=CARTESIAN_POINT('Ctrl Pts',(8.06702346865334,11.8668671317284,5.47149750509647));
#3310=CARTESIAN_POINT('Ctrl Pts',(8.06791465515874,11.8691239704587,5.47029056384466));
#3311=CARTESIAN_POINT('Ctrl Pts',(8.06878253253354,11.8713223661386,5.46904201054475));
#3312=CARTESIAN_POINT('Ctrl Pts',(8.06962784745411,11.8734632462748,5.46775099160927));
#3313=CARTESIAN_POINT('Ctrl Pts',(8.0724474119053,11.8806041938426,5.46344477269876));
#3314=CARTESIAN_POINT('Ctrl Pts',(8.07507408362171,11.887254974639,5.45857159516399));
#3315=CARTESIAN_POINT('Ctrl Pts',(8.07750356177803,11.8933857508372,5.45306003713964));
#3316=CARTESIAN_POINT('Ctrl Pts',(8.07993303993435,11.8995165270355,5.44754847911528));
#3317=CARTESIAN_POINT('Ctrl Pts',(8.08216532453019,11.9051280792203,5.44139787276149));
#3318=CARTESIAN_POINT('Ctrl Pts',(8.08419611471117,11.9102463349904,5.43455943519118));
#3319=CARTESIAN_POINT('Ctrl Pts',(8.08443529817342,11.9108491555807,5.43375401413401));
#3320=CARTESIAN_POINT('Ctrl Pts',(8.08467148620498,11.9114446012395,5.43293986877454));
#3321=CARTESIAN_POINT('Ctrl Pts',(8.08490469766788,11.9120328009769,5.43211699483476));
#3322=CARTESIAN_POINT('Ctrl Pts',(8.0867848699341,11.9167749213661,5.42548290943882));
#3323=CARTESIAN_POINT('Ctrl Pts',(8.08847157319391,11.9210441762577,5.41827793264796));
#3324=CARTESIAN_POINT('Ctrl Pts',(8.0899746914578,11.924840305252,5.4103734841044));
#3325=CARTESIAN_POINT('Ctrl Pts',(8.09135507790248,11.928326474725,5.40311444542169));
#3326=CARTESIAN_POINT('Ctrl Pts',(8.09258063536708,11.9314140056079,5.39526498140137));
#3327=CARTESIAN_POINT('Ctrl Pts',(8.09365901903012,11.9341187436183,5.38676770184334));
#3328=CARTESIAN_POINT('Ctrl Pts',(8.09400517162436,11.9349869430459,5.38404014256759));
#3329=CARTESIAN_POINT('Ctrl Pts',(8.09433616003299,11.9358158110528,5.38124621009366));
#3330=CARTESIAN_POINT('Ctrl Pts',(8.09465223744099,11.9366061718417,5.37838514263099));
#3331=CARTESIAN_POINT('Ctrl Pts',(8.09567063797558,11.9391527121182,5.36916679117752));
#3332=CARTESIAN_POINT('Ctrl Pts',(8.09651562639509,11.9412427016978,5.35945612754551));
#3333=CARTESIAN_POINT('Ctrl Pts',(8.09720987104942,11.9429636979996,5.34933214341997));
#3334=CARTESIAN_POINT('Ctrl Pts',(8.09757284007504,11.9438634792898,5.3440390631918));
#3335=CARTESIAN_POINT('Ctrl Pts',(8.09789460377032,11.9446622483646,5.33863392942541));
#3336=CARTESIAN_POINT('Ctrl Pts',(8.09817840173264,11.9453715554899,5.33313349883253));
#3337=CARTESIAN_POINT('Ctrl Pts',(8.0986061096199,11.9464405422069,5.32484387783354));
#3338=CARTESIAN_POINT('Ctrl Pts',(8.09894758564609,11.9473056547052,5.31633381991571));
#3339=CARTESIAN_POINT('Ctrl Pts',(8.09921391914509,11.9479838118319,5.30759303361637));
#3340=CARTESIAN_POINT('Ctrl Pts',(8.09949947515853,11.9487109146797,5.2982213845395));
#3341=CARTESIAN_POINT('Ctrl Pts',(8.09969865045024,11.9492231425826,5.2885846366581));
#3342=CARTESIAN_POINT('Ctrl Pts',(8.09982511292309,11.9495487086678,5.27873308393492));
#3343=CARTESIAN_POINT('Ctrl Pts',(8.09994593382285,11.9498597510384,5.26932101538032));
#3344=CARTESIAN_POINT('Ctrl Pts',(8.10000038472936,11.9500005675945,5.25971401102333));
#3345=CARTESIAN_POINT('Ctrl Pts',(8.10000038472936,11.9500005675945,5.25));
#3346=CARTESIAN_POINT('Ctrl Pts',(8.72901435321062,11.0176156039117,5.5));
#3347=CARTESIAN_POINT('Ctrl Pts',(8.46234788109724,11.2676158765564,5.5));
#3348=CARTESIAN_POINT('Ctrl Pts',(8.19568140898386,11.5176161492011,5.5));
#3349=CARTESIAN_POINT('Ctrl Pts',(7.92901493687047,11.7676164218458,5.5));
#3350=CARTESIAN_POINT('Ctrl Pts',(8.77507338927356,11.0667451529555,5.5));
#3351=CARTESIAN_POINT('Ctrl Pts',(8.50840691716018,11.3167454256002,5.5));
#3352=CARTESIAN_POINT('Ctrl Pts',(8.2417404450468,11.5667456982449,5.5));
#3353=CARTESIAN_POINT('Ctrl Pts',(7.97507397293342,11.8167459708896,5.5));
#3354=CARTESIAN_POINT('Ctrl Pts',(8.8322813053878,11.1277668190751,5.48759182798733));
#3355=CARTESIAN_POINT('Ctrl Pts',(8.56561483327442,11.3777670917198,5.48759182798733));
#3356=CARTESIAN_POINT('Ctrl Pts',(8.29894836116105,11.6277673643645,5.48759182798733));
#3357=CARTESIAN_POINT('Ctrl Pts',(8.03228188904767,11.8777676370092,5.48759182798733));
#3358=CARTESIAN_POINT('Ctrl Pts',(8.87791276077955,11.1764402828998,5.43914173372184));
#3359=CARTESIAN_POINT('Ctrl Pts',(8.61124628866617,11.4264405555444,5.43914173372184));
#3360=CARTESIAN_POINT('Ctrl Pts',(8.34457981655279,11.6764408281891,5.43914173372184));
#3361=CARTESIAN_POINT('Ctrl Pts',(8.07791334443941,11.9264411008338,5.43914173372184));
#3362=CARTESIAN_POINT('Ctrl Pts',(8.89653587832924,11.1963049054627,5.36364307625258));
#3363=CARTESIAN_POINT('Ctrl Pts',(8.62986940621585,11.4463051781074,5.36364307625258));
#3364=CARTESIAN_POINT('Ctrl Pts',(8.36320293410247,11.6963054507521,5.36364307625258));
#3365=CARTESIAN_POINT('Ctrl Pts',(8.09653646198909,11.9463057233968,5.36364307625258));
#3366=CARTESIAN_POINT('Ctrl Pts',(8.8999998010695,11.1999997496605,5.28367175148507));
#3367=CARTESIAN_POINT('Ctrl Pts',(8.63333332895612,11.4500000223052,5.28367175148507));
#3368=CARTESIAN_POINT('Ctrl Pts',(8.36666685684274,11.7000002949499,5.28367175148507));
#3369=CARTESIAN_POINT('Ctrl Pts',(8.10000038472936,11.9500005675945,5.28367175148507));
#3370=CARTESIAN_POINT('Ctrl Pts',(8.8999998010695,11.1999997496605,5.25));
#3371=CARTESIAN_POINT('Ctrl Pts',(8.63333332895612,11.4500000223052,5.25));
#3372=CARTESIAN_POINT('Ctrl Pts',(8.36666685684274,11.7000002949499,5.25));
#3373=CARTESIAN_POINT('Ctrl Pts',(8.10000038472936,11.9500005675945,5.25));
#3374=CARTESIAN_POINT('Ctrl Pts',(8.10000038472936,11.9500005675945,5.25));
#3375=CARTESIAN_POINT('Ctrl Pts',(8.36666685684274,11.7000002949499,5.25));
#3376=CARTESIAN_POINT('Ctrl Pts',(8.63333332895612,11.4500000223052,5.25));
#3377=CARTESIAN_POINT('Ctrl Pts',(8.8999998010695,11.1999997496605,5.25));
#3378=CARTESIAN_POINT('Ctrl Pts',(8.11629895332367,-6.73042982008972,5.5));
#3379=CARTESIAN_POINT('Ctrl Pts',(8.31629894885332,-6.51376315826593,5.5));
#3380=CARTESIAN_POINT('Ctrl Pts',(8.51629894438298,-6.29709649644214,5.5));
#3381=CARTESIAN_POINT('Ctrl Pts',(8.71629893991263,-6.08042983461835,5.5));
#3382=CARTESIAN_POINT('Ctrl Pts',(8.16578319127942,-6.77610757820271,5.5));
#3383=CARTESIAN_POINT('Ctrl Pts',(8.36578318680907,-6.55944091637892,5.5));
#3384=CARTESIAN_POINT('Ctrl Pts',(8.56578318233872,-6.34277425455513,5.5));
#3385=CARTESIAN_POINT('Ctrl Pts',(8.76578317786837,-6.12610759273134,5.5));
#3386=CARTESIAN_POINT('Ctrl Pts',(8.22721420741021,-6.83281313155421,5.48758272144662));
#3387=CARTESIAN_POINT('Ctrl Pts',(8.42721420293986,-6.61614646973042,5.48758272144662));
#3388=CARTESIAN_POINT('Ctrl Pts',(8.62721419846951,-6.39947980790663,5.48758272144662));
#3389=CARTESIAN_POINT('Ctrl Pts',(8.82721419399916,-6.18281314608284,5.48758272144662));
#3390=CARTESIAN_POINT('Ctrl Pts',(8.27625889587,-6.87808515167094,5.43913883364529));
#3391=CARTESIAN_POINT('Ctrl Pts',(8.47625889139965,-6.66141848984715,5.43913883364529));
#3392=CARTESIAN_POINT('Ctrl Pts',(8.6762588869293,-6.44475182802337,5.43913883364529));
#3393=CARTESIAN_POINT('Ctrl Pts',(8.87625888245896,-6.22808516619958,5.43913883364529));
#3394=CARTESIAN_POINT('Ctrl Pts',(8.29626785794039,-6.89655496281284,5.36363982301381));
#3395=CARTESIAN_POINT('Ctrl Pts',(8.49626785347004,-6.67988830098905,5.36363982301381));
#3396=CARTESIAN_POINT('Ctrl Pts',(8.69626784899969,-6.46322163916526,5.36363982301381));
#3397=CARTESIAN_POINT('Ctrl Pts',(8.89626784452934,-6.24655497734147,5.36363982301381));
#3398=CARTESIAN_POINT('Ctrl Pts',(8.29999981448054,-6.89999984577298,5.28367175148507));
#3399=CARTESIAN_POINT('Ctrl Pts',(8.49999981001019,-6.68333318394919,5.28367175148507));
#3400=CARTESIAN_POINT('Ctrl Pts',(8.69999980553985,-6.4666665221254,5.28367175148507));
#3401=CARTESIAN_POINT('Ctrl Pts',(8.8999998010695,-6.24999986030161,5.28367175148507));
#3402=CARTESIAN_POINT('Ctrl Pts',(8.29999981448054,-6.89999984577298,5.25));
#3403=CARTESIAN_POINT('Ctrl Pts',(8.49999981001019,-6.68333318394919,5.25));
#3404=CARTESIAN_POINT('Ctrl Pts',(8.69999980553985,-6.4666665221254,5.25));
#3405=CARTESIAN_POINT('Ctrl Pts',(8.8999998010695,-6.24999986030161,5.25));
#3406=CARTESIAN_POINT('',(8.29999981448054,-6.89999984577298,5.25));
#3407=CARTESIAN_POINT('Ctrl Pts',(8.8999998010695,-6.24999986030161,5.25));
#3408=CARTESIAN_POINT('Ctrl Pts',(8.69999980553985,-6.4666665221254,5.25));
#3409=CARTESIAN_POINT('Ctrl Pts',(8.49999981001019,-6.68333318394919,5.25));
#3410=CARTESIAN_POINT('Ctrl Pts',(8.29999981448054,-6.89999984577298,5.25));
#3411=CARTESIAN_POINT('Ctrl Pts',(8.19054200653912,-6.64999984577298,5.5));
#3412=CARTESIAN_POINT('Ctrl Pts',(8.19101750457125,-6.65108587618295,5.5));
#3413=CARTESIAN_POINT('Ctrl Pts',(8.19149357882114,-6.65217248505426,5.49999838534968));
#3414=CARTESIAN_POINT('Ctrl Pts',(8.19197012462569,-6.65325947967053,5.49999509447266));
#3415=CARTESIAN_POINT('Ctrl Pts',(8.19752324911305,-6.66592608246844,5.49995674632317));
#3416=CARTESIAN_POINT('Ctrl Pts',(8.20299090938031,-6.67828576285428,5.49969195383007));
#3417=CARTESIAN_POINT('Ctrl Pts',(8.20827275311488,-6.69022411803674,5.49913934770306));
#3418=CARTESIAN_POINT('Ctrl Pts',(8.21324012033055,-6.70145167362578,5.49861964327855));
#3419=CARTESIAN_POINT('Ctrl Pts',(8.21804273216631,-6.71230620557913,5.49784529299194));
#3420=CARTESIAN_POINT('Ctrl Pts',(8.22263009588551,-6.72272299688944,5.49676480769568));
#3421=CARTESIAN_POINT('Ctrl Pts',(8.22690765994369,-6.73243630824605,5.49575729110193));
#3422=CARTESIAN_POINT('Ctrl Pts',(8.23099788208927,-6.74176883595189,5.49448353636399));
#3423=CARTESIAN_POINT('Ctrl Pts',(8.23489330435723,-6.75069901396292,5.49290235260766));
#3424=CARTESIAN_POINT('Ctrl Pts',(8.23654467193148,-6.75448474125646,5.49223204900397));
#3425=CARTESIAN_POINT('Ctrl Pts',(8.23816147717945,-6.75819857263429,5.49150650827692));
#3426=CARTESIAN_POINT('Ctrl Pts',(8.23974528127421,-6.76184083065345,5.49072266119863));
#3427=CARTESIAN_POINT('Ctrl Pts',(8.24361034608529,-6.77072928052509,5.48880978588179));
#3428=CARTESIAN_POINT('Ctrl Pts',(8.24719396682675,-6.77901351067868,5.4865874488897));
#3429=CARTESIAN_POINT('Ctrl Pts',(8.2505652557689,-6.78678300798436,5.48406002655679));
#3430=CARTESIAN_POINT('Ctrl Pts',(8.25119451618918,-6.78823320617972,5.48358827617682));
#3431=CARTESIAN_POINT('Ctrl Pts',(8.25181648416681,-6.78966556842473,5.48310592957225));
#3432=CARTESIAN_POINT('Ctrl Pts',(8.25243174644101,-6.79108080338892,5.48261305978475));
#3433=CARTESIAN_POINT('Ctrl Pts',(8.25647627831032,-6.80038409266133,5.4793730958757));
#3434=CARTESIAN_POINT('Ctrl Pts',(8.26022802863882,-6.80894448248383,5.47567699470725));
#3435=CARTESIAN_POINT('Ctrl Pts',(8.26366957972357,-6.81679335271572,5.47147551949949));
#3436=CARTESIAN_POINT('Ctrl Pts',(8.26471297367911,-6.81917293783771,5.47020173517138));
#3437=CARTESIAN_POINT('Ctrl Pts',(8.26572810978433,-6.82148735804049,5.4688816275958));
#3438=CARTESIAN_POINT('Ctrl Pts',(8.26671512753367,-6.82373806456883,5.46751419260636));
#3439=CARTESIAN_POINT('Ctrl Pts',(8.26982138451232,-6.83082129368523,5.46321071935916));
#3440=CARTESIAN_POINT('Ctrl Pts',(8.2727184905445,-6.83742870615568,5.45833947933929));
#3441=CARTESIAN_POINT('Ctrl Pts',(8.27538585314163,-6.84353250181749,5.45282713503976));
#3442=CARTESIAN_POINT('Ctrl Pts',(8.27805321573875,-6.84963629747931,5.44731479074024));
#3443=CARTESIAN_POINT('Ctrl Pts',(8.28049138607627,-6.85523698510982,5.44116067115904));
#3444=CARTESIAN_POINT('Ctrl Pts',(8.28272110695332,-6.86034492019656,5.43431338658072));
#3445=CARTESIAN_POINT('Ctrl Pts',(8.28295764571914,-6.86088679280211,5.43358699599971));
#3446=CARTESIAN_POINT('Ctrl Pts',(8.28319162055148,-6.86142264488779,5.43285353903138));
#3447=CARTESIAN_POINT('Ctrl Pts',(8.28342308990806,-6.86195255114865,5.43211301281922));
#3448=CARTESIAN_POINT('Ctrl Pts',(8.2854958041712,-6.8666976469197,5.42548190075818));
#3449=CARTESIAN_POINT('Ctrl Pts',(8.28736621789932,-6.87096468623209,5.41828037793585));
#3450=CARTESIAN_POINT('Ctrl Pts',(8.28902690561107,-6.87476170233808,5.41038021833176));
#3451=CARTESIAN_POINT('Ctrl Pts',(8.29055220003382,-6.87824915362021,5.40312414646607));
#3452=CARTESIAN_POINT('Ctrl Pts',(8.29190085067887,-6.88134035555855,5.39527819604878));
#3453=CARTESIAN_POINT('Ctrl Pts',(8.29307888466529,-6.88405240671543,5.38678522217473));
#3454=CARTESIAN_POINT('Ctrl Pts',(8.2934581157176,-6.88492546642849,5.38405117591063));
#3455=CARTESIAN_POINT('Ctrl Pts',(8.29381974659197,-6.88575930900363,5.38125045454711));
#3456=CARTESIAN_POINT('Ctrl Pts',(8.29416420047182,-6.88655470989234,5.37838229873398));
#3457=CARTESIAN_POINT('Ctrl Pts',(8.29527158882508,-6.88911185246458,5.3691614348431));
#3458=CARTESIAN_POINT('Ctrl Pts',(8.2961738069061,-6.89121830548159,5.35944711685181));
#3459=CARTESIAN_POINT('Ctrl Pts',(8.29691820525027,-6.89295185545329,5.3493179125666));
#3460=CARTESIAN_POINT('Ctrl Pts',(8.2973068775651,-6.8938569929857,5.34402915647552));
#3461=CARTESIAN_POINT('Ctrl Pts',(8.29765241531192,-6.89466036856588,5.33862821849264));
#3462=CARTESIAN_POINT('Ctrl Pts',(8.2979608510745,-6.89537240152685,5.33313172526536));
#3463=CARTESIAN_POINT('Ctrl Pts',(8.2984261452586,-6.89644654673253,5.32483992955966));
#3464=CARTESIAN_POINT('Ctrl Pts',(8.29880649838558,-6.8973123513245,5.31632668624705));
#3465=CARTESIAN_POINT('Ctrl Pts',(8.29910576410499,-6.89799002586484,5.30758121867501));
#3466=CARTESIAN_POINT('Ctrl Pts',(8.29942650336947,-6.89871632633807,5.29820822786869));
#3467=CARTESIAN_POINT('Ctrl Pts',(8.29965413105181,-6.89922655765097,5.2885686275948));
#3468=CARTESIAN_POINT('Ctrl Pts',(8.29979889764011,-6.89955068335714,5.27871203476741));
#3469=CARTESIAN_POINT('Ctrl Pts',(8.29993700642971,-6.89985990255944,5.26930874550805));
#3470=CARTESIAN_POINT('Ctrl Pts',(8.29999981448054,-6.89999984577298,5.25970909529836));
#3471=CARTESIAN_POINT('Ctrl Pts',(8.29999981448054,-6.89999984577298,5.25));
#3472=CARTESIAN_POINT('Ctrl Pts',(5.39644648647215,-6.64999984577298,5.5));
#3473=CARTESIAN_POINT('Ctrl Pts',(6.36429759580828,-6.64999984577298,5.5));
#3474=CARTESIAN_POINT('Ctrl Pts',(7.33214870514441,-6.64999984577298,5.5));
#3475=CARTESIAN_POINT('Ctrl Pts',(8.29999981448054,-6.64999984577298,5.5));
#3476=CARTESIAN_POINT('Ctrl Pts',(5.39644648647215,-6.71734334874313,5.5));
#3477=CARTESIAN_POINT('Ctrl Pts',(6.36429759580828,-6.71734334874313,5.5));
#3478=CARTESIAN_POINT('Ctrl Pts',(7.33214870514441,-6.71734334874313,5.5));
#3479=CARTESIAN_POINT('Ctrl Pts',(8.29999981448054,-6.71734334874313,5.5));
#3480=CARTESIAN_POINT('Ctrl Pts',(5.39644648647215,-6.80094550096277,5.48758276041316));
#3481=CARTESIAN_POINT('Ctrl Pts',(6.36429759580828,-6.80094550096277,5.48758276041316));
#3482=CARTESIAN_POINT('Ctrl Pts',(7.33214870514441,-6.80094550096277,5.48758276041316));
#3483=CARTESIAN_POINT('Ctrl Pts',(8.29999981448054,-6.80094550096277,5.48758276041316));
#3484=CARTESIAN_POINT('Ctrl Pts',(5.39644648647215,-6.86769069994415,5.43913884548952));
#3485=CARTESIAN_POINT('Ctrl Pts',(6.36429759580828,-6.86769069994415,5.43913884548952));
#3486=CARTESIAN_POINT('Ctrl Pts',(7.33214870514441,-6.86769069994415,5.43913884548952));
#3487=CARTESIAN_POINT('Ctrl Pts',(8.29999981448054,-6.86769069994415,5.43913884548952));
#3488=CARTESIAN_POINT('Ctrl Pts',(5.39644648647215,-6.89492105511174,5.3636398367271));
#3489=CARTESIAN_POINT('Ctrl Pts',(6.36429759580828,-6.89492105511174,5.3636398367271));
#3490=CARTESIAN_POINT('Ctrl Pts',(7.33214870514441,-6.89492105511174,5.3636398367271));
#3491=CARTESIAN_POINT('Ctrl Pts',(8.29999981448054,-6.89492105511174,5.3636398367271));
#3492=CARTESIAN_POINT('Ctrl Pts',(5.39644648647215,-6.89999984577298,5.28367175148507));
#3493=CARTESIAN_POINT('Ctrl Pts',(6.36429759580828,-6.89999984577298,5.28367175148507));
#3494=CARTESIAN_POINT('Ctrl Pts',(7.33214870514441,-6.89999984577298,5.28367175148507));
#3495=CARTESIAN_POINT('Ctrl Pts',(8.29999981448054,-6.89999984577298,5.28367175148507));
#3496=CARTESIAN_POINT('Ctrl Pts',(5.39644648647215,-6.89999984577298,5.25));
#3497=CARTESIAN_POINT('Ctrl Pts',(6.36429759580828,-6.89999984577298,5.25));
#3498=CARTESIAN_POINT('Ctrl Pts',(7.33214870514441,-6.89999984577298,5.25));
#3499=CARTESIAN_POINT('Ctrl Pts',(8.29999981448054,-6.89999984577298,5.25));
#3500=CARTESIAN_POINT('',(5.49999987706542,-6.89999984577298,5.25));
#3501=CARTESIAN_POINT('Ctrl Pts',(8.29999981448054,-6.89999984577298,5.25));
#3502=CARTESIAN_POINT('Ctrl Pts',(7.36666650200884,-6.89999984577298,5.25));
#3503=CARTESIAN_POINT('Ctrl Pts',(6.43333318953713,-6.89999984577298,5.25));
#3504=CARTESIAN_POINT('Ctrl Pts',(5.49999987706542,-6.89999984577298,5.25));
#3505=CARTESIAN_POINT('Ctrl Pts',(5.39644648647217,-6.64999984577296,5.5));
#3506=CARTESIAN_POINT('Ctrl Pts',(5.39689621246829,-6.65108558037215,5.5));
#3507=CARTESIAN_POINT('Ctrl Pts',(5.3973459707932,-6.65217213025174,5.49999838623419));
#3508=CARTESIAN_POINT('Ctrl Pts',(5.39779569469208,-6.65325928795995,5.49999509717721));
#3509=CARTESIAN_POINT('Ctrl Pts',(5.40303900591062,-6.66593441201279,5.49995675020616));
#3510=CARTESIAN_POINT('Ctrl Pts',(5.40812342248548,-6.67833761985672,5.4996918497961));
#3511=CARTESIAN_POINT('Ctrl Pts',(5.41303388814992,-6.69031779103129,5.49913907342393));
#3512=CARTESIAN_POINT('Ctrl Pts',(5.4176523866279,-6.70158564343404,5.49861916411025));
#3513=CARTESIAN_POINT('Ctrl Pts',(5.42211700482922,-6.71247871664782,5.49784451010516));
#3514=CARTESIAN_POINT('Ctrl Pts',(5.42641521562115,-6.7229161830683,5.49676365638279));
#3515=CARTESIAN_POINT('Ctrl Pts',(5.43042372252817,-6.73265015337912,5.49575565332726));
#3516=CARTESIAN_POINT('Ctrl Pts',(5.434287498119,-6.74198761198879,5.49448128043778));
#3517=CARTESIAN_POINT('Ctrl Pts',(5.4379963813935,-6.75090859078585,5.4928993626647));
#3518=CARTESIAN_POINT('Ctrl Pts',(5.43955175281073,-6.75464972643443,5.49223596360181));
#3519=CARTESIAN_POINT('Ctrl Pts',(5.44107988393519,-6.75831821459017,5.49151848949022));
#3520=CARTESIAN_POINT('Ctrl Pts',(5.44258002537444,-6.76191537939933,5.49074397028887));
#3521=CARTESIAN_POINT('Ctrl Pts',(5.44627957739884,-6.77078647515309,5.48883390100853));
#3522=CARTESIAN_POINT('Ctrl Pts',(5.44973975937875,-6.77904096661408,5.48661453727882));
#3523=CARTESIAN_POINT('Ctrl Pts',(5.45297840696538,-6.78678999555496,5.48409022188047));
#3524=CARTESIAN_POINT('Ctrl Pts',(5.45359597071332,-6.7882676244811,5.48360887105835));
#3525=CARTESIAN_POINT('Ctrl Pts',(5.45420547924205,-6.78972702334907,5.48311646598809));
#3526=CARTESIAN_POINT('Ctrl Pts',(5.45480705621559,-6.79116916273809,5.48261308448927));
#3527=CARTESIAN_POINT('Ctrl Pts',(5.45867727559641,-6.80044710398051,5.4793746014382));
#3528=CARTESIAN_POINT('Ctrl Pts',(5.46221921294816,-6.80900660597457,5.47568041524));
#3529=CARTESIAN_POINT('Ctrl Pts',(5.46546579710929,-6.81685610395574,5.47148141767541));
#3530=CARTESIAN_POINT('Ctrl Pts',(5.4664207356543,-6.81916492695528,5.47024633969012));
#3531=CARTESIAN_POINT('Ctrl Pts',(5.46735012135889,-6.8214126501087,5.46896770912873));
#3532=CARTESIAN_POINT('Ctrl Pts',(5.46825479218191,-6.82360025911421,5.46764460966351));
#3533=CARTESIAN_POINT('Ctrl Pts',(5.47119827848195,-6.83071798301307,5.4633397011262));
#3534=CARTESIAN_POINT('Ctrl Pts',(5.47394211212661,-6.83735190104631,5.4584675767994));
#3535=CARTESIAN_POINT('Ctrl Pts',(5.47648108856094,-6.84347013243109,5.45295592640963));
#3536=CARTESIAN_POINT('Ctrl Pts',(5.47902006499528,-6.84958836381587,5.44744427601986));
#3537=CARTESIAN_POINT('Ctrl Pts',(5.48135418421928,-6.85519167331235,5.44129242982198));
#3538=CARTESIAN_POINT('Ctrl Pts',(5.48347824167802,-6.86030409778434,5.43445040072142));
#3539=CARTESIAN_POINT('Ctrl Pts',(5.4837176359802,-6.86088029937619,5.43367926208049));
#3540=CARTESIAN_POINT('Ctrl Pts',(5.48395415987583,-6.86144975307258,5.43290013959442));
#3541=CARTESIAN_POINT('Ctrl Pts',(5.48418783066481,-6.86201257114744,5.43211302955764));
#3542=CARTESIAN_POINT('Ctrl Pts',(5.48615687832602,-6.86675520765266,5.4254803769105));
#3543=CARTESIAN_POINT('Ctrl Pts',(5.48792333430292,-6.87102476372582,5.41827698835737));
#3544=CARTESIAN_POINT('Ctrl Pts',(5.48949754997843,-6.8748212202412,5.41037447183392));
#3545=CARTESIAN_POINT('Ctrl Pts',(5.49094335403827,-6.87830799294227,5.40311657785515));
#3546=CARTESIAN_POINT('Ctrl Pts',(5.49222700141467,-6.88139608113768,5.39526844628975));
#3547=CARTESIAN_POINT('Ctrl Pts',(5.49335651136215,-6.88410150625,5.386772815069));
#3548=CARTESIAN_POINT('Ctrl Pts',(5.49371948178276,-6.88497090035596,5.38404272593214));
#3549=CARTESIAN_POINT('Ctrl Pts',(5.4940665348646,-6.8858008879675,5.38124614715731));
#3550=CARTESIAN_POINT('Ctrl Pts',(5.49439793672765,-6.88659230140136,5.37838231905207));
#3551=CARTESIAN_POINT('Ctrl Pts',(5.49546481554793,-6.8891400910332,5.36916282486391));
#3552=CARTESIAN_POINT('Ctrl Pts',(5.4963500441036,-6.89123142348275,5.35945052967376));
#3553=CARTESIAN_POINT('Ctrl Pts',(5.49707734446302,-6.89295392072515,5.3493242632533));
#3554=CARTESIAN_POINT('Ctrl Pts',(5.497457359669,-6.89385392735363,5.34403327835312));
#3555=CARTESIAN_POINT('Ctrl Pts',(5.49779425931604,-6.89465308926261,5.33863020141949));
#3556=CARTESIAN_POINT('Ctrl Pts',(5.49809142727726,-6.89536293839445,5.33313173275925));
#3557=CARTESIAN_POINT('Ctrl Pts',(5.49853943859205,-6.89643310908697,5.32484222482023));
#3558=CARTESIAN_POINT('Ctrl Pts',(5.49889714507501,-6.89729959489065,5.31633191659426));
#3559=CARTESIAN_POINT('Ctrl Pts',(5.49917614184126,-6.89797898840065,5.30759027073153));
#3560=CARTESIAN_POINT('Ctrl Pts',(5.49947522265725,-6.89870728919094,5.29821934284293));
#3561=CARTESIAN_POINT('Ctrl Pts',(5.49968385377465,-6.89922063285886,5.28858270870447));
#3562=CARTESIAN_POINT('Ctrl Pts',(5.49981631897589,-6.8995469529216,5.27873031646586));
#3563=CARTESIAN_POINT('Ctrl Pts',(5.49994283962859,-6.89985862894626,5.26932006316896));
#3564=CARTESIAN_POINT('Ctrl Pts',(5.49999987706542,-6.89999984577298,5.25971411199819));
#3565=CARTESIAN_POINT('Ctrl Pts',(5.49999987706542,-6.89999984577298,5.25));
#3566=CARTESIAN_POINT('Ctrl Pts',(4.64999989047646,-7.39644644176867,5.5));
#3567=CARTESIAN_POINT('Ctrl Pts',(4.89881542247503,-7.1476309097701,5.5));
#3568=CARTESIAN_POINT('Ctrl Pts',(5.1476309544736,-6.89881537777153,5.5));
#3569=CARTESIAN_POINT('Ctrl Pts',(5.39644648647217,-6.64999984577296,5.5));
#3570=CARTESIAN_POINT('Ctrl Pts',(4.69761893809551,-7.44406548938772,5.5));
#3571=CARTESIAN_POINT('Ctrl Pts',(4.94643447009408,-7.19524995738915,5.5));
#3572=CARTESIAN_POINT('Ctrl Pts',(5.19525000209265,-6.94643442539058,5.5));
#3573=CARTESIAN_POINT('Ctrl Pts',(5.44406553409122,-6.69761889339201,5.5));
#3574=CARTESIAN_POINT('Ctrl Pts',(4.75671294345313,-7.50315949474534,5.48757617878129));
#3575=CARTESIAN_POINT('Ctrl Pts',(5.0055284754517,-7.25434396274677,5.48757617878129));
#3576=CARTESIAN_POINT('Ctrl Pts',(5.25434400745027,-7.00552843074821,5.48757617878129));
#3577=CARTESIAN_POINT('Ctrl Pts',(5.50315953944884,-6.75671289874963,5.48757617878129));
#3578=CARTESIAN_POINT('Ctrl Pts',(4.80392314424278,-7.55036969553499,5.4391369184136));
#3579=CARTESIAN_POINT('Ctrl Pts',(5.05273867624135,-7.30155416353642,5.4391369184136));
#3580=CARTESIAN_POINT('Ctrl Pts',(5.30155420823992,-7.05273863153785,5.4391369184136));
#3581=CARTESIAN_POINT('Ctrl Pts',(5.55036974023849,-6.80392309953928,5.4391369184136));
#3582=CARTESIAN_POINT('Ctrl Pts',(4.82317836194096,-7.56962491323317,5.36363754616341));
#3583=CARTESIAN_POINT('Ctrl Pts',(5.07199389393953,-7.3208093812346,5.36363754616341));
#3584=CARTESIAN_POINT('Ctrl Pts',(5.3208094259381,-7.07199384923603,5.36363754616341));
#3585=CARTESIAN_POINT('Ctrl Pts',(5.56962495793667,-6.82317831723746,5.36363754616341));
#3586=CARTESIAN_POINT('Ctrl Pts',(4.8267765857731,-7.57322313706531,5.28367175148508));
#3587=CARTESIAN_POINT('Ctrl Pts',(5.07559211777167,-7.32440760506674,5.28367175148508));
#3588=CARTESIAN_POINT('Ctrl Pts',(5.32440764977023,-7.07559207306817,5.28367175148508));
#3589=CARTESIAN_POINT('Ctrl Pts',(5.5732231817688,-6.8267765410696,5.28367175148508));
#3590=CARTESIAN_POINT('Ctrl Pts',(4.8267765857731,-7.57322313706531,5.25));
#3591=CARTESIAN_POINT('Ctrl Pts',(5.07559211777167,-7.32440760506674,5.25));
#3592=CARTESIAN_POINT('Ctrl Pts',(5.32440764977023,-7.07559207306817,5.25));
#3593=CARTESIAN_POINT('Ctrl Pts',(5.5732231817688,-6.8267765410696,5.25));
#3594=CARTESIAN_POINT('Ctrl Pts',(5.49999987706542,-6.89999984577298,5.25));
#3595=CARTESIAN_POINT('Ctrl Pts',(5.29999988153577,-7.09999984130263,5.25));
#3596=CARTESIAN_POINT('Ctrl Pts',(5.09999988600612,-7.29999983683228,5.25));
#3597=CARTESIAN_POINT('Ctrl Pts',(4.89999989047647,-7.49999983236193,5.25));
#3598=CARTESIAN_POINT('Ctrl Pts',(4.8267765857731,-7.5732231370653,5.25));
#3599=CARTESIAN_POINT('Ctrl Pts',(5.07559211777166,-7.32440760506674,5.25));
#3600=CARTESIAN_POINT('Ctrl Pts',(5.32440764977023,-7.07559207306818,5.25));
#3601=CARTESIAN_POINT('Ctrl Pts',(5.57322318176879,-6.82677654106961,5.25));
#3602=CARTESIAN_POINT('Ctrl Pts',(4.8267765857731,-7.5732231370653,5.18265649702986));
#3603=CARTESIAN_POINT('Ctrl Pts',(5.07559211777166,-7.32440760506674,5.18265649702986));
#3604=CARTESIAN_POINT('Ctrl Pts',(5.32440764977023,-7.07559207306818,5.18265649702986));
#3605=CARTESIAN_POINT('Ctrl Pts',(5.57322318176879,-6.82677654106961,5.18265649702986));
#3606=CARTESIAN_POINT('Ctrl Pts',(4.81799138483673,-7.56443793612893,5.09908648191226));
#3607=CARTESIAN_POINT('Ctrl Pts',(5.06680691683529,-7.31562240413036,5.09908648191226));
#3608=CARTESIAN_POINT('Ctrl Pts',(5.31562244883385,-7.0668068721318,5.09908648191226));
#3609=CARTESIAN_POINT('Ctrl Pts',(5.56443798083241,-6.81799134013324,5.09908648191226));
#3610=CARTESIAN_POINT('Ctrl Pts',(4.78373982274759,-7.53018637403979,5.03232015610153));
#3611=CARTESIAN_POINT('Ctrl Pts',(5.03255535474615,-7.28137084204122,5.03232015610153));
#3612=CARTESIAN_POINT('Ctrl Pts',(5.28137088674471,-7.03255531004266,5.03232015610153));
#3613=CARTESIAN_POINT('Ctrl Pts',(5.53018641874328,-6.7837397780441,5.03232015610153));
#3614=CARTESIAN_POINT('Ctrl Pts',(4.73035368994317,-7.47680024123537,5.00508914108087));
#3615=CARTESIAN_POINT('Ctrl Pts',(4.97916922194173,-7.22798470923681,5.00508914108087));
#3616=CARTESIAN_POINT('Ctrl Pts',(5.2279847539403,-6.97916917723825,5.00508914108087));
#3617=CARTESIAN_POINT('Ctrl Pts',(5.47680028593886,-6.73035364523968,5.00508914108087));
#3618=CARTESIAN_POINT('Ctrl Pts',(4.67380941428599,-7.42025596557819,5.));
#3619=CARTESIAN_POINT('Ctrl Pts',(4.92262494628455,-7.17144043357962,5.));
#3620=CARTESIAN_POINT('Ctrl Pts',(5.17144047828311,-6.92262490158106,5.));
#3621=CARTESIAN_POINT('Ctrl Pts',(5.42025601028167,-6.6738093695825,5.));
#3622=CARTESIAN_POINT('Ctrl Pts',(4.64999989047647,-7.39644644176866,5.));
#3623=CARTESIAN_POINT('Ctrl Pts',(4.89881542247503,-7.1476309097701,5.));
#3624=CARTESIAN_POINT('Ctrl Pts',(5.14763095447359,-6.89881537777154,5.));
#3625=CARTESIAN_POINT('Ctrl Pts',(5.39644648647215,-6.64999984577298,5.));
#3626=CARTESIAN_POINT('',(4.64999989047647,-7.39644644176866,5.));
#3627=CARTESIAN_POINT('',(5.39644648647216,-6.64999984577298,5.));
#3628=CARTESIAN_POINT('Ctrl Pts',(4.64999989047647,-7.39644644176866,5.));
#3629=CARTESIAN_POINT('Ctrl Pts',(4.89881542247503,-7.1476309097701,5.));
#3630=CARTESIAN_POINT('Ctrl Pts',(5.14763095447359,-6.89881537777154,5.));
#3631=CARTESIAN_POINT('Ctrl Pts',(5.39644648647215,-6.64999984577298,5.));
#3632=CARTESIAN_POINT('Ctrl Pts',(5.39644648647216,-6.64999984577298,5.));
#3633=CARTESIAN_POINT('Ctrl Pts',(5.39689642915702,-6.65108610350507,5.));
#3634=CARTESIAN_POINT('Ctrl Pts',(5.39734646155253,-6.65217249673444,5.00000176548084));
#3635=CARTESIAN_POINT('Ctrl Pts',(5.39779649428743,-6.6532588415461,5.00000535408898));
#3636=CARTESIAN_POINT('Ctrl Pts',(5.40234100689352,-6.66422894951464,5.0000415925082));
#3637=CARTESIAN_POINT('Ctrl Pts',(5.40677856787704,-6.67492336513377,5.00026328128209));
#3638=CARTESIAN_POINT('Ctrl Pts',(5.41107145691585,-6.68529051341584,5.00070087456955));
#3639=CARTESIAN_POINT('Ctrl Pts',(5.41506247107171,-6.69492864642499,5.00110769640655));
#3640=CARTESIAN_POINT('Ctrl Pts',(5.41892829463795,-6.70428377066679,5.0017011734243));
#3641=CARTESIAN_POINT('Ctrl Pts',(5.4226696328994,-6.71334545881953,5.00250103164591));
#3642=CARTESIAN_POINT('Ctrl Pts',(5.42546207863634,-6.72010888695227,5.00309802676505));
#3643=CARTESIAN_POINT('Ctrl Pts',(5.42818574435509,-6.72670941640436,5.00380990744464));
#3644=CARTESIAN_POINT('Ctrl Pts',(5.43085435777782,-6.73315614607937,5.00464270160186));
#3645=CARTESIAN_POINT('Ctrl Pts',(5.43490149803242,-6.74293306579211,5.00590569261015));
#3646=CARTESIAN_POINT('Ctrl Pts',(5.43882281301453,-6.75235704241583,5.00744576374252));
#3647=CARTESIAN_POINT('Ctrl Pts',(5.44258052232598,-6.76137414981331,5.00932571961875));
#3648=CARTESIAN_POINT('Ctrl Pts',(5.4466202767592,-6.77106806080126,5.01134678071098));
#3649=CARTESIAN_POINT('Ctrl Pts',(5.45037694422457,-6.78008353545905,5.01371816914529));
#3650=CARTESIAN_POINT('Ctrl Pts',(5.45385096299155,-6.78845284641818,5.01646497993743));
#3651=CARTESIAN_POINT('Ctrl Pts',(5.45757547955889,-6.79742563540274,5.01940985242918));
#3652=CARTESIAN_POINT('Ctrl Pts',(5.46097534461589,-6.80565594459137,5.02278656941325));
#3653=CARTESIAN_POINT('Ctrl Pts',(5.464093125601,-6.813225570618,5.02661044386576));
#3654=CARTESIAN_POINT('Ctrl Pts',(5.46554396146013,-6.81674803897997,5.02838985499277));
#3655=CARTESIAN_POINT('Ctrl Pts',(5.46693425989145,-6.8201279867039,5.03026585149914));
#3656=CARTESIAN_POINT('Ctrl Pts',(5.46827076279489,-6.82337610869532,5.03223863644144));
#3657=CARTESIAN_POINT('Ctrl Pts',(5.46950406181553,-6.82637341282437,5.03405908421676));
#3658=CARTESIAN_POINT('Ctrl Pts',(5.47070343418622,-6.82928608753961,5.03597901347458));
#3659=CARTESIAN_POINT('Ctrl Pts',(5.47187211910967,-6.83211681191899,5.03800167406586));
#3660=CARTESIAN_POINT('Ctrl Pts',(5.47471593693174,-6.83900495112399,5.04292351238353));
#3661=CARTESIAN_POINT('Ctrl Pts',(5.4773760459501,-6.84540584445729,5.04845419576461));
#3662=CARTESIAN_POINT('Ctrl Pts',(5.479814531758,-6.85127350706217,5.05471988604977));
#3663=CARTESIAN_POINT('Ctrl Pts',(5.48110361426624,-6.85437539152003,5.05803218408428));
#3664=CARTESIAN_POINT('Ctrl Pts',(5.48233137066861,-6.85732886777206,5.0615497196061));
#3665=CARTESIAN_POINT('Ctrl Pts',(5.48349605521009,-6.86013099778069,5.06528884360924));
#3666=CARTESIAN_POINT('Ctrl Pts',(5.48556657496127,-6.86511248875237,5.07193607710886));
#3667=CARTESIAN_POINT('Ctrl Pts',(5.48741787329994,-6.86957464984745,5.07923057376618));
#3668=CARTESIAN_POINT('Ctrl Pts',(5.48906463622806,-6.87354771911122,5.08720688444193));
#3669=CARTESIAN_POINT('Ctrl Pts',(5.49045440519725,-6.87690075085671,5.09393841141318));
#3670=CARTESIAN_POINT('Ctrl Pts',(5.49169894911266,-6.87990588662451,5.10115517164715));
#3671=CARTESIAN_POINT('Ctrl Pts',(5.49281526377927,-6.88258947029152,5.1088512647232));
#3672=CARTESIAN_POINT('Ctrl Pts',(5.49339955363821,-6.88399408385538,5.11287947403755));
#3673=CARTESIAN_POINT('Ctrl Pts',(5.49394879032106,-6.88531068196847,5.11703871553285));
#3674=CARTESIAN_POINT('Ctrl Pts',(5.49446152669969,-6.88653915794212,5.12134741124666));
#3675=CARTESIAN_POINT('Ctrl Pts',(5.4953557956406,-6.88868175588069,5.12886225301188));
#3676=CARTESIAN_POINT('Ctrl Pts',(5.49612008348098,-6.89051851999832,5.1366946550286));
#3677=CARTESIAN_POINT('Ctrl Pts',(5.496768186965,-6.89208224752219,5.14486876663576));
#3678=CARTESIAN_POINT('Ctrl Pts',(5.49745602639878,-6.8937418489302,5.15354404217156));
#3679=CARTESIAN_POINT('Ctrl Pts',(5.49801302512736,-6.89509393420732,5.16260412061652));
#3680=CARTESIAN_POINT('Ctrl Pts',(5.49845768378239,-6.89617971794139,5.17201793333721));
#3681=CARTESIAN_POINT('Ctrl Pts',(5.49892204613597,-6.89731361488576,5.18184889059307));
#3682=CARTESIAN_POINT('Ctrl Pts',(5.49926394078119,-6.89815713567084,5.19206518668858));
#3683=CARTESIAN_POINT('Ctrl Pts',(5.49950595690564,-6.89875873871675,5.20257235068326));
#3684=CARTESIAN_POINT('Ctrl Pts',(5.49976977021981,-6.89941452515958,5.21402584272772));
#3685=CARTESIAN_POINT('Ctrl Pts',(5.49991497929377,-6.8997829304297,5.22582458798503));
#3686=CARTESIAN_POINT('Ctrl Pts',(5.49997163031183,-6.89992750811431,5.23778331031484));
#3687=CARTESIAN_POINT('Ctrl Pts',(5.4999908497816,-6.89997655765542,5.24184043603357));
#3688=CARTESIAN_POINT('Ctrl Pts',(5.49999987706542,-6.89999984577298,5.24591550785815));
#3689=CARTESIAN_POINT('Ctrl Pts',(5.49999987706542,-6.89999984577298,5.25));
#3690=CARTESIAN_POINT('Ctrl Pts',(4.64999989047647,-7.39644644176866,5.));
#3691=CARTESIAN_POINT('Ctrl Pts',(4.65108581253728,-7.39689624541393,5.));
#3692=CARTESIAN_POINT('Ctrl Pts',(4.65217186998614,-7.39734613870463,5.00000176438987));
#3693=CARTESIAN_POINT('Ctrl Pts',(4.6532578790813,-7.3977960323517,5.00000535076244));
#3694=CARTESIAN_POINT('Ctrl Pts',(4.66422799751924,-7.40234054916546,5.00004157783647));
#3695=CARTESIAN_POINT('Ctrl Pts',(4.67492242913983,-7.40677811768005,5.00026325406968));
#3696=CARTESIAN_POINT('Ctrl Pts',(4.68528959672134,-7.41107101567567,5.00070083403668));
#3697=CARTESIAN_POINT('Ctrl Pts',(4.69492774071586,-7.41506203527772,5.00110764319625));
#3698=CARTESIAN_POINT('Ctrl Pts',(4.70428287920328,-7.4189278657044,5.00170110659327));
#3699=CARTESIAN_POINT('Ctrl Pts',(4.71334458302761,-7.42266921065247,5.00250095055283));
#3700=CARTESIAN_POINT('Ctrl Pts',(4.72010833137886,-7.42546178876079,5.0030979622592));
#3701=CARTESIAN_POINT('Ctrl Pts',(4.7267091668823,-7.42818558037932,5.00380986966673));
#3702=CARTESIAN_POINT('Ctrl Pts',(4.7331561891663,-7.43085431469089,5.00464270160186));
#3703=CARTESIAN_POINT('Ctrl Pts',(4.74293406551731,-7.43490185058618,5.00590581615679));
#3704=CARTESIAN_POINT('Ctrl Pts',(4.75235893077598,-7.43882353642759,5.00744606507163));
#3705=CARTESIAN_POINT('Ctrl Pts',(4.76137684335648,-7.44258158147647,5.00932627188142));
#3706=CARTESIAN_POINT('Ctrl Pts',(4.77107064361374,-7.4466212899718,5.01134739917598));
#3707=CARTESIAN_POINT('Ctrl Pts',(4.780086008369,-7.45037790979763,5.01371885780217));
#3708=CARTESIAN_POINT('Ctrl Pts',(4.78845521296097,-7.45385188211547,5.0164657419937));
#3709=CARTESIAN_POINT('Ctrl Pts',(4.79742789209356,-7.45757635062153,5.01941069455091));
#3710=CARTESIAN_POINT('Ctrl Pts',(4.80565809482576,-7.46097616870722,5.02278749569714));
#3711=CARTESIAN_POINT('Ctrl Pts',(4.81322762086654,-7.46409390705893,5.02661145704747));
#3712=CARTESIAN_POINT('Ctrl Pts',(4.81674948209839,-7.46554449217784,5.02839062540746));
#3713=CARTESIAN_POINT('Ctrl Pts',(4.82012886948123,-7.46693456010271,5.03026634896743));
#3714=CARTESIAN_POINT('Ctrl Pts',(4.82337647297584,-7.46827084969321,5.03223883058631));
#3715=CARTESIAN_POINT('Ctrl Pts',(4.8263736646914,-7.46950410248927,5.03405922078389));
#3716=CARTESIAN_POINT('Ctrl Pts',(4.82928623295304,-7.47070343109334,5.03597908545174));
#3717=CARTESIAN_POINT('Ctrl Pts',(4.83211685661756,-7.47187207441109,5.03800167406586));
#3718=CARTESIAN_POINT('Ctrl Pts',(4.83900499732523,-7.47471589279311,5.04292351342668));
#3719=CARTESIAN_POINT('Ctrl Pts',(4.84540589132906,-7.47737600208565,5.04845419769337));
#3720=CARTESIAN_POINT('Ctrl Pts',(4.85127355409855,-7.47981448798129,5.05471988850869));
#3721=CARTESIAN_POINT('Ctrl Pts',(4.85437539946401,-7.48110355425373,5.05803214498634));
#3722=CARTESIAN_POINT('Ctrl Pts',(4.85732884023621,-7.4823312959223,5.06154963366056));
#3723=CARTESIAN_POINT('Ctrl Pts',(4.86013093851816,-7.4834959672939,5.0652887048786));
#3724=CARTESIAN_POINT('Ctrl Pts',(4.86511243703341,-7.48556649021088,5.0719359298675));
#3725=CARTESIAN_POINT('Ctrl Pts',(4.8695746054029,-7.48741779162761,5.07923041765461));
#3726=CARTESIAN_POINT('Ctrl Pts',(4.87354768158317,-7.48906455743725,5.08720671934909));
#3727=CARTESIAN_POINT('Ctrl Pts',(4.8769007464519,-7.49045434014787,5.09393829352));
#3728=CARTESIAN_POINT('Ctrl Pts',(4.87990590941846,-7.49169889529377,5.10115510881104));
#3729=CARTESIAN_POINT('Ctrl Pts',(4.88258951499545,-7.49281521907535,5.1088512647232));
#3730=CARTESIAN_POINT('Ctrl Pts',(4.88399412750248,-7.49339950849513,5.11287947100768));
#3731=CARTESIAN_POINT('Ctrl Pts',(4.88531072468318,-7.49394874478809,5.11703870925222));
#3732=CARTESIAN_POINT('Ctrl Pts',(4.88653919985131,-7.49446148082994,5.12134740144608));
#3733=CARTESIAN_POINT('Ctrl Pts',(4.88868179798716,-7.49535574985217,5.12886224269158));
#3734=CARTESIAN_POINT('Ctrl Pts',(4.89051856230474,-7.49612003777712,5.13669464413743));
#3735=CARTESIAN_POINT('Ctrl Pts',(4.89208229002877,-7.49676814134648,5.14486875513516));
#3736=CARTESIAN_POINT('Ctrl Pts',(4.89374189163996,-7.497455980867,5.15354402997577));
#3737=CARTESIAN_POINT('Ctrl Pts',(4.89509397712392,-7.49801297968464,5.16260410767789));
#3738=CARTESIAN_POINT('Ctrl Pts',(4.89617976106559,-7.4984576384285,5.17201791962227));
#3739=CARTESIAN_POINT('Ctrl Pts',(4.89731365822054,-7.4989220008723,5.1818488760136));
#3740=CARTESIAN_POINT('Ctrl Pts',(4.8981571792202,-7.49926389560881,5.19206517120395));
#3741=CARTESIAN_POINT('Ctrl Pts',(4.89875878248134,-7.49950591182311,5.20257233426849));
#3742=CARTESIAN_POINT('Ctrl Pts',(4.89941456916218,-7.4997697252366,5.21402582535834));
#3743=CARTESIAN_POINT('Ctrl Pts',(4.89978297466809,-7.49991493440694,5.22582456963516));
#3744=CARTESIAN_POINT('Ctrl Pts',(4.89992755258399,-7.49997158551667,5.23778329097222));
#3745=CARTESIAN_POINT('Ctrl Pts',(4.89997660228506,-7.49999080504948,5.24184042309436));
#3746=CARTESIAN_POINT('Ctrl Pts',(4.89999989047647,-7.49999983236194,5.24591550138067));
#3747=CARTESIAN_POINT('Ctrl Pts',(4.89999989047647,-7.49999983236194,5.25));
#3748=CARTESIAN_POINT('Ctrl Pts',(5.39644648647215,-6.89999984577298,5.25));
#3749=CARTESIAN_POINT('Ctrl Pts',(6.36429759580828,-6.89999984577298,5.25));
#3750=CARTESIAN_POINT('Ctrl Pts',(7.33214870514441,-6.89999984577298,5.25));
#3751=CARTESIAN_POINT('Ctrl Pts',(8.29999981448054,-6.89999984577298,5.25));
#3752=CARTESIAN_POINT('Ctrl Pts',(5.39644648647215,-6.89999984577298,5.18265649702985));
#3753=CARTESIAN_POINT('Ctrl Pts',(6.36429759580828,-6.89999984577298,5.18265649702985));
#3754=CARTESIAN_POINT('Ctrl Pts',(7.33214870514441,-6.89999984577298,5.18265649702985));
#3755=CARTESIAN_POINT('Ctrl Pts',(8.29999981448054,-6.89999984577298,5.18265649702985));
#3756=CARTESIAN_POINT('Ctrl Pts',(5.39644648647214,-6.88758229233032,5.09905580588987));
#3757=CARTESIAN_POINT('Ctrl Pts',(6.36429759580828,-6.88758229233032,5.09905580588987));
#3758=CARTESIAN_POINT('Ctrl Pts',(7.33214870514441,-6.88758229233032,5.09905580588987));
#3759=CARTESIAN_POINT('Ctrl Pts',(8.29999981448054,-6.88758229233032,5.09905580588987));
#3760=CARTESIAN_POINT('Ctrl Pts',(5.39644648647215,-6.83913859600661,5.03230966003075));
#3761=CARTESIAN_POINT('Ctrl Pts',(6.36429759580828,-6.83913859600661,5.03230966003075));
#3762=CARTESIAN_POINT('Ctrl Pts',(7.33214870514441,-6.83913859600661,5.03230966003075));
#3763=CARTESIAN_POINT('Ctrl Pts',(8.29999981448054,-6.83913859600661,5.03230966003075));
#3764=CARTESIAN_POINT('Ctrl Pts',(5.39644648647214,-6.76363957209764,5.0050792689838));
#3765=CARTESIAN_POINT('Ctrl Pts',(6.36429759580828,-6.76363957209764,5.0050792689838));
#3766=CARTESIAN_POINT('Ctrl Pts',(7.33214870514441,-6.76363957209764,5.0050792689838));
#3767=CARTESIAN_POINT('Ctrl Pts',(8.29999981448054,-6.76363957209764,5.0050792689838));
#3768=CARTESIAN_POINT('Ctrl Pts',(5.39644648647215,-6.68367159725806,5.));
#3769=CARTESIAN_POINT('Ctrl Pts',(6.36429759580828,-6.68367159725806,5.));
#3770=CARTESIAN_POINT('Ctrl Pts',(7.33214870514441,-6.68367159725806,5.));
#3771=CARTESIAN_POINT('Ctrl Pts',(8.29999981448054,-6.68367159725806,5.));
#3772=CARTESIAN_POINT('Ctrl Pts',(5.39644648647215,-6.64999984577298,5.));
#3773=CARTESIAN_POINT('Ctrl Pts',(6.36429759580828,-6.64999984577298,5.));
#3774=CARTESIAN_POINT('Ctrl Pts',(7.33214870514441,-6.64999984577298,5.));
#3775=CARTESIAN_POINT('Ctrl Pts',(8.29999981448054,-6.64999984577298,5.));
#3776=CARTESIAN_POINT('',(8.19054200653912,-6.64999984577299,5.));
#3777=CARTESIAN_POINT('Ctrl Pts',(5.39644648647215,-6.64999984577298,5.));
#3778=CARTESIAN_POINT('Ctrl Pts',(6.3278116598278,-6.64999984577298,5.));
#3779=CARTESIAN_POINT('Ctrl Pts',(7.25917683318346,-6.64999984577298,5.));
#3780=CARTESIAN_POINT('Ctrl Pts',(8.19054200653911,-6.64999984577298,5.));
#3781=CARTESIAN_POINT('Ctrl Pts',(8.19054200653912,-6.64999984577298,5.));
#3782=CARTESIAN_POINT('Ctrl Pts',(8.19101733234018,-6.65108548280976,5.));
#3783=CARTESIAN_POINT('Ctrl Pts',(8.19149269232294,-6.65217127970508,5.00000176004214));
#3784=CARTESIAN_POINT('Ctrl Pts',(8.19196801594529,-6.653257043541,5.00000533768401));
#3785=CARTESIAN_POINT('Ctrl Pts',(8.19677028416287,-6.66422668383642,5.00004148315433));
#3786=CARTESIAN_POINT('Ctrl Pts',(8.20144669062887,-6.67492649887202,5.00026269525824));
#3787=CARTESIAN_POINT('Ctrl Pts',(8.20598682082573,-6.68529310843616,5.00069958851373));
#3788=CARTESIAN_POINT('Ctrl Pts',(8.21020718881528,-6.69492959577631,5.00110571129664));
#3789=CARTESIAN_POINT('Ctrl Pts',(8.21430980047494,-6.70427794797836,5.00169825190872));
#3790=CARTESIAN_POINT('Ctrl Pts',(8.2182862904339,-6.71333111287746,5.00249713094353));
#3791=CARTESIAN_POINT('Ctrl Pts',(8.22125486984745,-6.72008959566612,5.00309352019162));
#3792=CARTESIAN_POINT('Ctrl Pts',(8.22415316025837,-6.72668436998363,5.0038048208027));
#3793=CARTESIAN_POINT('Ctrl Pts',(8.2269776812476,-6.73313151820731,5.00463717550524));
#3794=CARTESIAN_POINT('Ctrl Pts',(8.23127710622104,-6.74294522827925,5.00590416789387));
#3795=CARTESIAN_POINT('Ctrl Pts',(8.23540560543602,-6.75241799799471,5.00745062071516));
#3796=CARTESIAN_POINT('Ctrl Pts',(8.2393509037019,-6.7614841551244,5.00934010530166));
#3797=CARTESIAN_POINT('Ctrl Pts',(8.243576567226,-6.77119458179048,5.01136386258398));
#3798=CARTESIAN_POINT('Ctrl Pts',(8.2475065760444,-6.78022446665224,5.01373849921502));
#3799=CARTESIAN_POINT('Ctrl Pts',(8.25116476601068,-6.78859725738296,5.01648901120353));
#3800=CARTESIAN_POINT('Ctrl Pts',(8.25508781507375,-6.79757625222311,5.01943866487898));
#3801=CARTESIAN_POINT('Ctrl Pts',(8.25869826012669,-6.80579988103708,5.02282092242961));
#3802=CARTESIAN_POINT('Ctrl Pts',(8.26202549817981,-6.81335655721958,5.02665095330962));
#3803=CARTESIAN_POINT('Ctrl Pts',(8.26359169596128,-6.81691363647972,5.02845382577365));
#3804=CARTESIAN_POINT('Ctrl Pts',(8.26509514147233,-6.82032372147941,5.03035566643434));
#3805=CARTESIAN_POINT('Ctrl Pts',(8.26653890084855,-6.8235996367962,5.0323566620815));
#3806=CARTESIAN_POINT('Ctrl Pts',(8.26782374246004,-6.82651496492088,5.03413740374402));
#3807=CARTESIAN_POINT('Ctrl Pts',(8.26907284390473,-6.82935142852489,5.0360134581407));
#3808=CARTESIAN_POINT('Ctrl Pts',(8.27028574429714,-6.8321127406121,5.03798793946455));
#3809=CARTESIAN_POINT('Ctrl Pts',(8.27330345539394,-6.8389829190533,5.04290047328729));
#3810=CARTESIAN_POINT('Ctrl Pts',(8.27609707454829,-6.84538499458102,5.04842278502207));
#3811=CARTESIAN_POINT('Ctrl Pts',(8.27865950352191,-6.85125712300779,5.05468290973476));
#3812=CARTESIAN_POINT('Ctrl Pts',(8.2800335026225,-6.85440581483885,5.05803964891206));
#3813=CARTESIAN_POINT('Ctrl Pts',(8.28134102974409,-6.8574030173417,5.06160837341085));
#3814=CARTESIAN_POINT('Ctrl Pts',(8.28258099054128,-6.86024495275711,5.06540652304094));
#3815=CARTESIAN_POINT('Ctrl Pts',(8.28475231593,-6.86522153470594,5.07205755486439));
#3816=CARTESIAN_POINT('Ctrl Pts',(8.28669966769561,-6.86967654900253,5.07935567661471));
#3817=CARTESIAN_POINT('Ctrl Pts',(8.28843465433079,-6.87364179585634,5.08733536105972));
#3818=CARTESIAN_POINT('Ctrl Pts',(8.28988898177036,-6.87696560664959,5.09402421606998));
#3819=CARTESIAN_POINT('Ctrl Pts',(8.29119409322915,-6.87994592566786,5.1011915586041));
#3820=CARTESIAN_POINT('Ctrl Pts',(8.29235682584012,-6.8826127313037,5.10883162103168));
#3821=CARTESIAN_POINT('Ctrl Pts',(8.29296996151548,-6.88401899931335,5.11286040184693));
#3822=CARTESIAN_POINT('Ctrl Pts',(8.29354350596577,-6.88533819377833,5.11702035456299));
#3823=CARTESIAN_POINT('Ctrl Pts',(8.29407846173679,-6.88656923152011,5.12132982913218));
#3824=CARTESIAN_POINT('Ctrl Pts',(8.29501215624833,-6.88871784500421,5.12885144675156));
#3825=CARTESIAN_POINT('Ctrl Pts',(8.29581426806374,-6.89055788162662,5.13669173002468));
#3826=CARTESIAN_POINT('Ctrl Pts',(8.29649900337451,-6.89212235735688,5.14487475508976));
#3827=CARTESIAN_POINT('Ctrl Pts',(8.29722563916246,-6.89378256683795,5.1535585176654));
#3828=CARTESIAN_POINT('Ctrl Pts',(8.29782009387186,-6.89513249763445,5.16262815914244));
#3829=CARTESIAN_POINT('Ctrl Pts',(8.2982993444595,-6.89621443057208,5.17205253699449));
#3830=CARTESIAN_POINT('Ctrl Pts',(8.29879979553962,-6.8973442247157,5.18189381877282));
#3831=CARTESIAN_POINT('Ctrl Pts',(8.29917462454228,-6.89818185493128,5.19212147724368));
#3832=CARTESIAN_POINT('Ctrl Pts',(8.29944316257668,-6.89877759970443,5.20264099030651));
#3833=CARTESIAN_POINT('Ctrl Pts',(8.29973581220923,-6.89942683544248,5.21410503352618));
#3834=CARTESIAN_POINT('Ctrl Pts',(8.29990222657034,-6.89978890527565,5.22591532627649));
#3835=CARTESIAN_POINT('Ctrl Pts',(8.29996742542961,-6.8999299841467,5.23788667885505));
#3836=CARTESIAN_POINT('Ctrl Pts',(8.29998933459058,-6.89997739171993,5.24190948375698));
#3837=CARTESIAN_POINT('Ctrl Pts',(8.29999981448054,-6.89999984577298,5.2459500169773));
#3838=CARTESIAN_POINT('Ctrl Pts',(8.29999981448054,-6.89999984577298,5.25));
#3839=CARTESIAN_POINT('Ctrl Pts',(8.29999981448054,-6.89999984577298,5.25));
#3840=CARTESIAN_POINT('Ctrl Pts',(8.49999981001019,-6.68333318394919,5.25));
#3841=CARTESIAN_POINT('Ctrl Pts',(8.69999980553985,-6.4666665221254,5.25));
#3842=CARTESIAN_POINT('Ctrl Pts',(8.8999998010695,-6.24999986030161,5.25));
#3843=CARTESIAN_POINT('Ctrl Pts',(8.29999981448054,-6.89999984577298,5.18265649702985));
#3844=CARTESIAN_POINT('Ctrl Pts',(8.49999981001019,-6.68333318394919,5.18265649702985));
#3845=CARTESIAN_POINT('Ctrl Pts',(8.69999980553985,-6.4666665221254,5.18265649702985));
#3846=CARTESIAN_POINT('Ctrl Pts',(8.8999998010695,-6.24999986030161,5.18265649702985));
#3847=CARTESIAN_POINT('Ctrl Pts',(8.29087535343703,-6.8915772663482,5.09905580588987));
#3848=CARTESIAN_POINT('Ctrl Pts',(8.49087534896668,-6.67491060452441,5.09905580588987));
#3849=CARTESIAN_POINT('Ctrl Pts',(8.69087534449633,-6.45824394270062,5.09905580588987));
#3850=CARTESIAN_POINT('Ctrl Pts',(8.89087534002598,-6.24157728087683,5.09905580588987));
#3851=CARTESIAN_POINT('Ctrl Pts',(8.25527875850788,-6.85871887102899,5.03230966003075));
#3852=CARTESIAN_POINT('Ctrl Pts',(8.45527875403753,-6.6420522092052,5.03230966003075));
#3853=CARTESIAN_POINT('Ctrl Pts',(8.65527874956718,-6.42538554738141,5.03230966003075));
#3854=CARTESIAN_POINT('Ctrl Pts',(8.85527874509684,-6.20871888555762,5.03230966003075));
#3855=CARTESIAN_POINT('Ctrl Pts',(8.19980181567356,-6.80750938533576,5.0050792689838));
#3856=CARTESIAN_POINT('Ctrl Pts',(8.39980181120321,-6.59084272351197,5.0050792689838));
#3857=CARTESIAN_POINT('Ctrl Pts',(8.59980180673286,-6.37417606168819,5.0050792689838));
#3858=CARTESIAN_POINT('Ctrl Pts',(8.79980180226251,-6.1575093998644,5.0050792689838));
#3859=CARTESIAN_POINT('Ctrl Pts',(8.14104107230154,-6.75326869914621,5.));
#3860=CARTESIAN_POINT('Ctrl Pts',(8.3410410678312,-6.53660203732243,5.));
#3861=CARTESIAN_POINT('Ctrl Pts',(8.54104106336085,-6.31993537549864,5.));
#3862=CARTESIAN_POINT('Ctrl Pts',(8.7410410588905,-6.10326871367485,5.));
#3863=CARTESIAN_POINT('Ctrl Pts',(8.11629895332367,-6.73042982008972,5.));
#3864=CARTESIAN_POINT('Ctrl Pts',(8.31629894885332,-6.51376315826593,5.));
#3865=CARTESIAN_POINT('Ctrl Pts',(8.51629894438297,-6.29709649644214,5.));
#3866=CARTESIAN_POINT('Ctrl Pts',(8.71629893991263,-6.08042983461835,5.));
#3867=CARTESIAN_POINT('Ctrl Pts',(8.19054200653912,-6.64999984577299,5.));
#3868=CARTESIAN_POINT('Ctrl Pts',(8.34369460471591,-6.48408453108146,5.));
#3869=CARTESIAN_POINT('Ctrl Pts',(8.49684720289271,-6.31816921638993,5.));
#3870=CARTESIAN_POINT('Ctrl Pts',(8.6499998010695,-6.1522539016984,5.));
#3871=CARTESIAN_POINT('Ctrl Pts',(8.8999998010695,11.1999997496605,5.25));
#3872=CARTESIAN_POINT('Ctrl Pts',(8.63333332895612,11.4500000223052,5.25));
#3873=CARTESIAN_POINT('Ctrl Pts',(8.36666685684274,11.7000002949499,5.25));
#3874=CARTESIAN_POINT('Ctrl Pts',(8.10000038472936,11.9500005675945,5.25));
#3875=CARTESIAN_POINT('Ctrl Pts',(8.8999998010695,11.1999997496605,5.18265649702985));
#3876=CARTESIAN_POINT('Ctrl Pts',(8.63333332895612,11.4500000223052,5.18265649702985));
#3877=CARTESIAN_POINT('Ctrl Pts',(8.36666685684274,11.7000002949499,5.18265649702985));
#3878=CARTESIAN_POINT('Ctrl Pts',(8.10000038472936,11.9500005675945,5.18265649702985));
#3879=CARTESIAN_POINT('Ctrl Pts',(8.89151319136206,11.1909473824493,5.09901304580161));
#3880=CARTESIAN_POINT('Ctrl Pts',(8.62484671924868,11.440947655094,5.09901304580161));
#3881=CARTESIAN_POINT('Ctrl Pts',(8.3581802471353,11.6909479277386,5.09901304580161));
#3882=CARTESIAN_POINT('Ctrl Pts',(8.09151377502192,11.9409482003833,5.09901304580161));
#3883=CARTESIAN_POINT('Ctrl Pts',(8.8583762421342,11.1556013676081,5.03229410768872));
#3884=CARTESIAN_POINT('Ctrl Pts',(8.59170977002082,11.4056016402528,5.03229410768872));
#3885=CARTESIAN_POINT('Ctrl Pts',(8.32504329790744,11.6556019128975,5.03229410768872));
#3886=CARTESIAN_POINT('Ctrl Pts',(8.05837682579406,11.9056021855422,5.03229410768872));
#3887=CARTESIAN_POINT('Ctrl Pts',(8.80673955079307,11.1005223304299,5.00506497702746));
#3888=CARTESIAN_POINT('Ctrl Pts',(8.54007307867969,11.3505226030746,5.00506497702746));
#3889=CARTESIAN_POINT('Ctrl Pts',(8.27340660656631,11.6005228757193,5.00506497702746));
#3890=CARTESIAN_POINT('Ctrl Pts',(8.00674013445293,11.850523148364,5.00506497702746));
#3891=CARTESIAN_POINT('Ctrl Pts',(8.75204387124209,11.0421803784336,5.));
#3892=CARTESIAN_POINT('Ctrl Pts',(8.48537739912871,11.2921806510783,5.));
#3893=CARTESIAN_POINT('Ctrl Pts',(8.21871092701533,11.542180923723,5.));
#3894=CARTESIAN_POINT('Ctrl Pts',(7.95204445490195,11.7921811963677,5.));
#3895=CARTESIAN_POINT('Ctrl Pts',(8.72901435321062,11.0176156039117,5.));
#3896=CARTESIAN_POINT('Ctrl Pts',(8.46234788109724,11.2676158765564,5.));
#3897=CARTESIAN_POINT('Ctrl Pts',(8.19568140898386,11.5176161492011,5.));
#3898=CARTESIAN_POINT('Ctrl Pts',(7.92901493687047,11.7676164218458,5.));
#3899=CARTESIAN_POINT('',(8.0011384384758,11.7000005160196,5.));
#3900=CARTESIAN_POINT('Ctrl Pts',(8.6499998010695,11.0916918813741,5.));
#3901=CARTESIAN_POINT('Ctrl Pts',(8.43371268020494,11.2944614262559,5.));
#3902=CARTESIAN_POINT('Ctrl Pts',(8.21742555934037,11.4972309711378,5.));
#3903=CARTESIAN_POINT('Ctrl Pts',(8.0011384384758,11.7000005160196,5.));
#3904=CARTESIAN_POINT('Ctrl Pts',(8.0011384384758,11.7000005160196,5.));
#3905=CARTESIAN_POINT('Ctrl Pts',(8.00156794771465,11.7010866501282,5.));
#3906=CARTESIAN_POINT('Ctrl Pts',(8.00199754460472,11.7021729228871,5.00000175669543));
#3907=CARTESIAN_POINT('Ctrl Pts',(8.00242714356273,11.703259149727,5.00000532773595));
#3908=CARTESIAN_POINT('Ctrl Pts',(8.00676809521721,11.7142351032521,5.00004141188829));
#3909=CARTESIAN_POINT('Ctrl Pts',(8.0110069202557,11.724935152303,5.00026227423505));
#3910=CARTESIAN_POINT('Ctrl Pts',(8.01510725140964,11.7353068713534,5.00069862540916));
#3911=CARTESIAN_POINT('Ctrl Pts',(8.01891950035026,11.7449498912651,5.00110431930041));
#3912=CARTESIAN_POINT('Ctrl Pts',(8.02261188742654,11.7543089415724,5.00169633342));
#3913=CARTESIAN_POINT('Ctrl Pts',(8.02618520304761,11.7633739080333,5.00249477369745));
#3914=CARTESIAN_POINT('Ctrl Pts',(8.02884750541003,11.7701277703236,5.00308965242139));
#3915=CARTESIAN_POINT('Ctrl Pts',(8.03144426252141,11.7767189745729,5.00379903658235));
#3916=CARTESIAN_POINT('Ctrl Pts',(8.03398872285173,11.7831571207347,5.00462915150378));
#3917=CARTESIAN_POINT('Ctrl Pts',(8.03784138626874,11.7929053608213,5.00588605983582));
#3918=CARTESIAN_POINT('Ctrl Pts',(8.04157491677532,11.8023035121967,5.00741876923486));
#3919=CARTESIAN_POINT('Ctrl Pts',(8.04515326046048,11.8112973863139,5.00928937217988));
#3920=CARTESIAN_POINT('Ctrl Pts',(8.04901039840801,11.820991987002,5.01130571667857));
#3921=CARTESIAN_POINT('Ctrl Pts',(8.05259748331397,11.8300085955129,5.01367233447071));
#3922=CARTESIAN_POINT('Ctrl Pts',(8.05591457115291,11.8383786354633,5.01641405012365));
#3923=CARTESIAN_POINT('Ctrl Pts',(8.05947028321329,11.8473507982286,5.01935299895064));
#3924=CARTESIAN_POINT('Ctrl Pts',(8.06271597573647,11.8555802564049,5.02272328133679));
#3925=CARTESIAN_POINT('Ctrl Pts',(8.06569233326233,11.8631490380313,5.02653983621848));
#3926=CARTESIAN_POINT('Ctrl Pts',(8.06706571874701,11.8666415132236,5.02830091533294));
#3927=CARTESIAN_POINT('Ctrl Pts',(8.06838227826856,11.8699938730513,5.03015677343944));
#3928=CARTESIAN_POINT('Ctrl Pts',(8.06964831532538,11.8732166366649,5.03210757623034));
#3929=CARTESIAN_POINT('Ctrl Pts',(8.07084879729648,11.8762725263756,5.03395736693514));
#3930=CARTESIAN_POINT('Ctrl Pts',(8.07201536016607,11.8792399302486,5.03590977534973));
#3931=CARTESIAN_POINT('Ctrl Pts',(8.07315139205001,11.8821219599958,5.03796810457528));
#3932=CARTESIAN_POINT('Ctrl Pts',(8.07587150280265,11.8890226818996,5.04289656084315));
#3933=CARTESIAN_POINT('Ctrl Pts',(8.07841467233792,11.8954319126242,5.04843285039472));
#3934=CARTESIAN_POINT('Ctrl Pts',(8.0807448357485,11.9013042881208,5.05470313516948));
#3935=CARTESIAN_POINT('Ctrl Pts',(8.08196112444401,11.904369525477,5.05797607150286));
#3936=CARTESIAN_POINT('Ctrl Pts',(8.08311995520223,11.9072891079036,5.06144881502721));
#3937=CARTESIAN_POINT('Ctrl Pts',(8.0842197590882,11.9100603813045,5.06513706199658));
#3938=CARTESIAN_POINT('Ctrl Pts',(8.08619828990686,11.9150458608983,5.07177216338945));
#3939=CARTESIAN_POINT('Ctrl Pts',(8.08796752345651,11.9195120791468,5.07905439258018));
#3940=CARTESIAN_POINT('Ctrl Pts',(8.08954128486806,11.9234891068237,5.08701936676086));
#3941=CARTESIAN_POINT('Ctrl Pts',(8.09087902102982,11.9268696788092,5.09378979200496));
#3942=CARTESIAN_POINT('Ctrl Pts',(8.09207595608518,11.9298972548066,5.10105318339288));
#3943=CARTESIAN_POINT('Ctrl Pts',(8.09314868804212,11.9325989509959,5.10880408558985));
#3944=CARTESIAN_POINT('Ctrl Pts',(8.0937063740475,11.9340034939909,5.11283358210696));
#3945=CARTESIAN_POINT('Ctrl Pts',(8.09423056782411,11.9353200427633,5.11699454216795));
#3946=CARTESIAN_POINT('Ctrl Pts',(8.09471987723119,11.9365484347642,5.12130525939754));
#3947=CARTESIAN_POINT('Ctrl Pts',(8.09557407942058,11.938692875728,5.12883060847537));
#3948=CARTESIAN_POINT('Ctrl Pts',(8.09630374375882,11.9405305387858,5.13667459847921));
#3949=CARTESIAN_POINT('Ctrl Pts',(8.09692220736206,11.9420944823737,5.14486059817001));
#3950=CARTESIAN_POINT('Ctrl Pts',(8.09757872310924,11.9437546505513,5.15355025698787));
#3951=CARTESIAN_POINT('Ctrl Pts',(8.09810996002814,11.9451064091649,5.1626252127587));
#3952=CARTESIAN_POINT('Ctrl Pts',(8.09853377883058,11.9461913361291,5.1720534547686));
#3953=CARTESIAN_POINT('Ctrl Pts',(8.09897646494221,11.9473245612159,5.18190141755595));
#3954=CARTESIAN_POINT('Ctrl Pts',(8.09930200372521,11.9481667193395,5.19213437991075));
#3955=CARTESIAN_POINT('Ctrl Pts',(8.09953217803976,11.948766716415,5.20265675335862));
#3956=CARTESIAN_POINT('Ctrl Pts',(8.09978318498563,11.9494210180635,5.21413148644344));
#3957=CARTESIAN_POINT('Ctrl Pts',(8.09992085773724,11.9497874188067,5.22595001764393));
#3958=CARTESIAN_POINT('Ctrl Pts',(8.09997415215475,11.9499300959163,5.23792544066111));
#3959=CARTESIAN_POINT('Ctrl Pts',(8.09999199999382,11.9499778772452,5.24193590616275));
#3960=CARTESIAN_POINT('Ctrl Pts',(8.10000038472936,11.9500005675945,5.2459635115511));
#3961=CARTESIAN_POINT('Ctrl Pts',(8.10000038472936,11.9500005675945,5.25));
#3962=CARTESIAN_POINT('Ctrl Pts',(8.10000038472936,11.9500005675945,5.25));
#3963=CARTESIAN_POINT('Ctrl Pts',(7.53691984032649,11.9500002738433,5.25));
#3964=CARTESIAN_POINT('Ctrl Pts',(6.97383929592361,11.9499999800921,5.25));
#3965=CARTESIAN_POINT('Ctrl Pts',(6.41075875152074,11.9499996863409,5.25));
#3966=CARTESIAN_POINT('Ctrl Pts',(8.10000038472936,11.9500005675945,5.18265649702986));
#3967=CARTESIAN_POINT('Ctrl Pts',(7.53691984032648,11.9500002738433,5.18265649702986));
#3968=CARTESIAN_POINT('Ctrl Pts',(6.97383929592362,11.9499999800921,5.18265649702986));
#3969=CARTESIAN_POINT('Ctrl Pts',(6.41075875152074,11.9499996863409,5.18265649702986));
#3970=CARTESIAN_POINT('Ctrl Pts',(8.10000039120268,11.937592105957,5.09901342640826));
#3971=CARTESIAN_POINT('Ctrl Pts',(7.53691984679981,11.9375918122058,5.09901342640826));
#3972=CARTESIAN_POINT('Ctrl Pts',(6.97383930239693,11.9375915184545,5.09901342640826));
#3973=CARTESIAN_POINT('Ctrl Pts',(6.41075875799406,11.9375912247033,5.09901342640826));
#3974=CARTESIAN_POINT('Ctrl Pts',(8.10000041647831,11.889142205144,5.03229425055832));
#3975=CARTESIAN_POINT('Ctrl Pts',(7.53691987207544,11.8891419113928,5.03229425055832));
#3976=CARTESIAN_POINT('Ctrl Pts',(6.97383932767257,11.8891416176416,5.03229425055832));
#3977=CARTESIAN_POINT('Ctrl Pts',(6.4107587832697,11.8891413238903,5.03229425055832));
#3978=CARTESIAN_POINT('Ctrl Pts',(8.10000045586491,11.8136435389008,5.00506510685668));
#3979=CARTESIAN_POINT('Ctrl Pts',(7.53691991146204,11.8136432451496,5.00506510685668));
#3980=CARTESIAN_POINT('Ctrl Pts',(6.97383936705917,11.8136429513984,5.00506510685668));
#3981=CARTESIAN_POINT('Ctrl Pts',(6.41075882265629,11.8136426576472,5.00506510685668));
#3982=CARTESIAN_POINT('Ctrl Pts',(8.10000049758477,11.7336723190796,5.));
#3983=CARTESIAN_POINT('Ctrl Pts',(7.5369199531819,11.7336720253284,5.));
#3984=CARTESIAN_POINT('Ctrl Pts',(6.97383940877903,11.7336717315772,5.));
#3985=CARTESIAN_POINT('Ctrl Pts',(6.41075886437616,11.733671437826,5.));
#3986=CARTESIAN_POINT('Ctrl Pts',(8.10000051515085,11.7000005675946,5.));
#3987=CARTESIAN_POINT('Ctrl Pts',(7.53691997074798,11.7000002738433,5.));
#3988=CARTESIAN_POINT('Ctrl Pts',(6.97383942634511,11.6999999800921,5.));
#3989=CARTESIAN_POINT('Ctrl Pts',(6.41075888194224,11.6999996863409,5.));
#3990=CARTESIAN_POINT('',(6.41075888194224,11.6999996863409,5.));
#3991=CARTESIAN_POINT('Ctrl Pts',(8.0011384384758,11.7000005160196,5.));
#3992=CARTESIAN_POINT('Ctrl Pts',(7.47101191963128,11.70000023946,5.));
#3993=CARTESIAN_POINT('Ctrl Pts',(6.94088540078676,11.6999999629005,5.));
#3994=CARTESIAN_POINT('Ctrl Pts',(6.41075888194224,11.6999996863409,5.));
#3995=CARTESIAN_POINT('Ctrl Pts',(6.41075888194224,11.6999996863409,5.));
#3996=CARTESIAN_POINT('Ctrl Pts',(6.4111464541927,11.7010854329172,5.));
#3997=CARTESIAN_POINT('Ctrl Pts',(6.4115340542682,11.7021713403706,5.00000175548714));
#3998=CARTESIAN_POINT('Ctrl Pts',(6.41192162464031,11.7032572157295,5.00000532404839));
#3999=CARTESIAN_POINT('Ctrl Pts',(6.41584067083465,11.7142374041009,5.00004140873751));
#4000=CARTESIAN_POINT('Ctrl Pts',(6.4196562661786,11.7249453367469,5.00026240197309));
#4001=CARTESIAN_POINT('Ctrl Pts',(6.42336006104262,11.7353181759427,5.00069895030858));
#4002=CARTESIAN_POINT('Ctrl Pts',(6.42680420456743,11.7449638362078,5.00110489480016));
#4003=CARTESIAN_POINT('Ctrl Pts',(6.43015167351102,11.7543195273606,5.00169727847135));
#4004=CARTESIAN_POINT('Ctrl Pts',(6.43339575402333,11.763378630096,5.00249616094975));
#4005=CARTESIAN_POINT('Ctrl Pts',(6.43581042877938,11.7701216152361,5.00309079519089));
#4006=CARTESIAN_POINT('Ctrl Pts',(6.43816782314303,11.7767010893351,5.00379975390666));
#4007=CARTESIAN_POINT('Ctrl Pts',(6.4404651684249,11.7831331531958,5.00462922450049));
#4008=CARTESIAN_POINT('Ctrl Pts',(6.4439254851257,11.7928212824349,5.00587859305265));
#4009=CARTESIAN_POINT('Ctrl Pts',(6.44724956782134,11.8021761049084,5.00740040156377));
#4010=CARTESIAN_POINT('Ctrl Pts',(6.45042795544444,11.811134682727,5.00925552938068));
#4011=CARTESIAN_POINT('Ctrl Pts',(6.45387343233553,11.8208460762106,5.01126654904887));
#4012=CARTESIAN_POINT('Ctrl Pts',(6.45707839995023,11.8298791518482,5.01362718530806));
#4013=CARTESIAN_POINT('Ctrl Pts',(6.46006216595154,11.8382564294959,5.01636225080115));
#4014=CARTESIAN_POINT('Ctrl Pts',(6.46325932612291,11.8472328366365,5.01929292380191));
#4015=CARTESIAN_POINT('Ctrl Pts',(6.46620251328978,11.8554566117554,5.02265382366123));
#4016=CARTESIAN_POINT('Ctrl Pts',(6.46891548097583,11.8630147536867,5.0264598815642));
#4017=CARTESIAN_POINT('Ctrl Pts',(6.47014580497608,11.8664423519817,5.02818591921973));
#4018=CARTESIAN_POINT('Ctrl Pts',(6.47132878204639,11.8697337951875,5.03000327362023));
#4019=CARTESIAN_POINT('Ctrl Pts',(6.47246662758774,11.8729003811964,5.0319121119445));
#4020=CARTESIAN_POINT('Ctrl Pts',(6.47360428619836,11.8760664469833,5.03382063667564));
#4021=CARTESIAN_POINT('Ctrl Pts',(6.47470681053318,11.8791367136058,5.03583820439309));
#4022=CARTESIAN_POINT('Ctrl Pts',(6.47577396406206,11.882116608028,5.03796828445965));
#4023=CARTESIAN_POINT('Ctrl Pts',(6.47824935220037,11.8890288236621,5.04290925573294));
#4024=CARTESIAN_POINT('Ctrl Pts',(6.48053442326401,11.8954521005878,5.04845626437639));
#4025=CARTESIAN_POINT('Ctrl Pts',(6.48262622518517,11.9013322832647,5.05473323566622));
#4026=CARTESIAN_POINT('Ctrl Pts',(6.48369431394448,11.9043347458575,5.05793830131291));
#4027=CARTESIAN_POINT('Ctrl Pts',(6.48471201366228,11.9071964260623,5.06133348564393));
#4028=CARTESIAN_POINT('Ctrl Pts',(6.48567893134138,11.9099149006946,5.06493308036648));
#4029=CARTESIAN_POINT('Ctrl Pts',(6.48745858389484,11.9149183673036,5.07155828546709));
#4030=CARTESIAN_POINT('Ctrl Pts',(6.48905522570409,11.9193992151489,5.07883076255558));
#4031=CARTESIAN_POINT('Ctrl Pts',(6.49047832554409,11.9233886266739,5.08678672800684));
#4032=CARTESIAN_POINT('Ctrl Pts',(6.49170120158852,11.9268167458039,5.09362332463008));
#4033=CARTESIAN_POINT('Ctrl Pts',(6.49279593352044,11.9298826231169,5.10096431488619));
#4034=CARTESIAN_POINT('Ctrl Pts',(6.49376852940359,11.9326183999489,5.108804331422));
#4035=CARTESIAN_POINT('Ctrl Pts',(6.49426840186086,11.9340244715879,5.11283376276001));
#4036=CARTESIAN_POINT('Ctrl Pts',(6.49473601186186,11.9353434626798,5.11699470311165));
#4037=CARTESIAN_POINT('Ctrl Pts',(6.49517217508015,11.9365742980484,5.12130546836516));
#4038=CARTESIAN_POINT('Ctrl Pts',(6.49593331891523,11.9387222158771,5.12882813937367));
#4039=CARTESIAN_POINT('Ctrl Pts',(6.49658710500814,11.9405612299595,5.1366687325484));
#4040=CARTESIAN_POINT('Ctrl Pts',(6.49714517754991,11.9421246360484,5.14485034337712));
#4041=CARTESIAN_POINT('Ctrl Pts',(6.49773771361189,11.9437845895811,5.1535372059233));
#4042=CARTESIAN_POINT('Ctrl Pts',(6.49822234961206,11.9451338829501,5.16260841230416));
#4043=CARTESIAN_POINT('Ctrl Pts',(6.49861302294743,11.9462151497987,5.17203160537315));
#4044=CARTESIAN_POINT('Ctrl Pts',(6.4990211566789,11.9473447417971,5.18187594999915));
#4045=CARTESIAN_POINT('Ctrl Pts',(6.49932674109529,11.9481818840125,5.19210400377681));
#4046=CARTESIAN_POINT('Ctrl Pts',(6.49954566707121,11.9487772628557,5.20261972647164));
#4047=CARTESIAN_POINT('Ctrl Pts',(6.49978451871733,11.9494268304374,5.21409254355218));
#4048=CARTESIAN_POINT('Ctrl Pts',(6.49992021952605,11.9497887325261,5.22590740388539));
#4049=CARTESIAN_POINT('Ctrl Pts',(6.49997340621504,11.9499298043246,5.23787656105869));
#4050=CARTESIAN_POINT('Ctrl Pts',(6.49999130051953,11.9499772669842,5.24190350364578));
#4051=CARTESIAN_POINT('Ctrl Pts',(6.49999985471369,11.9499997328967,5.24594745173598));
#4052=CARTESIAN_POINT('Ctrl Pts',(6.49999985471369,11.9499997328967,5.25));
#4053=CARTESIAN_POINT('Ctrl Pts',(6.56906858368339,11.8934888031786,5.25));
#4054=CARTESIAN_POINT('Ctrl Pts',(6.33214905196936,12.0873325759721,5.25));
#4055=CARTESIAN_POINT('Ctrl Pts',(6.09522952025533,12.2811763487656,5.25));
#4056=CARTESIAN_POINT('Ctrl Pts',(5.85830998854131,12.4750201215591,5.25));
#4057=CARTESIAN_POINT('Ctrl Pts',(6.56906858368339,11.8934888031786,5.18265649702985));
#4058=CARTESIAN_POINT('Ctrl Pts',(6.33214905196936,12.0873325759721,5.18265649702985));
#4059=CARTESIAN_POINT('Ctrl Pts',(6.09522952025533,12.2811763487656,5.18265649702985));
#4060=CARTESIAN_POINT('Ctrl Pts',(5.85830998854131,12.4750201215591,5.18265649702985));
#4061=CARTESIAN_POINT('Ctrl Pts',(6.56120935045504,11.8838830994242,5.09902605308891));
#4062=CARTESIAN_POINT('Ctrl Pts',(6.32428981874101,12.0777268722177,5.09902605308891));
#4063=CARTESIAN_POINT('Ctrl Pts',(6.08737028702698,12.2715706450112,5.09902605308891));
#4064=CARTESIAN_POINT('Ctrl Pts',(5.85045075531295,12.4654144178047,5.09902605308891));
#4065=CARTESIAN_POINT('Ctrl Pts',(6.53053014549314,11.8463863938649,5.03229894625893));
#4066=CARTESIAN_POINT('Ctrl Pts',(6.29361061377911,12.0402301666584,5.03229894625893));
#4067=CARTESIAN_POINT('Ctrl Pts',(6.05669108206508,12.2340739394519,5.03229894625893));
#4068=CARTESIAN_POINT('Ctrl Pts',(5.81977155035105,12.4279177122454,5.03229894625893));
#4069=CARTESIAN_POINT('Ctrl Pts',(6.48272140346819,11.7879536435673,5.00506938777782));
#4070=CARTESIAN_POINT('Ctrl Pts',(6.24580187175417,11.9817974163608,5.00506938777782));
#4071=CARTESIAN_POINT('Ctrl Pts',(6.00888234004014,12.1756411891543,5.00506938777782));
#4072=CARTESIAN_POINT('Ctrl Pts',(5.77196280832611,12.3694849619478,5.00506938777782));
#4073=CARTESIAN_POINT('Ctrl Pts',(6.43208114168106,11.7260601561698,5.));
#4074=CARTESIAN_POINT('Ctrl Pts',(6.19516160996703,11.9199039289633,5.));
#4075=CARTESIAN_POINT('Ctrl Pts',(5.958242078253,12.1137477017568,5.));
#4076=CARTESIAN_POINT('Ctrl Pts',(5.72132254653897,12.3075914745503,5.));
#4077=CARTESIAN_POINT('Ctrl Pts',(6.41075888194224,11.6999996863409,5.));
#4078=CARTESIAN_POINT('Ctrl Pts',(6.17383935022821,11.8938434591344,5.));
#4079=CARTESIAN_POINT('Ctrl Pts',(5.93691981851419,12.0876872319279,5.));
#4080=CARTESIAN_POINT('Ctrl Pts',(5.70000028680016,12.2815310047214,5.));
#4081=CARTESIAN_POINT('',(5.70000028680016,12.2815310047214,5.));
#4082=CARTESIAN_POINT('Ctrl Pts',(6.41075888194224,11.6999996863409,5.));
#4083=CARTESIAN_POINT('Ctrl Pts',(6.17383935022821,11.8938434591344,5.));
#4084=CARTESIAN_POINT('Ctrl Pts',(5.93691981851419,12.0876872319279,5.));
#4085=CARTESIAN_POINT('Ctrl Pts',(5.70000028680016,12.2815310047214,5.));
#4086=CARTESIAN_POINT('Ctrl Pts',(5.70000028680016,12.2815310047214,5.));
#4087=CARTESIAN_POINT('Ctrl Pts',(5.70108636803917,12.2820456751014,5.));
#4088=CARTESIAN_POINT('Ctrl Pts',(5.70217257984517,12.2825604465166,5.0000017580552));
#4089=CARTESIAN_POINT('Ctrl Pts',(5.70325874073569,12.2830752178766,5.0000053318042));
#4090=CARTESIAN_POINT('Ctrl Pts',(5.71422070623251,12.2882704941346,5.00004139949325));
#4091=CARTESIAN_POINT('Ctrl Pts',(5.72490826787157,12.2933442733349,5.00026194547524));
#4092=CARTESIAN_POINT('Ctrl Pts',(5.73527211513766,12.2982542838079,5.00069778542348));
#4093=CARTESIAN_POINT('Ctrl Pts',(5.74490457268332,12.3028177886739,5.00110286759909));
#4094=CARTESIAN_POINT('Ctrl Pts',(5.75425725885269,12.307239659331,5.00169397660391));
#4095=CARTESIAN_POINT('Ctrl Pts',(5.76331834918816,12.3115198927164,5.00249125743355));
#4096=CARTESIAN_POINT('Ctrl Pts',(5.7700937576241,12.314720426903,5.00308742225024));
#4097=CARTESIAN_POINT('Ctrl Pts',(5.7767066337013,12.317842387103,5.00379878158544));
#4098=CARTESIAN_POINT('Ctrl Pts',(5.7831641447049,12.3209005742305,5.00463163044197));
#4099=CARTESIAN_POINT('Ctrl Pts',(5.79320558463617,12.3256560601015,5.00592671174498));
#4100=CARTESIAN_POINT('Ctrl Pts',(5.80287201324023,12.3302581548637,5.00751446043455));
#4101=CARTESIAN_POINT('Ctrl Pts',(5.8121078024602,12.3346615829647,5.00946308375069));
#4102=CARTESIAN_POINT('Ctrl Pts',(5.82177628427058,12.339271309701,5.01150299919686));
#4103=CARTESIAN_POINT('Ctrl Pts',(5.83076561975727,12.3435561137677,5.01389529702421));
#4104=CARTESIAN_POINT('Ctrl Pts',(5.83911134083073,12.3475186497299,5.01666476239724));
#4105=CARTESIAN_POINT('Ctrl Pts',(5.84806772950045,12.3517711297593,5.01963687326339));
#4106=CARTESIAN_POINT('Ctrl Pts',(5.85628307560425,12.3556527065016,5.02304370024397));
#4107=CARTESIAN_POINT('Ctrl Pts',(5.86383902627488,12.3592127762514,5.02690006385722));
#4108=CARTESIAN_POINT('Ctrl Pts',(5.86742201682023,12.3609009418853,5.02872873042322));
#4109=CARTESIAN_POINT('Ctrl Pts',(5.87085724020719,12.362517430288,5.03065822684921));
#4110=CARTESIAN_POINT('Ctrl Pts',(5.8741557367418,12.364070361699,5.03268869054004));
#4111=CARTESIAN_POINT('Ctrl Pts',(5.87687976852901,12.3653528352388,5.03436552954186));
#4112=CARTESIAN_POINT('Ctrl Pts',(5.87953488679087,12.3666039623432,5.0361264950274));
#4113=CARTESIAN_POINT('Ctrl Pts',(5.88212255436883,12.3678262880403,5.03797421903437));
#4114=CARTESIAN_POINT('Ctrl Pts',(5.88898294447784,12.3710669017861,5.04287288051997));
#4115=CARTESIAN_POINT('Ctrl Pts',(5.89536729337405,12.3741026999355,5.04838180117358));
#4116=CARTESIAN_POINT('Ctrl Pts',(5.90122764377166,12.3768891767645,5.05463081001591));
#4117=CARTESIAN_POINT('Ctrl Pts',(5.90450570903317,12.3784478297929,5.05812627656911));
#4118=CARTESIAN_POINT('Ctrl Pts',(5.90762041285859,12.3799291957508,5.0618531810074));
#4119=CARTESIAN_POINT('Ctrl Pts',(5.91056758997685,12.3813306530164,5.06583171372797));
#4120=CARTESIAN_POINT('Ctrl Pts',(5.91551152733176,12.3836816202805,5.07250576681189));
#4121=CARTESIAN_POINT('Ctrl Pts',(5.91993885832743,12.3857829253976,5.07982763620314));
#4122=CARTESIAN_POINT('Ctrl Pts',(5.92387960477942,12.3876515220338,5.08783118949922));
#4123=CARTESIAN_POINT('Ctrl Pts',(5.92710012580535,12.3891786070237,5.09437198373356));
#4124=CARTESIAN_POINT('Ctrl Pts',(5.92999607048108,12.3905507623736,5.10136756300866));
#4125=CARTESIAN_POINT('Ctrl Pts',(5.93259030532514,12.3917851618874,5.10881247960248));
#4126=CARTESIAN_POINT('Ctrl Pts',(5.93404047206323,12.3924751862005,5.11297415773155));
#4127=CARTESIAN_POINT('Ctrl Pts',(5.93539642194864,12.3931222388394,5.11727600445213));
#4128=CARTESIAN_POINT('Ctrl Pts',(5.93665833902468,12.3937246628021,5.1217381093784));
#4129=CARTESIAN_POINT('Ctrl Pts',(5.93879412924738,12.394744263245,5.12929020630704));
#4130=CARTESIAN_POINT('Ctrl Pts',(5.94062378808843,12.3956148440495,5.13716458837421));
#4131=CARTESIAN_POINT('Ctrl Pts',(5.94218023761764,12.3963523731329,5.14538484756501));
#4132=CARTESIAN_POINT('Ctrl Pts',(5.94383198615119,12.3971350599847,5.15410842054894));
#4133=CARTESIAN_POINT('Ctrl Pts',(5.94517606924508,12.3977679331345,5.16322142653642));
#4134=CARTESIAN_POINT('Ctrl Pts',(5.94625359186399,12.3982722252029,5.17269220159459));
#4135=CARTESIAN_POINT('Ctrl Pts',(5.94737888194543,12.3987988729528,5.18258282388827));
#4136=CARTESIAN_POINT('Ctrl Pts',(5.94821349772458,12.3991853401476,5.19286319801571));
#4137=CARTESIAN_POINT('Ctrl Pts',(5.94880557458823,12.3994574209168,5.20343828829966));
#4138=CARTESIAN_POINT('Ctrl Pts',(5.94945037603305,12.3997537305413,5.21495509281069));
#4139=CARTESIAN_POINT('Ctrl Pts',(5.94980758640826,12.3999144568364,5.22682106294441));
#4140=CARTESIAN_POINT('Ctrl Pts',(5.94994003523092,12.3999737179963,5.23885089158353));
#4141=CARTESIAN_POINT('Ctrl Pts',(5.94998080918161,12.3999919613567,5.24255423624031));
#4142=CARTESIAN_POINT('Ctrl Pts',(5.95000028260984,12.4000005889684,5.24627272108573));
#4143=CARTESIAN_POINT('Ctrl Pts',(5.95000028260984,12.4000005889684,5.25));
#4144=CARTESIAN_POINT('Ctrl Pts',(5.95000028680016,12.281531013564,5.25));
#4145=CARTESIAN_POINT('Ctrl Pts',(5.95000014686915,16.2376871624445,5.25));
#4146=CARTESIAN_POINT('Ctrl Pts',(5.95000000693814,20.193843311325,5.25));
#4147=CARTESIAN_POINT('Ctrl Pts',(5.94999986700714,24.1499994602054,5.25));
#4148=CARTESIAN_POINT('Ctrl Pts',(5.95000028680016,12.281531013564,5.18265649702986));
#4149=CARTESIAN_POINT('Ctrl Pts',(5.95000014686915,16.2376871624445,5.18265649702986));
#4150=CARTESIAN_POINT('Ctrl Pts',(5.95000000693814,20.193843311325,5.18265649702986));
#4151=CARTESIAN_POINT('Ctrl Pts',(5.94999986700714,24.1499994602054,5.18265649702986));
#4152=CARTESIAN_POINT('Ctrl Pts',(5.93760480085434,12.2815310131256,5.09895276782408));
#4153=CARTESIAN_POINT('Ctrl Pts',(5.93760466092333,16.237687162006,5.09895276782408));
#4154=CARTESIAN_POINT('Ctrl Pts',(5.93760452099233,20.1938433108865,5.09895276782408));
#4155=CARTESIAN_POINT('Ctrl Pts',(5.93760438106132,24.149999459767,5.09895276782408));
#4156=CARTESIAN_POINT('Ctrl Pts',(5.88914646512,12.2815310114116,5.03227056101188));
#4157=CARTESIAN_POINT('Ctrl Pts',(5.889146325189,16.237687160292,5.03227056101188));
#4158=CARTESIAN_POINT('Ctrl Pts',(5.88914618525799,20.1938433091725,5.03227056101188));
#4159=CARTESIAN_POINT('Ctrl Pts',(5.88914604532698,24.149999458053,5.03227056101188));
#4160=CARTESIAN_POINT('Ctrl Pts',(5.81364805196167,12.2815310087412,5.00504385801987));
#4161=CARTESIAN_POINT('Ctrl Pts',(5.81364791203067,16.2376871576216,5.00504385801987));
#4162=CARTESIAN_POINT('Ctrl Pts',(5.81364777209966,20.1938433065021,5.00504385801987));
#4163=CARTESIAN_POINT('Ctrl Pts',(5.81364763216865,24.1499994553826,5.00504385801987));
#4164=CARTESIAN_POINT('Ctrl Pts',(5.73367203828523,12.2815310059124,5.));
#4165=CARTESIAN_POINT('Ctrl Pts',(5.73367189835422,16.2376871547929,5.));
#4166=CARTESIAN_POINT('Ctrl Pts',(5.73367175842322,20.1938433036733,5.));
#4167=CARTESIAN_POINT('Ctrl Pts',(5.73367161849221,24.1499994525538,5.));
#4168=CARTESIAN_POINT('Ctrl Pts',(5.70000028680016,12.2815310047214,5.));
#4169=CARTESIAN_POINT('Ctrl Pts',(5.70000014686915,16.2376871536019,5.));
#4170=CARTESIAN_POINT('Ctrl Pts',(5.70000000693814,20.1938433024823,5.));
#4171=CARTESIAN_POINT('Ctrl Pts',(5.69999986700714,24.1499994513628,5.));
#4172=CARTESIAN_POINT('',(5.69999987129228,24.0288489716406,5.));
#4173=CARTESIAN_POINT('Ctrl Pts',(5.70000028680016,12.2815310047214,5.));
#4174=CARTESIAN_POINT('Ctrl Pts',(5.70000014829753,16.1973036603611,5.));
#4175=CARTESIAN_POINT('Ctrl Pts',(5.70000000979491,20.1130763160008,5.));
#4176=CARTESIAN_POINT('Ctrl Pts',(5.69999987129228,24.0288489716406,5.));
#4177=CARTESIAN_POINT('Ctrl Pts',(5.69999987129228,24.0288489716406,5.));
#4178=CARTESIAN_POINT('Ctrl Pts',(5.70108621752312,24.0293754171561,5.));
#4179=CARTESIAN_POINT('Ctrl Pts',(5.70217272675158,24.0299019006217,5.00000175005311));
#4180=CARTESIAN_POINT('Ctrl Pts',(5.70325920566659,24.0304283438055,5.00000530786315));
#4181=CARTESIAN_POINT('Ctrl Pts',(5.71422004459941,24.035739315666,5.0000412004905));
#4182=CARTESIAN_POINT('Ctrl Pts',(5.72491424735257,24.0409121409378,5.00026060763704));
#4183=CARTESIAN_POINT('Ctrl Pts',(5.73527745644975,24.045935098916,5.00069468151694));
#4184=CARTESIAN_POINT('Ctrl Pts',(5.74490886912973,24.0506033614887,5.00109810333655));
#4185=CARTESIAN_POINT('Ctrl Pts',(5.75425417079706,24.055142175173,5.00168699254839));
#4186=CARTESIAN_POINT('Ctrl Pts',(5.76330555949776,24.0595421310253,5.00248194176107));
#4187=CARTESIAN_POINT('Ctrl Pts',(5.77007395008651,24.0628323023755,5.00307638389007));
#4188=CARTESIAN_POINT('Ctrl Pts',(5.77667879486523,24.0660448292119,5.00378596942923));
#4189=CARTESIAN_POINT('Ctrl Pts',(5.783135967604,24.0691757773805,5.00461725687717));
#4190=CARTESIAN_POINT('Ctrl Pts',(5.79334465163285,24.0741257550033,5.00593150867692));
#4191=CARTESIAN_POINT('Ctrl Pts',(5.80318521373825,24.078871826007,5.00754881839525));
#4192=CARTESIAN_POINT('Ctrl Pts',(5.81258390342703,24.0833984438577,5.0095409023878));
#4193=CARTESIAN_POINT('Ctrl Pts',(5.8222555260651,24.088056512283,5.01159083543988));
#4194=CARTESIAN_POINT('Ctrl Pts',(5.8312453865825,24.0923878238308,5.0139942933868));
#4195=CARTESIAN_POINT('Ctrl Pts',(5.83957880392403,24.0964187481555,5.0167756942123));
#4196=CARTESIAN_POINT('Ctrl Pts',(5.8485258438586,24.1007464854364,5.01976190061958));
#4197=CARTESIAN_POINT('Ctrl Pts',(5.85671653730501,24.1047279693994,5.02318409226347));
#4198=CARTESIAN_POINT('Ctrl Pts',(5.86424181968559,24.1083958342612,5.02705652885675));
#4199=CARTESIAN_POINT('Ctrl Pts',(5.86779546873384,24.1101279027492,5.02888520184444));
#4200=CARTESIAN_POINT('Ctrl Pts',(5.87120152313788,24.1117900344023,5.03081402535649));
#4201=CARTESIAN_POINT('Ctrl Pts',(5.87447318958425,24.1133856658159,5.03284306822161));
#4202=CARTESIAN_POINT('Ctrl Pts',(5.87708492366479,24.1146594402092,5.03446283004286));
#4203=CARTESIAN_POINT('Ctrl Pts',(5.87963391178556,24.1159014818437,5.03616067246363));
#4204=CARTESIAN_POINT('Ctrl Pts',(5.88212275314764,24.1171113500367,5.03793892154885));
#4205=CARTESIAN_POINT('Ctrl Pts',(5.88897400379138,24.120441859712,5.04283406286861));
#4206=CARTESIAN_POINT('Ctrl Pts',(5.89536631161384,24.1235285642808,5.04833896160203));
#4207=CARTESIAN_POINT('Ctrl Pts',(5.90123427002706,24.1263622710253,5.05458445050893));
#4208=CARTESIAN_POINT('Ctrl Pts',(5.90459138486504,24.1279834616146,5.0581575541343));
#4209=CARTESIAN_POINT('Ctrl Pts',(5.90777783439784,24.1295218436641,5.06197294424462));
#4210=CARTESIAN_POINT('Ctrl Pts',(5.9107885792463,24.1309756957753,5.0660524050436));
#4211=CARTESIAN_POINT('Ctrl Pts',(5.91572156183538,24.1333577731392,5.07273643511161));
#4212=CARTESIAN_POINT('Ctrl Pts',(5.92013523496338,24.1354932735496,5.08006891349982));
#4213=CARTESIAN_POINT('Ctrl Pts',(5.92406173067676,24.1373949092747,5.08808399275073));
#4214=CARTESIAN_POINT('Ctrl Pts',(5.9272231509793,24.1389260123825,5.09453733846152));
#4215=CARTESIAN_POINT('Ctrl Pts',(5.93006937878067,24.1403055086256,5.10143265321059));
#4216=CARTESIAN_POINT('Ctrl Pts',(5.93262686355793,24.1415400332098,5.10876499899016));
#4217=CARTESIAN_POINT('Ctrl Pts',(5.93412006570885,24.1422608174666,5.11304603111461));
#4218=CARTESIAN_POINT('Ctrl Pts',(5.93551492803433,24.1429321826945,5.117475830888));
#4219=CARTESIAN_POINT('Ctrl Pts',(5.93681022878331,24.1435554494926,5.12207603003959));
#4220=CARTESIAN_POINT('Ctrl Pts',(5.93894610892423,24.1445831823781,5.12966150701846));
#4221=CARTESIAN_POINT('Ctrl Pts',(5.94077176247526,24.1454647968667,5.13757294053819));
#4222=CARTESIAN_POINT('Ctrl Pts',(5.94232076876273,24.1462160523363,5.14583291265885));
#4223=CARTESIAN_POINT('Ctrl Pts',(5.9439649963729,24.147013489374,5.15460064609536));
#4224=CARTESIAN_POINT('Ctrl Pts',(5.94529755807238,24.1476640477876,5.16376098708473));
#4225=CARTESIAN_POINT('Ctrl Pts',(5.94636131079626,24.14818657558,5.17328110375874));
#4226=CARTESIAN_POINT('Ctrl Pts',(5.94747251046385,24.1487324098666,5.18322584960629));
#4227=CARTESIAN_POINT('Ctrl Pts',(5.94829045612968,24.149138537629,5.19356273670379));
#4228=CARTESIAN_POINT('Ctrl Pts',(5.94886599092864,24.1494264430873,5.20419542383222));
#4229=CARTESIAN_POINT('Ctrl Pts',(5.94949265245165,24.1497399241719,5.21577264891341));
#4230=CARTESIAN_POINT('Ctrl Pts',(5.94983202928452,24.1499132458329,5.22770017517774));
#4231=CARTESIAN_POINT('Ctrl Pts',(5.94995067256853,24.1499741415217,5.23979130428502));
#4232=CARTESIAN_POINT('Ctrl Pts',(5.9499839558607,24.149991224739,5.24318325846198));
#4233=CARTESIAN_POINT('Ctrl Pts',(5.94999986700714,24.1499994602054,5.24658776252965));
#4234=CARTESIAN_POINT('Ctrl Pts',(5.94999986700714,24.1499994602054,5.25));
#4235=CARTESIAN_POINT('Ctrl Pts',(5.94999986700714,24.1499994602054,5.25));
#4236=CARTESIAN_POINT('Ctrl Pts',(5.63333320741852,24.3999994546175,5.25));
#4237=CARTESIAN_POINT('Ctrl Pts',(5.3166665478299,24.6499994490296,5.25));
#4238=CARTESIAN_POINT('Ctrl Pts',(4.99999988824129,24.8999994434416,5.25));
#4239=CARTESIAN_POINT('Ctrl Pts',(5.94999986700714,24.1499994602054,5.18265649702986));
#4240=CARTESIAN_POINT('Ctrl Pts',(5.63333320741852,24.3999994546175,5.18265649702986));
#4241=CARTESIAN_POINT('Ctrl Pts',(5.3166665478299,24.6499994490296,5.18265649702986));
#4242=CARTESIAN_POINT('Ctrl Pts',(4.99999988824129,24.8999994434416,5.18265649702986));
#4243=CARTESIAN_POINT('Ctrl Pts',(5.94231907493665,24.1402704569162,5.09895276782408));
#4244=CARTESIAN_POINT('Ctrl Pts',(5.62565241534803,24.3902704513282,5.09895276782408));
#4245=CARTESIAN_POINT('Ctrl Pts',(5.30898575575942,24.6402704457403,5.09895276782408));
#4246=CARTESIAN_POINT('Ctrl Pts',(4.9923190961708,24.8902704401523,5.09895276782408));
#4247=CARTESIAN_POINT('Ctrl Pts',(5.91229214396482,24.1022363443518,5.03227056101188));
#4248=CARTESIAN_POINT('Ctrl Pts',(5.59562548437621,24.3522363387639,5.03227056101188));
#4249=CARTESIAN_POINT('Ctrl Pts',(5.27895882478759,24.602236333176,5.03227056101188));
#4250=CARTESIAN_POINT('Ctrl Pts',(4.96229216519898,24.852236327588,5.03227056101188));
#4251=CARTESIAN_POINT('Ctrl Pts',(5.86550998345449,24.0429789410388,5.00504385801987));
#4252=CARTESIAN_POINT('Ctrl Pts',(5.54884332386587,24.2929789354508,5.00504385801987));
#4253=CARTESIAN_POINT('Ctrl Pts',(5.23217666427725,24.5429789298629,5.00504385801987));
#4254=CARTESIAN_POINT('Ctrl Pts',(4.91551000468864,24.7929789242749,5.00504385801987));
#4255=CARTESIAN_POINT('Ctrl Pts',(5.81595330335656,23.980207146248,5.));
#4256=CARTESIAN_POINT('Ctrl Pts',(5.49928664376795,24.2302071406601,5.));
#4257=CARTESIAN_POINT('Ctrl Pts',(5.18261998417933,24.4802071350722,5.));
#4258=CARTESIAN_POINT('Ctrl Pts',(4.86595332459071,24.7302071294842,5.));
#4259=CARTESIAN_POINT('Ctrl Pts',(5.79508879486238,23.9537787688221,5.));
#4260=CARTESIAN_POINT('Ctrl Pts',(5.47842213527377,24.2037787632341,5.));
#4261=CARTESIAN_POINT('Ctrl Pts',(5.16175547568515,24.4537787576462,5.));
#4262=CARTESIAN_POINT('Ctrl Pts',(4.84508881609654,24.7037787520583,5.));
#4263=CARTESIAN_POINT('',(4.91320927367762,24.6499994434416,5.));
#4264=CARTESIAN_POINT('Ctrl Pts',(5.69999987129229,24.0288489716406,5.));
#4265=CARTESIAN_POINT('Ctrl Pts',(5.43773633875406,24.2358991289076,5.));
#4266=CARTESIAN_POINT('Ctrl Pts',(5.17547280621584,24.4429492861746,5.));
#4267=CARTESIAN_POINT('Ctrl Pts',(4.91320927367762,24.6499994434416,5.));
#4268=CARTESIAN_POINT('Ctrl Pts',(4.91320927367762,24.6499994434416,5.));
#4269=CARTESIAN_POINT('Ctrl Pts',(4.91358637008164,24.6510856680464,5.));
#4270=CARTESIAN_POINT('Ctrl Pts',(4.9139635460404,24.6521720371391,5.0000017496612));
#4271=CARTESIAN_POINT('Ctrl Pts',(4.91434072578556,24.6532583643399,5.00000530666554));
#4272=CARTESIAN_POINT('Ctrl Pts',(4.91815448471451,24.6642424909134,5.00004127242781));
#4273=CARTESIAN_POINT('Ctrl Pts',(4.92187845347787,24.6749502735174,5.00026152736056));
#4274=CARTESIAN_POINT('Ctrl Pts',(4.92548004434118,24.6853273443322,5.0006969533053));
#4275=CARTESIAN_POINT('Ctrl Pts',(4.92882923756275,24.6949771953429,5.001101864823));
#4276=CARTESIAN_POINT('Ctrl Pts',(4.93207247294894,24.7043408963292,5.00169289301698));
#4277=CARTESIAN_POINT('Ctrl Pts',(4.9352107655222,24.7134092066341,5.00249043804952));
#4278=CARTESIAN_POINT('Ctrl Pts',(4.9375434107062,24.7201495438927,5.00308324115368));
#4279=CARTESIAN_POINT('Ctrl Pts',(4.93981858008227,24.7267273220883,5.00379005938194));
#4280=CARTESIAN_POINT('Ctrl Pts',(4.94204830717424,24.7331534610985,5.00461725687717));
#4281=CARTESIAN_POINT('Ctrl Pts',(4.94540473721452,24.7428267911193,5.00586244537233));
#4282=CARTESIAN_POINT('Ctrl Pts',(4.94865888921696,24.7521573900277,5.00737946439107));
#4283=CARTESIAN_POINT('Ctrl Pts',(4.95177915901164,24.7610904816717,5.00922878158972));
#4284=CARTESIAN_POINT('Ctrl Pts',(4.95516674812608,24.7707888879003,5.01123653323414));
#4285=CARTESIAN_POINT('Ctrl Pts',(4.95831771760403,24.7798102478761,5.01359398768869));
#4286=CARTESIAN_POINT('Ctrl Pts',(4.96123125256219,24.7881838033977,5.01632574732598));
#4287=CARTESIAN_POINT('Ctrl Pts',(4.96435295427746,24.7971556341842,5.01925268620537));
#4288=CARTESIAN_POINT('Ctrl Pts',(4.96720228132827,24.8053840385848,5.02260965129457));
#4289=CARTESIAN_POINT('Ctrl Pts',(4.96981495660799,24.8129515033186,5.02641128074847));
#4290=CARTESIAN_POINT('Ctrl Pts',(4.97099565565326,24.8163713306717,5.02812928233157));
#4291=CARTESIAN_POINT('Ctrl Pts',(4.97212847977427,24.8196567545437,5.02993786175207));
#4292=CARTESIAN_POINT('Ctrl Pts',(4.97321867578731,24.8228178576243,5.03183715879581));
#4293=CARTESIAN_POINT('Ctrl Pts',(4.97432201034144,24.8260170568657,5.03375934529422));
#4294=CARTESIAN_POINT('Ctrl Pts',(4.9753920985623,24.8291178719924,5.03579210794521));
#4295=CARTESIAN_POINT('Ctrl Pts',(4.97643260982769,24.832124611816,5.03793892154885));
#4296=CARTESIAN_POINT('Ctrl Pts',(4.97882865837371,24.839048414395,5.04288251974396));
#4297=CARTESIAN_POINT('Ctrl Pts',(4.98106622347626,24.8454712788723,5.04843155212719));
#4298=CARTESIAN_POINT('Ctrl Pts',(4.98311416895833,24.8513496257898,5.05471027548606));
#4299=CARTESIAN_POINT('Ctrl Pts',(4.98415325800694,24.8543321885383,5.05789598171634));
#4300=CARTESIAN_POINT('Ctrl Pts',(4.98514403079198,24.8571752045864,5.0612693372301));
#4301=CARTESIAN_POINT('Ctrl Pts',(4.98608531890543,24.8598766531526,5.06484439174526));
#4302=CARTESIAN_POINT('Ctrl Pts',(4.9878276150492,24.8648769536475,5.07146171072174));
#4303=CARTESIAN_POINT('Ctrl Pts',(4.9893858565139,24.8693571029999,5.07872619186453));
#4304=CARTESIAN_POINT('Ctrl Pts',(4.9907719884524,24.8733470713732,5.08667480125888));
#4305=CARTESIAN_POINT('Ctrl Pts',(4.991967639486,24.8767887421674,5.09353112046928));
#4306=CARTESIAN_POINT('Ctrl Pts',(4.9930356262249,24.8798661937226,5.10089618512777));
#4307=CARTESIAN_POINT('Ctrl Pts',(4.99399137294977,24.8826084875376,5.10876499899016));
#4308=CARTESIAN_POINT('Ctrl Pts',(4.99448092440806,24.8840131420358,5.11279555353054));
#4309=CARTESIAN_POINT('Ctrl Pts',(4.99494110082994,24.8853299545039,5.11695795952936));
#4310=CARTESIAN_POINT('Ctrl Pts',(4.99537062809008,24.8865585909894,5.12127042424448));
#4311=CARTESIAN_POINT('Ctrl Pts',(4.99612081661823,24.8887044594411,5.12880233631975));
#4312=CARTESIAN_POINT('Ctrl Pts',(4.99676126766006,24.8905425267595,5.13665318482145));
#4313=CARTESIAN_POINT('Ctrl Pts',(4.99730383833298,24.8921061449109,5.14484547659263));
#4314=CARTESIAN_POINT('Ctrl Pts',(4.99787998793792,24.8937665331795,5.15354477772148));
#4315=CARTESIAN_POINT('Ctrl Pts',(4.9983457912404,24.8951174813536,5.16262899917095));
#4316=CARTESIAN_POINT('Ctrl Pts',(4.99871714416622,24.8962010760268,5.17206507524586));
#4317=CARTESIAN_POINT('Ctrl Pts',(4.99910514456302,24.8973332474302,5.18192416347912));
#4318=CARTESIAN_POINT('Ctrl Pts',(4.99939008000216,24.8981736126451,5.19216691532049));
#4319=CARTESIAN_POINT('Ctrl Pts',(4.99959134036125,24.8987717705035,5.20269645633325));
#4320=CARTESIAN_POINT('Ctrl Pts',(4.99981097294778,24.8994245317237,5.21418719568229));
#4321=CARTESIAN_POINT('Ctrl Pts',(4.99993102460657,24.8997889333268,5.22601909753738));
#4322=CARTESIAN_POINT('Ctrl Pts',(4.99997728309417,24.8999301800473,5.23800322795649));
#4323=CARTESIAN_POINT('Ctrl Pts',(4.9999926661067,24.8999771508884,5.24198848640498));
#4324=CARTESIAN_POINT('Ctrl Pts',(4.99999988824129,24.8999994434416,5.24599012905857));
#4325=CARTESIAN_POINT('Ctrl Pts',(4.99999988824129,24.8999994434416,5.25));
#4326=CARTESIAN_POINT('Ctrl Pts',(4.99999988824129,24.8999994434416,5.25));
#4327=CARTESIAN_POINT('Ctrl Pts',(-0.666666651765506,24.8999994434416,5.25));
#4328=CARTESIAN_POINT('Ctrl Pts',(-6.3333331917723,24.8999994434416,5.25));
#4329=CARTESIAN_POINT('Ctrl Pts',(-11.9999997317791,24.8999994434416,5.25));
#4330=CARTESIAN_POINT('Ctrl Pts',(4.99999988824129,24.8999994434416,5.18265649702985));
#4331=CARTESIAN_POINT('Ctrl Pts',(-0.666666651765497,24.8999994434416,5.18265649702985));
#4332=CARTESIAN_POINT('Ctrl Pts',(-6.33333319177231,24.8999994434416,5.18265649702985));
#4333=CARTESIAN_POINT('Ctrl Pts',(-11.9999997317791,24.8999994434416,5.18265649702985));
#4334=CARTESIAN_POINT('Ctrl Pts',(4.99999988824129,24.8876100475196,5.098924237075));
#4335=CARTESIAN_POINT('Ctrl Pts',(-0.666666651765515,24.8876100475196,5.098924237075));
#4336=CARTESIAN_POINT('Ctrl Pts',(-6.33333319177229,24.8876100475196,5.098924237075));
#4337=CARTESIAN_POINT('Ctrl Pts',(-11.9999997317791,24.8876100475196,5.098924237075));
#4338=CARTESIAN_POINT('Ctrl Pts',(4.99999988824129,24.8391479045413,5.03225882561358));
#4339=CARTESIAN_POINT('Ctrl Pts',(-0.666666651765501,24.8391479045413,5.03225882561358));
#4340=CARTESIAN_POINT('Ctrl Pts',(-6.33333319177231,24.8391479045413,5.03225882561358));
#4341=CARTESIAN_POINT('Ctrl Pts',(-11.9999997317791,24.8391479045413,5.03225882561358));
#4342=CARTESIAN_POINT('Ctrl Pts',(4.99999988824129,24.7636495211705,5.00503349675864));
#4343=CARTESIAN_POINT('Ctrl Pts',(-0.666666651765516,24.7636495211705,5.00503349675864));
#4344=CARTESIAN_POINT('Ctrl Pts',(-6.33333319177229,24.7636495211705,5.00503349675864));
#4345=CARTESIAN_POINT('Ctrl Pts',(-11.9999997317791,24.7636495211705,5.00503349675864));
#4346=CARTESIAN_POINT('Ctrl Pts',(4.99999988824129,24.6836711949267,5.));
#4347=CARTESIAN_POINT('Ctrl Pts',(-0.666666651765499,24.6836711949267,5.));
#4348=CARTESIAN_POINT('Ctrl Pts',(-6.33333319177231,24.6836711949267,5.));
#4349=CARTESIAN_POINT('Ctrl Pts',(-11.9999997317791,24.6836711949267,5.));
#4350=CARTESIAN_POINT('Ctrl Pts',(4.99999988824129,24.6499994434416,5.));
#4351=CARTESIAN_POINT('Ctrl Pts',(-0.666666651765506,24.6499994434416,5.));
#4352=CARTESIAN_POINT('Ctrl Pts',(-6.3333331917723,24.6499994434416,5.));
#4353=CARTESIAN_POINT('Ctrl Pts',(-11.9999997317791,24.6499994434416,5.));
#4354=CARTESIAN_POINT('',(-11.9283006751763,24.6499994434416,5.));
#4355=CARTESIAN_POINT('Ctrl Pts',(4.91320927367762,24.6499994434416,5.));
#4356=CARTESIAN_POINT('Ctrl Pts',(-0.700627375940345,24.6499994434416,5.));
#4357=CARTESIAN_POINT('Ctrl Pts',(-6.31446402555831,24.6499994434416,5.));
#4358=CARTESIAN_POINT('Ctrl Pts',(-11.9283006751763,24.6499994434416,5.));
#4359=CARTESIAN_POINT('Ctrl Pts',(-11.9283006751763,24.6499994434416,5.));
#4360=CARTESIAN_POINT('Ctrl Pts',(-11.9286122861169,24.6510859672936,5.));
#4361=CARTESIAN_POINT('Ctrl Pts',(-11.9289239194289,24.6521726546653,5.00000174702834));
#4362=CARTESIAN_POINT('Ctrl Pts',(-11.9292355287942,24.653259312163,5.00000529882259));
#4363=CARTESIAN_POINT('Ctrl Pts',(-11.9323874640922,24.6642508756562,5.00004122529629));
#4364=CARTESIAN_POINT('Ctrl Pts',(-11.935455714118,24.6749682910983,5.00026130509211));
#4365=CARTESIAN_POINT('Ctrl Pts',(-11.9384336523596,24.6853490524554,5.00069645365611));
#4366=CARTESIAN_POINT('Ctrl Pts',(-11.9412035242692,24.6950045177307,5.00110119871332));
#4367=CARTESIAN_POINT('Ctrl Pts',(-11.9438952635529,24.7043685175123,5.00169205584912));
#4368=CARTESIAN_POINT('Ctrl Pts',(-11.9465035378812,24.7134347158426,5.00248953402872));
#4369=CARTESIAN_POINT('Ctrl Pts',(-11.9484382876725,24.7201597850338,5.00308108251915));
#4370=CARTESIAN_POINT('Ctrl Pts',(-11.9503271126664,24.7267218094302,5.00378624093093));
#4371=CARTESIAN_POINT('Ctrl Pts',(-11.9521678364985,24.7331368239535,5.0046114090118));
#4372=CARTESIAN_POINT('Ctrl Pts',(-11.9549175206272,24.7427196105249,5.00584404996307));
#4373=CARTESIAN_POINT('Ctrl Pts',(-11.957559869126,24.7519754752372,5.00734358243846));
#4374=CARTESIAN_POINT('Ctrl Pts',(-11.9600876273841,24.7608437089546,5.00916863384654));
#4375=CARTESIAN_POINT('Ctrl Pts',(-11.962856197872,24.7705567936894,5.01116755263204));
#4376=CARTESIAN_POINT('Ctrl Pts',(-11.9654318755467,24.7795932659926,5.01351537085799));
#4377=CARTESIAN_POINT('Ctrl Pts',(-11.9678300942551,24.7879749468454,5.01623658829929));
#4378=CARTESIAN_POINT('Ctrl Pts',(-11.9703982832253,24.7969506671343,5.0191506680677));
#4379=CARTESIAN_POINT('Ctrl Pts',(-11.9727629675501,24.8051758161636,5.02249327112788));
#4380=CARTESIAN_POINT('Ctrl Pts',(-11.9749431007005,24.8127363352136,5.02627890621031));
#4381=CARTESIAN_POINT('Ctrl Pts',(-11.9759058867528,24.8160751965528,5.02795071082281));
#4382=CARTESIAN_POINT('Ctrl Pts',(-11.9768326804425,24.8192851433674,5.02970869342663));
#4383=CARTESIAN_POINT('Ctrl Pts',(-11.9777251141788,24.8223764935421,5.03155298614801));
#4384=CARTESIAN_POINT('Ctrl Pts',(-11.9786942820675,24.8257336473569,5.03355585673695));
#4385=CARTESIAN_POINT('Ctrl Pts',(-11.9796312254792,24.8289808904772,5.03567852914555));
#4386=CARTESIAN_POINT('Ctrl Pts',(-11.9805358821229,24.8321252516968,5.03792466175283));
#4387=CARTESIAN_POINT('Ctrl Pts',(-11.9825330395703,24.8390668736598,5.04288331705649));
#4388=CARTESIAN_POINT('Ctrl Pts',(-11.9843728416265,24.8455045719638,5.04844442922716));
#4389=CARTESIAN_POINT('Ctrl Pts',(-11.9860546180832,24.8513897250395,5.05472940578611));
#4390=CARTESIAN_POINT('Ctrl Pts',(-11.9868823198897,24.8542861574477,5.05782261501202));
#4391=CARTESIAN_POINT('Ctrl Pts',(-11.9876717446236,24.8570495132329,5.06109093592429));
#4392=CARTESIAN_POINT('Ctrl Pts',(-11.9884228123887,24.8596781579365,5.06454672976184));
#4393=CARTESIAN_POINT('Ctrl Pts',(-11.9898575460371,24.8646995490567,5.07114818961904));
#4394=CARTESIAN_POINT('Ctrl Pts',(-11.9911451363252,24.8691979197692,5.07839696807884));
#4395=CARTESIAN_POINT('Ctrl Pts',(-11.9922931847004,24.8732038191112,5.08633114349687));
#4396=CARTESIAN_POINT('Ctrl Pts',(-11.9932985242644,24.8767117628399,5.09327905669293));
#4397=CARTESIAN_POINT('Ctrl Pts',(-11.9941968574061,24.8798426905579,5.10075235924818));
#4398=CARTESIAN_POINT('Ctrl Pts',(-11.9949932886353,24.8826303726704,5.10874640015348));
#4399=CARTESIAN_POINT('Ctrl Pts',(-11.9953948920823,24.884036071875,5.11277742538834));
#4400=CARTESIAN_POINT('Ctrl Pts',(-11.9957705847404,24.8853546185643,5.11694052271158));
#4401=CARTESIAN_POINT('Ctrl Pts',(-11.9961210210973,24.8865849667971,5.12125387707193));
#4402=CARTESIAN_POINT('Ctrl Pts',(-11.9967330454707,24.8887337253132,5.12878699384971));
#4403=CARTESIAN_POINT('Ctrl Pts',(-11.9972586151576,24.8905726678536,5.13663865983223));
#4404=CARTESIAN_POINT('Ctrl Pts',(-11.9977071457512,24.8921354960966,5.14483077144872));
#4405=CARTESIAN_POINT('Ctrl Pts',(-11.9981835872045,24.8937955749632,5.15353265627024));
#4406=CARTESIAN_POINT('Ctrl Pts',(-11.9985731033769,24.895144146259,5.16261858107065));
#4407=CARTESIAN_POINT('Ctrl Pts',(-11.9988869792304,24.8962243148395,5.17205472245537));
#4408=CARTESIAN_POINT('Ctrl Pts',(-11.9992150131982,24.8973532069843,5.18191650336489));
#4409=CARTESIAN_POINT('Ctrl Pts',(-11.9994604290718,24.8981890071859,5.19216036036844));
#4410=CARTESIAN_POINT('Ctrl Pts',(-11.9996361088372,24.8987829153688,5.20268847192486));
#4411=CARTESIAN_POINT('Ctrl Pts',(-11.9998279572298,24.8994314836882,5.21418553462667));
#4412=CARTESIAN_POINT('Ctrl Pts',(-11.9999366425453,24.8997916976671,5.2260212028453));
#4413=CARTESIAN_POINT('Ctrl Pts',(-11.9999789409258,24.8999311269823,5.23800494690456));
#4414=CARTESIAN_POINT('Ctrl Pts',(-11.9999930071462,24.8999774938515,5.24199011094775));
#4415=CARTESIAN_POINT('Ctrl Pts',(-11.9999997317791,24.8999994434416,5.24599120002513));
#4416=CARTESIAN_POINT('Ctrl Pts',(-11.9999997317791,24.8999994434416,5.25));
#4417=CARTESIAN_POINT('Ctrl Pts',(-11.9999997317791,24.8999994434416,5.25));
#4418=CARTESIAN_POINT('Ctrl Pts',(-12.2666663924853,24.7333327805003,5.25));
#4419=CARTESIAN_POINT('Ctrl Pts',(-12.5333330531915,24.5666661175589,5.25));
#4420=CARTESIAN_POINT('Ctrl Pts',(-12.7999997138977,24.3999994546175,5.25));
#4421=CARTESIAN_POINT('Ctrl Pts',(-11.9999997317791,24.8999994434416,5.18265649702986));
#4422=CARTESIAN_POINT('Ctrl Pts',(-12.2666663924853,24.7333327805003,5.18265649702986));
#4423=CARTESIAN_POINT('Ctrl Pts',(-12.5333330531915,24.5666661175589,5.18265649702986));
#4424=CARTESIAN_POINT('Ctrl Pts',(-12.7999997138977,24.3999994546175,5.18265649702986));
#4425=CARTESIAN_POINT('Ctrl Pts',(-11.9934334892587,24.889493455409,5.0989231386531));
#4426=CARTESIAN_POINT('Ctrl Pts',(-12.2601001499649,24.7228267924676,5.0989231386531));
#4427=CARTESIAN_POINT('Ctrl Pts',(-12.5267668106711,24.5561601295262,5.0989231386531));
#4428=CARTESIAN_POINT('Ctrl Pts',(-12.7934334713773,24.3894934665848,5.0989231386531));
#4429=CARTESIAN_POINT('Ctrl Pts',(-11.9677485281605,24.8483975176518,5.03225836679704));
#4430=CARTESIAN_POINT('Ctrl Pts',(-12.2344151888667,24.6817308547105,5.03225836679704));
#4431=CARTESIAN_POINT('Ctrl Pts',(-12.5010818495729,24.5150641917691,5.03225836679704));
#4432=CARTESIAN_POINT('Ctrl Pts',(-12.7677485102791,24.3483975288277,5.03225836679704));
#4433=CARTESIAN_POINT('Ctrl Pts',(-11.9277344650692,24.7843750167058,5.00503309343188));
#4434=CARTESIAN_POINT('Ctrl Pts',(-12.1944011257754,24.6177083537644,5.00503309343188));
#4435=CARTESIAN_POINT('Ctrl Pts',(-12.4610677864816,24.4510416908231,5.00503309343188));
#4436=CARTESIAN_POINT('Ctrl Pts',(-12.7277344471878,24.2843750278817,5.00503309343188));
#4437=CARTESIAN_POINT('Ctrl Pts',(-11.8853459893734,24.7165534555926,5.));
#4438=CARTESIAN_POINT('Ctrl Pts',(-12.1520126500796,24.5498867926512,5.));
#4439=CARTESIAN_POINT('Ctrl Pts',(-12.4186793107858,24.3832201297098,5.));
#4440=CARTESIAN_POINT('Ctrl Pts',(-12.685345971492,24.2165534667685,5.));
#4441=CARTESIAN_POINT('Ctrl Pts',(-11.8674999967783,24.6879998674404,5.));
#4442=CARTESIAN_POINT('Ctrl Pts',(-12.1341666574845,24.521333204499,5.));
#4443=CARTESIAN_POINT('Ctrl Pts',(-12.4008333181907,24.3546665415576,5.));
#4444=CARTESIAN_POINT('Ctrl Pts',(-12.6674999788969,24.1879998786162,5.));
#4445=CARTESIAN_POINT('',(-12.5499997138977,24.2614375442407,5.));
#4446=CARTESIAN_POINT('Ctrl Pts',(-11.9283006751763,24.6499994434416,5.));
#4447=CARTESIAN_POINT('Ctrl Pts',(-12.1355336880834,24.5204788103747,5.));
#4448=CARTESIAN_POINT('Ctrl Pts',(-12.3427667009906,24.3909581773077,5.));
#4449=CARTESIAN_POINT('Ctrl Pts',(-12.5499997138977,24.2614375442407,5.));
#4450=CARTESIAN_POINT('Ctrl Pts',(-12.5499997138977,24.2614375442407,5.));
#4451=CARTESIAN_POINT('Ctrl Pts',(-12.5510846535217,24.2620388694685,5.));
#4452=CARTESIAN_POINT('Ctrl Pts',(-12.552169716497,24.2626403103389,5.00000174179781));
#4453=CARTESIAN_POINT('Ctrl Pts',(-12.5532547251791,24.2632417507946,5.00000528288283));
#4454=CARTESIAN_POINT('Ctrl Pts',(-12.5652245149541,24.2698768274865,5.00004434804791));
#4455=CARTESIAN_POINT('Ctrl Pts',(-12.5765577907203,24.2761612396764,5.0003010501204));
#4456=CARTESIAN_POINT('Ctrl Pts',(-12.5872886853057,24.2821008602857,5.0007802209149));
#4457=CARTESIAN_POINT('Ctrl Pts',(-12.5982399309689,24.2881624466633,5.00126923113147));
#4458=CARTESIAN_POINT('Ctrl Pts',(-12.6085638266333,24.2938649745416,5.00198995407885));
#4459=CARTESIAN_POINT('Ctrl Pts',(-12.6183253111319,24.2992605418774,5.0029385662112));
#4460=CARTESIAN_POINT('Ctrl Pts',(-12.623428323483,24.3020811832215,5.00343447228251));
#4461=CARTESIAN_POINT('Ctrl Pts',(-12.6283781044195,24.3048186863758,5.00399250926771));
#4462=CARTESIAN_POINT('Ctrl Pts',(-12.6331868674959,24.3074851919152,5.00461118124205));
#4463=CARTESIAN_POINT('Ctrl Pts',(-12.6448528327341,24.313954082238,5.00611206736011));
#4464=CARTESIAN_POINT('Ctrl Pts',(-12.6556872996488,24.3200026373899,5.00797010553477));
#4465=CARTESIAN_POINT('Ctrl Pts',(-12.6657435566819,24.3256104471245,5.01022316824842));
#4466=CARTESIAN_POINT('Ctrl Pts',(-12.6752665846151,24.3309209049391,5.01235676319202));
#4467=CARTESIAN_POINT('Ctrl Pts',(-12.6841121738518,24.3358485945433,5.01484987075848));
#4468=CARTESIAN_POINT('Ctrl Pts',(-12.6923217857777,24.3404032931327,5.01772603235314));
#4469=CARTESIAN_POINT('Ctrl Pts',(-12.7011598989341,24.3453066846558,5.02082238353988));
#4470=CARTESIAN_POINT('Ctrl Pts',(-12.7092611192822,24.3497780909507,5.02436303646757));
#4471=CARTESIAN_POINT('Ctrl Pts',(-12.7167088382336,24.3538803669897,5.02836069289007));
#4472=CARTESIAN_POINT('Ctrl Pts',(-12.7201067632395,24.355751977133,5.03018457169262));
#4473=CARTESIAN_POINT('Ctrl Pts',(-12.723369055977,24.3575473847822,5.0321033241885));
#4474=CARTESIAN_POINT('Ctrl Pts',(-12.7265053354013,24.3592752783406,5.03411682464033));
#4475=CARTESIAN_POINT('Ctrl Pts',(-12.7284144599169,24.3603270863929,5.03534248809527));
#4476=CARTESIAN_POINT('Ctrl Pts',(-12.7302891102164,24.3613609492817,5.03661127081524));
#4477=CARTESIAN_POINT('Ctrl Pts',(-12.7321296710862,24.3623778849883,5.03792410743335));
#4478=CARTESIAN_POINT('Ctrl Pts',(-12.7389602069615,24.3661518519026,5.04279619711301));
#4479=CARTESIAN_POINT('Ctrl Pts',(-12.7453193037322,24.3696895770139,5.04827553895198));
#4480=CARTESIAN_POINT('Ctrl Pts',(-12.7511618181792,24.3729393942695,5.05449297130105));
#4481=CARTESIAN_POINT('Ctrl Pts',(-12.7550348723596,24.375093726693,5.05861456185414));
#4482=CARTESIAN_POINT('Ctrl Pts',(-12.7586814983599,24.3771224712416,5.06306048122384));
#4483=CARTESIAN_POINT('Ctrl Pts',(-12.7620948296822,24.3790206318367,5.06786437370382));
#4484=CARTESIAN_POINT('Ctrl Pts',(-12.7669227923824,24.3817054718616,5.07465920594222));
#4485=CARTESIAN_POINT('Ctrl Pts',(-12.7712402261705,24.384101165095,5.08210768075871));
#4486=CARTESIAN_POINT('Ctrl Pts',(-12.7750770312427,24.3862287756329,5.09024121595397));
#4487=CARTESIAN_POINT('Ctrl Pts',(-12.7778222321851,24.3877510626253,5.0960606902465));
#4488=CARTESIAN_POINT('Ctrl Pts',(-12.7803216923368,24.3891366009449,5.10223010686087));
#4489=CARTESIAN_POINT('Ctrl Pts',(-12.782589705427,24.3903984529652,5.10874568293795));
#4490=CARTESIAN_POINT('Ctrl Pts',(-12.7843556878122,24.3913809906984,5.1138190189922));
#4491=CARTESIAN_POINT('Ctrl Pts',(-12.7859813478386,24.3922885417721,5.11910237570244));
#4492=CARTESIAN_POINT('Ctrl Pts',(-12.7874677634373,24.3931182008345,5.12463108198986));
#4493=CARTESIAN_POINT('Ctrl Pts',(-12.7896738799188,24.3943495687865,5.13283670770612));
#4494=CARTESIAN_POINT('Ctrl Pts',(-12.7915834448883,24.39541416526,5.141620946994));
#4495=CARTESIAN_POINT('Ctrl Pts',(-12.793197870953,24.396308886877,5.15108635279484));
#4496=CARTESIAN_POINT('Ctrl Pts',(-12.7947654640153,24.3971776534498,5.16027717595497));
#4497=CARTESIAN_POINT('Ctrl Pts',(-12.7960548068202,24.3978862798007,5.17011056499157));
#4498=CARTESIAN_POINT('Ctrl Pts',(-12.7970719036169,24.3984394625435,5.18063393542784));
#4499=CARTESIAN_POINT('Ctrl Pts',(-12.798063815534,24.3989789476317,5.19089673104241));
#4500=CARTESIAN_POINT('Ctrl Pts',(-12.7987968157777,24.3993706219277,5.20181591640139));
#4501=CARTESIAN_POINT('Ctrl Pts',(-12.7992807878295,24.3996257446115,5.21338698929219));
#4502=CARTESIAN_POINT('Ctrl Pts',(-12.7997647598813,24.3998808672954,5.22495806218299));
#4503=CARTESIAN_POINT('Ctrl Pts',(-12.7999997138977,24.3999994546175,5.23718120867646));
#4504=CARTESIAN_POINT('Ctrl Pts',(-12.7999997138977,24.3999994546175,5.25));
#4505=CARTESIAN_POINT('Ctrl Pts',(-12.7999997138977,24.3999994546175,5.25));
#4506=CARTESIAN_POINT('Ctrl Pts',(-12.7999997138977,12.5999997183681,5.25));
#4507=CARTESIAN_POINT('Ctrl Pts',(-12.7999997138977,0.799999982118611,5.25));
#4508=CARTESIAN_POINT('Ctrl Pts',(-12.7999997138977,-10.9999997541308,5.25));
#4509=CARTESIAN_POINT('Ctrl Pts',(-12.7999997138977,24.3999994546175,5.18265649702985));
#4510=CARTESIAN_POINT('Ctrl Pts',(-12.7999997138977,12.5999997183681,5.18265649702985));
#4511=CARTESIAN_POINT('Ctrl Pts',(-12.7999997138977,0.799999982118593,5.18265649702985));
#4512=CARTESIAN_POINT('Ctrl Pts',(-12.7999997138977,-10.9999997541308,5.18265649702985));
#4513=CARTESIAN_POINT('Ctrl Pts',(-12.7876105522885,24.3999994546175,5.0989231386531));
#4514=CARTESIAN_POINT('Ctrl Pts',(-12.7876105522885,12.599999718368,5.0989231386531));
#4515=CARTESIAN_POINT('Ctrl Pts',(-12.7876105522885,0.799999982118629,5.0989231386531));
#4516=CARTESIAN_POINT('Ctrl Pts',(-12.7876105522885,-10.9999997541308,5.0989231386531));
#4517=CARTESIAN_POINT('Ctrl Pts',(-12.7391482646129,24.3999994546175,5.03225836679704));
#4518=CARTESIAN_POINT('Ctrl Pts',(-12.7391482646129,12.5999997183681,5.03225836679704));
#4519=CARTESIAN_POINT('Ctrl Pts',(-12.7391482646129,0.799999982118593,5.03225836679704));
#4520=CARTESIAN_POINT('Ctrl Pts',(-12.7391482646129,-10.9999997541308,5.03225836679704));
#4521=CARTESIAN_POINT('Ctrl Pts',(-12.6636498813689,24.3999994546175,5.00503309343187));
#4522=CARTESIAN_POINT('Ctrl Pts',(-12.6636498813689,12.599999718368,5.00503309343187));
#4523=CARTESIAN_POINT('Ctrl Pts',(-12.6636498813689,0.799999982118631,5.00503309343187));
#4524=CARTESIAN_POINT('Ctrl Pts',(-12.6636498813689,-10.9999997541308,5.00503309343187));
#4525=CARTESIAN_POINT('Ctrl Pts',(-12.5836714653828,24.3999994546175,5.));
#4526=CARTESIAN_POINT('Ctrl Pts',(-12.5836714653828,12.5999997183681,5.));
#4527=CARTESIAN_POINT('Ctrl Pts',(-12.5836714653828,0.799999982118595,5.));
#4528=CARTESIAN_POINT('Ctrl Pts',(-12.5836714653828,-10.9999997541308,5.));
#4529=CARTESIAN_POINT('Ctrl Pts',(-12.5499997138977,24.3999994546175,5.));
#4530=CARTESIAN_POINT('Ctrl Pts',(-12.5499997138977,12.5999997183681,5.));
#4531=CARTESIAN_POINT('Ctrl Pts',(-12.5499997138977,0.799999982118609,5.));
#4532=CARTESIAN_POINT('Ctrl Pts',(-12.5499997138977,-10.9999997541308,5.));
#4533=CARTESIAN_POINT('',(-12.5499997138977,-10.8964463635376,5.));
#4534=CARTESIAN_POINT('Ctrl Pts',(-12.5499997138977,24.2614375442407,5.));
#4535=CARTESIAN_POINT('Ctrl Pts',(-12.5499997138977,12.5421429083146,5.));
#4536=CARTESIAN_POINT('Ctrl Pts',(-12.5499997138977,0.822848272388533,5.));
#4537=CARTESIAN_POINT('Ctrl Pts',(-12.5499997138977,-10.8964463635376,5.));
#4538=CARTESIAN_POINT('Ctrl Pts',(-12.5499997138977,-10.8964463635376,5.));
#4539=CARTESIAN_POINT('Ctrl Pts',(-12.5510862557085,-10.8968964238917,5.));
#4540=CARTESIAN_POINT('Ctrl Pts',(-12.5521729612905,-10.8973465166461,5.00000174694607));
#4541=CARTESIAN_POINT('Ctrl Pts',(-12.5532596372318,-10.8977965748984,5.00000529858105));
#4542=CARTESIAN_POINT('Ctrl Pts',(-12.5642389123412,-10.9023437569782,5.00004118267133));
#4543=CARTESIAN_POINT('Ctrl Pts',(-12.5749476323336,-10.9067714306705,5.00026080286872));
#4544=CARTESIAN_POINT('Ctrl Pts',(-12.5853223862131,-10.9110697761204,5.00069527649185));
#4545=CARTESIAN_POINT('Ctrl Pts',(-12.5949672005496,-10.915065701643,5.0010991817293));
#4546=CARTESIAN_POINT('Ctrl Pts',(-12.6043231768713,-10.9189498570979,5.00168881813394));
#4547=CARTESIAN_POINT('Ctrl Pts',(-12.6133832752832,-10.9227143529159,5.00248484004454));
#4548=CARTESIAN_POINT('Ctrl Pts',(-12.6201256405822,-10.9255158242486,5.00307722549812));
#4549=CARTESIAN_POINT('Ctrl Pts',(-12.6267049545028,-10.928251027193,5.00378383094333));
#4550=CARTESIAN_POINT('Ctrl Pts',(-12.633137144258,-10.9309167101922,5.00461118124205));
#4551=CARTESIAN_POINT('Ctrl Pts',(-12.6429126061423,-10.9349679405735,5.00586856505968));
#4552=CARTESIAN_POINT('Ctrl Pts',(-12.6523493522042,-10.9388586002555,5.00740386201279));
#4553=CARTESIAN_POINT('Ctrl Pts',(-12.6613826093903,-10.9425772755319,5.00927963638915));
#4554=CARTESIAN_POINT('Ctrl Pts',(-12.6710921750192,-10.9465743632828,5.01129584760033));
#4555=CARTESIAN_POINT('Ctrl Pts',(-12.68012198191,-10.9502920411902,5.01366304251956));
#4556=CARTESIAN_POINT('Ctrl Pts',(-12.6884952751563,-10.9537528020506,5.01640574466762));
#4557=CARTESIAN_POINT('Ctrl Pts',(-12.6974731193636,-10.9574634295097,5.01934646964497));
#4558=CARTESIAN_POINT('Ctrl Pts',(-12.705696549377,-10.9608787018862,5.02271920829314));
#4559=CARTESIAN_POINT('Ctrl Pts',(-12.7132536436371,-10.9640263441284,5.02653847095741));
#4560=CARTESIAN_POINT('Ctrl Pts',(-12.7167745108229,-10.9654928377173,5.02831787400911));
#4561=CARTESIAN_POINT('Ctrl Pts',(-12.7201515135293,-10.9669012381971,5.03019395659501));
#4562=CARTESIAN_POINT('Ctrl Pts',(-12.7233970403211,-10.9682543494204,5.03216683820902));
#4563=CARTESIAN_POINT('Ctrl Pts',(-12.7263889627095,-10.9695017289748,5.03398555949817));
#4564=CARTESIAN_POINT('Ctrl Pts',(-12.7292970928229,-10.9707132541692,5.03590359177216));
#4565=CARTESIAN_POINT('Ctrl Pts',(-12.73212563591,-10.9718885288892,5.03792410743335));
#4566=CARTESIAN_POINT('Ctrl Pts',(-12.7390150919688,-10.974751134581,5.04284545861497));
#4567=CARTESIAN_POINT('Ctrl Pts',(-12.7454295548082,-10.9773986811024,5.04837531626439));
#4568=CARTESIAN_POINT('Ctrl Pts',(-12.7513090864843,-10.9798254446183,5.05464225952755));
#4569=CARTESIAN_POINT('Ctrl Pts',(-12.7544083644991,-10.9811046646696,5.05794575384412));
#4570=CARTESIAN_POINT('Ctrl Pts',(-12.7573598626114,-10.9823225366031,5.06145389844817));
#4571=CARTESIAN_POINT('Ctrl Pts',(-12.7601602145431,-10.9834782220395,5.06518328840331));
#4572=CARTESIAN_POINT('Ctrl Pts',(-12.7651402037878,-10.9855334283793,5.07181542690534));
#4573=CARTESIAN_POINT('Ctrl Pts',(-12.7695992468709,-10.9873770768601,5.07909442465402));
#4574=CARTESIAN_POINT('Ctrl Pts',(-12.7735685431166,-10.989020113879,5.08705647493615));
#4575=CARTESIAN_POINT('Ctrl Pts',(-12.7769296159547,-10.9904113849644,5.09379848391755));
#4576=CARTESIAN_POINT('Ctrl Pts',(-12.7799401665169,-10.9916588144303,5.10102989241638));
#4577=CARTESIAN_POINT('Ctrl Pts',(-12.7826307947448,-10.9927690483392,5.10874568293795));
#4578=CARTESIAN_POINT('Ctrl Pts',(-12.784036550103,-10.9933491051639,5.11277690276813));
#4579=CARTESIAN_POINT('Ctrl Pts',(-12.7853550867583,-10.9938917119599,5.11694005021526));
#4580=CARTESIAN_POINT('Ctrl Pts',(-12.7865853725775,-10.994397816562,5.12125323931355));
#4581=CARTESIAN_POINT('Ctrl Pts',(-12.7887364552605,-10.9952827108105,5.1287945977797));
#4582=CARTESIAN_POINT('Ctrl Pts',(-12.7905774804367,-10.9960426399469,5.13665672533256));
#4583=CARTESIAN_POINT('Ctrl Pts',(-12.7921419749136,-10.9966911397012,5.14486236245013));
#4584=CARTESIAN_POINT('Ctrl Pts',(-12.7938027233311,-10.997379537747,5.1535728430936));
#4585=CARTESIAN_POINT('Ctrl Pts',(-12.7951519067903,-10.9979423734679,5.16267030803594));
#4586=CARTESIAN_POINT('Ctrl Pts',(-12.796232365758,-10.9983958377687,5.17212200669794));
#4587=CARTESIAN_POINT('Ctrl Pts',(-12.7973609731408,-10.9988695097664,5.18199490072561));
#4588=CARTESIAN_POINT('Ctrl Pts',(-12.7981964417517,-10.9992238453268,5.19225386106938));
#4589=CARTESIAN_POINT('Ctrl Pts',(-12.7987896315762,-10.9994772977881,5.20280246781761));
#4590=CARTESIAN_POINT('Ctrl Pts',(-12.7994364806313,-10.9997536772511,5.21430528871446));
#4591=CARTESIAN_POINT('Ctrl Pts',(-12.7997953445644,-10.9999100965846,5.22615215376633));
#4592=CARTESIAN_POINT('Ctrl Pts',(-12.7999331346751,-10.9999704835853,5.23815515003896));
#4593=CARTESIAN_POINT('Ctrl Pts',(-12.7999783017366,-10.9999902782089,5.24208968546249));
#4594=CARTESIAN_POINT('Ctrl Pts',(-12.7999997138977,-10.9999997541308,5.24604055930548));
#4595=CARTESIAN_POINT('Ctrl Pts',(-12.7999997138977,-10.9999997541308,5.25));
#4596=CARTESIAN_POINT('Ctrl Pts',(-12.7999997138977,-10.9999997541308,5.25));
#4597=CARTESIAN_POINT('Ctrl Pts',(-12.4999997206032,-11.2999997474253,5.25));
#4598=CARTESIAN_POINT('Ctrl Pts',(-12.1999997273088,-11.5999997407198,5.25));
#4599=CARTESIAN_POINT('Ctrl Pts',(-11.8999997340143,-11.8999997340143,5.25));
#4600=CARTESIAN_POINT('Ctrl Pts',(-12.7999997138977,-10.9999997541308,5.18265649702986));
#4601=CARTESIAN_POINT('Ctrl Pts',(-12.4999997206032,-11.2999997474253,5.18265649702986));
#4602=CARTESIAN_POINT('Ctrl Pts',(-12.1999997273088,-11.5999997407198,5.18265649702986));
#4603=CARTESIAN_POINT('Ctrl Pts',(-11.8999997340143,-11.8999997340143,5.18265649702986));
#4604=CARTESIAN_POINT('Ctrl Pts',(-12.7912295466914,-10.9912295869246,5.09898740072753));
#4605=CARTESIAN_POINT('Ctrl Pts',(-12.491229553397,-11.291229580219,5.09898740072753));
#4606=CARTESIAN_POINT('Ctrl Pts',(-12.1912295601025,-11.5912295735135,5.09898740072753));
#4607=CARTESIAN_POINT('Ctrl Pts',(-11.891229566808,-11.891229566808,5.09898740072753));
#4608=CARTESIAN_POINT('Ctrl Pts',(-12.7569676917194,-10.9569677319526,5.03228430824635));
#4609=CARTESIAN_POINT('Ctrl Pts',(-12.456967698425,-11.256967725247,5.03228430824635));
#4610=CARTESIAN_POINT('Ctrl Pts',(-12.1569677051305,-11.5569677185415,5.03228430824635));
#4611=CARTESIAN_POINT('Ctrl Pts',(-11.856967711836,-11.856967711836,5.03228430824635));
#4612=CARTESIAN_POINT('Ctrl Pts',(-12.703582173773,-10.9035822140061,5.00505612525469));
#4613=CARTESIAN_POINT('Ctrl Pts',(-12.4035821804785,-11.2035822073006,5.00505612525469));
#4614=CARTESIAN_POINT('Ctrl Pts',(-12.1035821871841,-11.5035822005951,5.00505612525469));
#4615=CARTESIAN_POINT('Ctrl Pts',(-11.8035821938896,-11.8035821938896,5.00505612525469));
#4616=CARTESIAN_POINT('Ctrl Pts',(-12.6470325424106,-10.8470325826437,5.));
#4617=CARTESIAN_POINT('Ctrl Pts',(-12.3470325491161,-11.1470325759382,5.));
#4618=CARTESIAN_POINT('Ctrl Pts',(-12.0470325558216,-11.4470325692327,5.));
#4619=CARTESIAN_POINT('Ctrl Pts',(-11.7470325625272,-11.7470325625272,5.));
#4620=CARTESIAN_POINT('Ctrl Pts',(-12.6232230186011,-10.8232230588342,5.));
#4621=CARTESIAN_POINT('Ctrl Pts',(-12.3232230253066,-11.1232230521287,5.));
#4622=CARTESIAN_POINT('Ctrl Pts',(-12.0232230320121,-11.4232230454232,5.));
#4623=CARTESIAN_POINT('Ctrl Pts',(-11.7232230387176,-11.7232230387176,5.));
#4624=CARTESIAN_POINT('',(-11.796446343421,-11.6499997340143,5.));
#4625=CARTESIAN_POINT('Ctrl Pts',(-12.5499997138977,-10.8964463635376,5.));
#4626=CARTESIAN_POINT('Ctrl Pts',(-12.2988152570721,-11.1476308203631,5.));
#4627=CARTESIAN_POINT('Ctrl Pts',(-12.0476308002466,-11.3988152771887,5.));
#4628=CARTESIAN_POINT('Ctrl Pts',(-11.796446343421,-11.6499997340143,5.));
#4629=CARTESIAN_POINT('Ctrl Pts',(-11.796446343421,-11.6499997340143,5.));
#4630=CARTESIAN_POINT('Ctrl Pts',(-11.7968960847057,-11.6510855055234,5.));
#4631=CARTESIAN_POINT('Ctrl Pts',(-11.7973459174628,-11.6521714142294,5.00000175245465));
#4632=CARTESIAN_POINT('Ctrl Pts',(-11.7977957524338,-11.6532572764584,5.000005314964));
#4633=CARTESIAN_POINT('Ctrl Pts',(-11.8023424667775,-11.6642326467383,5.00004132308557));
#4634=CARTESIAN_POINT('Ctrl Pts',(-11.8067823216823,-11.6749322597491,5.00026177307349));
#4635=CARTESIAN_POINT('Ctrl Pts',(-11.8110774886042,-11.6853044120445,5.00069751254475));
#4636=CARTESIAN_POINT('Ctrl Pts',(-11.8150705169233,-11.694946947154,5.00110260042146));
#4637=CARTESIAN_POINT('Ctrl Pts',(-11.818938346985,-11.7043063207445,5.0016938019293));
#4638=CARTESIAN_POINT('Ctrl Pts',(-11.8226816183634,-11.7133720243901,5.00249139230828));
#4639=CARTESIAN_POINT('Ctrl Pts',(-11.825470839768,-11.720127146341,5.00308570031652));
#4640=CARTESIAN_POINT('Ctrl Pts',(-11.8281914738641,-11.7267197874071,5.00379451843283));
#4641=CARTESIAN_POINT('Ctrl Pts',(-11.8308571514709,-11.733158966379,5.00462417067427));
#4642=CARTESIAN_POINT('Ctrl Pts',(-11.8349053575714,-11.742937764659,5.00588411420852));
#4643=CARTESIAN_POINT('Ctrl Pts',(-11.8388276027171,-11.7523634215504,5.0074217420591));
#4644=CARTESIAN_POINT('Ctrl Pts',(-11.8425861174427,-11.7613820144474,5.0092997455063));
#4645=CARTESIAN_POINT('Ctrl Pts',(-11.8466255075954,-11.771074570683,5.01131809296143));
#4646=CARTESIAN_POINT('Ctrl Pts',(-11.8503818069451,-11.7800888158298,5.01368715708093));
#4647=CARTESIAN_POINT('Ctrl Pts',(-11.8538555179693,-11.7884570712872,5.01643168033054));
#4648=CARTESIAN_POINT('Ctrl Pts',(-11.857579914263,-11.7974292337361,5.01937426598245));
#4649=CARTESIAN_POINT('Ctrl Pts',(-11.8609796917278,-11.8056590326539,5.02274878458685));
#4650=CARTESIAN_POINT('Ctrl Pts',(-11.8640974927305,-11.8132283271989,5.02657005506427));
#4651=CARTESIAN_POINT('Ctrl Pts',(-11.8655489350263,-11.8167520909804,5.0283489863012));
#4652=CARTESIAN_POINT('Ctrl Pts',(-11.8669398132205,-11.820133255379,5.03022449396335));
#4653=CARTESIAN_POINT('Ctrl Pts',(-11.8682768849012,-11.8233825346196,5.03219672976207));
#4654=CARTESIAN_POINT('Ctrl Pts',(-11.8695102620239,-11.8263798209569,5.03401601181686));
#4655=CARTESIAN_POINT('Ctrl Pts',(-11.8707097362791,-11.8292925067306,5.03593465261166));
#4656=CARTESIAN_POINT('Ctrl Pts',(-11.8718785552779,-11.8321232795396,5.03795585372821));
#4657=CARTESIAN_POINT('Ctrl Pts',(-11.874724603274,-11.8390161477157,5.04287743302613));
#4658=CARTESIAN_POINT('Ctrl Pts',(-11.8773868881609,-11.8454213399068,5.04840763405039));
#4659=CARTESIAN_POINT('Ctrl Pts',(-11.8798272356764,-11.8512925968072,5.05467410516513));
#4660=CARTESIAN_POINT('Ctrl Pts',(-11.8811149765603,-11.8543907856929,5.05798084365233));
#4661=CARTESIAN_POINT('Ctrl Pts',(-11.8823415261762,-11.8573409062112,5.06149243592882));
#4662=CARTESIAN_POINT('Ctrl Pts',(-11.8835051130599,-11.8601399989074,5.06522538162699));
#4663=CARTESIAN_POINT('Ctrl Pts',(-11.8855741906351,-11.8651173151785,5.07186326517678));
#4664=CARTESIAN_POINT('Ctrl Pts',(-11.8874243261838,-11.8695761451603,5.07914814644372));
#4665=CARTESIAN_POINT('Ctrl Pts',(-11.8890699794424,-11.8735464568052,5.08711559139971));
#4666=CARTESIAN_POINT('Ctrl Pts',(-11.8904616860677,-11.8769040954762,5.09385355146083));
#4667=CARTESIAN_POINT('Ctrl Pts',(-11.8917075997164,-11.879912802699,5.10107930415644));
#4668=CARTESIAN_POINT('Ctrl Pts',(-11.8928246805446,-11.8825989183506,5.10878749272292));
#4669=CARTESIAN_POINT('Ctrl Pts',(-11.8934087127604,-11.8840032733769,5.11281748798805));
#4670=CARTESIAN_POINT('Ctrl Pts',(-11.8939576068621,-11.8853195281233,5.11697906266344));
#4671=CARTESIAN_POINT('Ctrl Pts',(-11.8944699444549,-11.8865476046324,5.12129045121419));
#4672=CARTESIAN_POINT('Ctrl Pts',(-11.8953648664975,-11.8886927385312,5.12882133846977));
#4673=CARTESIAN_POINT('Ctrl Pts',(-11.8961292596624,-11.89053096,5.13667174349527));
#4674=CARTESIAN_POINT('Ctrl Pts',(-11.8967771270165,-11.8920953586864,5.14486495936573));
#4675=CARTESIAN_POINT('Ctrl Pts',(-11.8974647995523,-11.8937558745384,5.15356156909222));
#4676=CARTESIAN_POINT('Ctrl Pts',(-11.8980212150593,-11.8951079138528,5.16264431539931));
#4677=CARTESIAN_POINT('Ctrl Pts',(-11.8984650831127,-11.8961930114201,5.17208110762233));
#4678=CARTESIAN_POINT('Ctrl Pts',(-11.8989286874125,-11.8973263570033,5.18193749944209));
#4679=CARTESIAN_POINT('Ctrl Pts',(-11.8992695622221,-11.8981685435115,5.19217968080268));
#4680=CARTESIAN_POINT('Ctrl Pts',(-11.8995104948712,-11.8987683655929,5.2027119967935));
#4681=CARTESIAN_POINT('Ctrl Pts',(-11.8997731846809,-11.8994223539543,5.21419542210976));
#4682=CARTESIAN_POINT('Ctrl Pts',(-11.8999171433345,-11.8997883048935,5.22602337662839));
#4683=CARTESIAN_POINT('Ctrl Pts',(-11.8999726284528,-11.8999301844429,5.23800898305233));
#4684=CARTESIAN_POINT('Ctrl Pts',(-11.8999910657764,-11.8999773300425,5.24199171772812));
#4685=CARTESIAN_POINT('Ctrl Pts',(-11.8999997340143,-11.8999997340143,5.24599141090564));
#4686=CARTESIAN_POINT('Ctrl Pts',(-11.8999997340143,-11.8999997340143,5.25));
#4687=CARTESIAN_POINT('Ctrl Pts',(-11.8999997340143,-11.8999997340143,5.25));
#4688=CARTESIAN_POINT('Ctrl Pts',(-6.66666651765506,-11.8999997340143,5.25));
#4689=CARTESIAN_POINT('Ctrl Pts',(-1.43333330129584,-11.8999997340143,5.25));
#4690=CARTESIAN_POINT('Ctrl Pts',(3.79999991506338,-11.8999997340143,5.25));
#4691=CARTESIAN_POINT('Ctrl Pts',(-11.8999997340143,-11.8999997340143,5.18265649702985));
#4692=CARTESIAN_POINT('Ctrl Pts',(-6.66666651765506,-11.8999997340143,5.18265649702985));
#4693=CARTESIAN_POINT('Ctrl Pts',(-1.43333330129583,-11.8999997340143,5.18265649702985));
#4694=CARTESIAN_POINT('Ctrl Pts',(3.79999991506338,-11.8999997340143,5.18265649702985));
#4695=CARTESIAN_POINT('Ctrl Pts',(-11.8999997340143,-11.8875968446069,5.09898740072753));
#4696=CARTESIAN_POINT('Ctrl Pts',(-6.66666651765505,-11.8875968446069,5.09898740072753));
#4697=CARTESIAN_POINT('Ctrl Pts',(-1.43333330129584,-11.8875968446069,5.09898740072753));
#4698=CARTESIAN_POINT('Ctrl Pts',(3.79999991506338,-11.8875968446069,5.09898740072753));
#4699=CARTESIAN_POINT('Ctrl Pts',(-11.8999997340143,-11.8391432646334,5.03228430824634));
#4700=CARTESIAN_POINT('Ctrl Pts',(-6.66666651765506,-11.8391432646334,5.03228430824634));
#4701=CARTESIAN_POINT('Ctrl Pts',(-1.43333330129583,-11.8391432646334,5.03228430824634));
#4702=CARTESIAN_POINT('Ctrl Pts',(3.79999991506338,-11.8391432646334,5.03228430824634));
#4703=CARTESIAN_POINT('Ctrl Pts',(-11.8999997340143,-11.7636447411193,5.00505612525469));
#4704=CARTESIAN_POINT('Ctrl Pts',(-6.66666651765505,-11.7636447411193,5.00505612525469));
#4705=CARTESIAN_POINT('Ctrl Pts',(-1.43333330129585,-11.7636447411193,5.00505612525469));
#4706=CARTESIAN_POINT('Ctrl Pts',(3.79999991506338,-11.7636447411193,5.00505612525469));
#4707=CARTESIAN_POINT('Ctrl Pts',(-11.8999997340143,-11.6836714854993,5.));
#4708=CARTESIAN_POINT('Ctrl Pts',(-6.66666651765506,-11.6836714854993,5.));
#4709=CARTESIAN_POINT('Ctrl Pts',(-1.43333330129583,-11.6836714854993,5.));
#4710=CARTESIAN_POINT('Ctrl Pts',(3.79999991506338,-11.6836714854993,5.));
#4711=CARTESIAN_POINT('Ctrl Pts',(-11.8999997340143,-11.6499997340143,5.));
#4712=CARTESIAN_POINT('Ctrl Pts',(-6.66666651765506,-11.6499997340143,5.));
#4713=CARTESIAN_POINT('Ctrl Pts',(-1.43333330129584,-11.6499997340143,5.));
#4714=CARTESIAN_POINT('Ctrl Pts',(3.79999991506338,-11.6499997340143,5.));
#4715=CARTESIAN_POINT('',(3.71075907052027,-11.6499997340143,5.));
#4716=CARTESIAN_POINT('Ctrl Pts',(-11.796446343421,-11.6499997340143,5.));
#4717=CARTESIAN_POINT('Ctrl Pts',(-6.62737787210724,-11.6499997340143,5.));
#4718=CARTESIAN_POINT('Ctrl Pts',(-1.45830940079349,-11.6499997340143,5.));
#4719=CARTESIAN_POINT('Ctrl Pts',(3.71075907052027,-11.6499997340143,5.));
#4720=CARTESIAN_POINT('Ctrl Pts',(3.71075907052027,-11.6499997340143,5.));
#4721=CARTESIAN_POINT('Ctrl Pts',(3.71114690777886,-11.6510862243444,5.));
#4722=CARTESIAN_POINT('Ctrl Pts',(3.71153477292007,-11.6521728765325,5.00000175477583));
#4723=CARTESIAN_POINT('Ctrl Pts',(3.71192260829644,-11.653259497207,5.00000532204144));
#4724=CARTESIAN_POINT('Ctrl Pts',(3.71584213624415,-11.6642410640319,5.00004137341302));
#4725=CARTESIAN_POINT('Ctrl Pts',(3.71965818439348,-11.6749503645346,5.00026206063121));
#4726=CARTESIAN_POINT('Ctrl Pts',(3.72336240037808,-11.6853245240712,5.00069813579938));
#4727=CARTESIAN_POINT('Ctrl Pts',(3.72680691848499,-11.6949713644596,5.0011036382914));
#4728=CARTESIAN_POINT('Ctrl Pts',(3.73015473556797,-11.7043281973962,5.00169543349747));
#4729=CARTESIAN_POINT('Ctrl Pts',(3.73339913569879,-11.7133883822449,5.00249372931372));
#4730=CARTESIAN_POINT('Ctrl Pts',(3.7358126830185,-11.7201283600454,5.00308759093681));
#4731=CARTESIAN_POINT('Ctrl Pts',(3.73816899891449,-11.7267049804299,5.00379564979837));
#4732=CARTESIAN_POINT('Ctrl Pts',(3.74046531854508,-11.7331343068558,5.00462417067427));
#4733=CARTESIAN_POINT('Ctrl Pts',(3.74392487807434,-11.7428205183079,5.00587239293968));
#4734=CARTESIAN_POINT('Ctrl Pts',(3.74724826142064,-11.7521735305243,5.00739307455195));
#4735=CARTESIAN_POINT('Ctrl Pts',(3.75042601414688,-11.7611304537425,5.0092470197721));
#4736=CARTESIAN_POINT('Ctrl Pts',(3.75387142973124,-11.7708418207062,5.01125712323337));
#4737=CARTESIAN_POINT('Ctrl Pts',(3.75707635294014,-11.7798748934545,5.01361694091008));
#4738=CARTESIAN_POINT('Ctrl Pts',(3.76006008926554,-11.7882522017893,5.01635119681184));
#4739=CARTESIAN_POINT('Ctrl Pts',(3.7632572579412,-11.7972287549674,5.01928103925331));
#4740=CARTESIAN_POINT('Ctrl Pts',(3.76620046412198,-11.8054526955532,5.02264112907721));
#4741=CARTESIAN_POINT('Ctrl Pts',(3.76891345958978,-11.8130110349972,5.0264462735311));
#4742=CARTESIAN_POINT('Ctrl Pts',(3.77014445279468,-11.8164405521513,5.02817281787001));
#4743=CARTESIAN_POINT('Ctrl Pts',(3.77132805032547,-11.8197337753009,5.02999075508369));
#4744=CARTESIAN_POINT('Ctrl Pts',(3.77246647097092,-11.8229020220444,5.03190024050406));
#4745=CARTESIAN_POINT('Ctrl Pts',(3.77360421858589,-11.8260683957311,5.03380859704305));
#4746=CARTESIAN_POINT('Ctrl Pts',(3.77470682681969,-11.8291389633533,5.03582598281627));
#4747=CARTESIAN_POINT('Ctrl Pts',(3.77577405906911,-11.8321191565928,5.03795585372821));
#4748=CARTESIAN_POINT('Ctrl Pts',(3.77824982040926,-11.8390325976105,5.04289672022295));
#4749=CARTESIAN_POINT('Ctrl Pts',(3.78053520749872,-11.8454570129557,5.04844356504549));
#4750=CARTESIAN_POINT('Ctrl Pts',(3.78262726661222,-11.8513381519252,5.05472069726697));
#4751=CARTESIAN_POINT('Ctrl Pts',(3.7836950369537,-11.8543398385053,5.05792449565507));
#4752=CARTESIAN_POINT('Ctrl Pts',(3.78471244534863,-11.8572008142072,5.06131833814586));
#4753=CARTESIAN_POINT('Ctrl Pts',(3.7856790990781,-11.8599186473103,5.06491655312282));
#4754=CARTESIAN_POINT('Ctrl Pts',(3.78745831110634,-11.8649210604811,5.07153938731053));
#4755=CARTESIAN_POINT('Ctrl Pts',(3.78905460169261,-11.8694010599539,5.07880942873487));
#4756=CARTESIAN_POINT('Ctrl Pts',(3.79047743268228,-11.8733897387013,5.08676315448277));
#4757=CARTESIAN_POINT('Ctrl Pts',(3.79170069680445,-11.8768189637056,5.09360128734301));
#4758=CARTESIAN_POINT('Ctrl Pts',(3.79279574789266,-11.8798856638036,5.10094447300731));
#4759=CARTESIAN_POINT('Ctrl Pts',(3.7937685987449,-11.8826219702965,5.10878749272292));
#4760=CARTESIAN_POINT('Ctrl Pts',(3.79426847127985,-11.8840279457961,5.11281741173667));
#4761=CARTESIAN_POINT('Ctrl Pts',(3.79473608131106,-11.885346809375,5.11697898261478));
#4762=CARTESIAN_POINT('Ctrl Pts',(3.79517224451068,-11.8865774964368,5.12129047232434));
#4763=CARTESIAN_POINT('Ctrl Pts',(3.79593368808914,-11.8887260013108,5.12881737087008));
#4764=CARTESIAN_POINT('Ctrl Pts',(3.79658768915355,-11.8905653016648,5.13666270110155));
#4765=CARTESIAN_POINT('Ctrl Pts',(3.7971459056981,-11.8921287856327,5.14484933397997));
#4766=CARTESIAN_POINT('Ctrl Pts',(3.79773861374361,-11.8937888753163,5.15354180864793));
#4767=CARTESIAN_POINT('Ctrl Pts',(3.79822333476741,-11.8951380499742,5.16261897300497));
#4768=CARTESIAN_POINT('Ctrl Pts',(3.79861402403778,-11.8962190414046,5.17204820153903));
#4769=CARTESIAN_POINT('Ctrl Pts',(3.79902219018382,-11.8973483893021,5.18189923191722));
#4770=CARTESIAN_POINT('Ctrl Pts',(3.79932772368338,-11.8981850938418,5.19213408523656));
#4771=CARTESIAN_POINT('Ctrl Pts',(3.79954653763232,-11.8987799407043,5.20265640992186));
#4772=CARTESIAN_POINT('Ctrl Pts',(3.79978528099361,-11.8994289657782,5.2141371001432));
#4773=CARTESIAN_POINT('Ctrl Pts',(3.79992078872337,-11.8997901797762,5.22595963740816));
#4774=CARTESIAN_POINT('Ctrl Pts',(3.7999737300174,-11.8999305342346,5.23793585272276));
#4775=CARTESIAN_POINT('Ctrl Pts',(3.7999914448391,-11.8999774985987,5.24194324473789));
#4776=CARTESIAN_POINT('Ctrl Pts',(3.79999991506338,-11.8999997340143,5.24596738806918));
#4777=CARTESIAN_POINT('Ctrl Pts',(3.79999991506338,-11.8999997340143,5.25));
#4778=CARTESIAN_POINT('Ctrl Pts',(3.79999991506338,-11.8999997340143,5.25));
#4779=CARTESIAN_POINT('Ctrl Pts',(4.16666657353441,-11.5999997407198,5.25));
#4780=CARTESIAN_POINT('Ctrl Pts',(4.53333323200544,-11.2999997474253,5.25));
#4781=CARTESIAN_POINT('Ctrl Pts',(4.89999989047647,-10.9999997541308,5.25));
#4782=CARTESIAN_POINT('Ctrl Pts',(3.79999991506338,-11.8999997340143,5.18265649702985));
#4783=CARTESIAN_POINT('Ctrl Pts',(4.16666657353441,-11.5999997407198,5.18265649702985));
#4784=CARTESIAN_POINT('Ctrl Pts',(4.53333323200544,-11.2999997474253,5.18265649702985));
#4785=CARTESIAN_POINT('Ctrl Pts',(4.89999989047647,-10.9999997541308,5.18265649702985));
#4786=CARTESIAN_POINT('Ctrl Pts',(3.79213758514304,-11.8903902196672,5.09904893701029));
#4787=CARTESIAN_POINT('Ctrl Pts',(4.15880424361406,-11.5903902263727,5.09904893701029));
#4788=CARTESIAN_POINT('Ctrl Pts',(4.52547090208509,-11.2903902330782,5.09904893701029));
#4789=CARTESIAN_POINT('Ctrl Pts',(4.89213756055612,-10.9903902397838,5.09904893701029));
#4790=CARTESIAN_POINT('Ctrl Pts',(3.76146055706959,-11.8528960742441,5.03230723171734));
#4791=CARTESIAN_POINT('Ctrl Pts',(4.12812721554062,-11.5528960809496,5.03230723171734));
#4792=CARTESIAN_POINT('Ctrl Pts',(4.49479387401165,-11.2528960876551,5.03230723171734));
#4793=CARTESIAN_POINT('Ctrl Pts',(4.86146053248268,-10.9528960943606,5.03230723171734));
#4794=CARTESIAN_POINT('Ctrl Pts',(3.71365176593422,-11.7944631073009,5.00507701398147));
#4795=CARTESIAN_POINT('Ctrl Pts',(4.08031842440525,-11.4944631140064,5.00507701398147));
#4796=CARTESIAN_POINT('Ctrl Pts',(4.44698508287628,-11.1944631207119,5.00507701398147));
#4797=CARTESIAN_POINT('Ctrl Pts',(4.81365174134731,-10.8944631274174,5.00507701398147));
#4798=CARTESIAN_POINT('Ctrl Pts',(3.66301269300356,-11.7325709070523,5.));
#4799=CARTESIAN_POINT('Ctrl Pts',(4.02967935147459,-11.4325709137578,5.));
#4800=CARTESIAN_POINT('Ctrl Pts',(4.39634600994562,-11.1325709204633,5.));
#4801=CARTESIAN_POINT('Ctrl Pts',(4.76301266841665,-10.8325709271688,5.));
#4802=CARTESIAN_POINT('Ctrl Pts',(3.64169046749906,-11.7065104092134,5.));
#4803=CARTESIAN_POINT('Ctrl Pts',(4.00835712597009,-11.406510415919,5.));
#4804=CARTESIAN_POINT('Ctrl Pts',(4.37502378444112,-11.1065104226245,5.));
#4805=CARTESIAN_POINT('Ctrl Pts',(4.74169044291215,-10.80651042933,5.));
#4806=CARTESIAN_POINT('',(4.64999989047647,-10.8815299722319,5.));
#4807=CARTESIAN_POINT('Ctrl Pts',(3.71075907052027,-11.6499997340143,5.));
#4808=CARTESIAN_POINT('Ctrl Pts',(4.023839343839,-11.3938431467535,5.));
#4809=CARTESIAN_POINT('Ctrl Pts',(4.33691961715773,-11.1376865594927,5.));
#4810=CARTESIAN_POINT('Ctrl Pts',(4.64999989047646,-10.8815299722319,5.));
#4811=CARTESIAN_POINT('Ctrl Pts',(4.64999989047647,-10.8815299722319,5.));
#4812=CARTESIAN_POINT('Ctrl Pts',(4.65108590158298,-10.8820446102277,5.));
#4813=CARTESIAN_POINT('Ctrl Pts',(4.65217204285045,-10.8825593487741,5.00000176047313));
#4814=CARTESIAN_POINT('Ctrl Pts',(4.65325813283299,-10.8830740868014,5.00000533903959));
#4815=CARTESIAN_POINT('Ctrl Pts',(4.66421889010059,-10.8882687931929,5.00004145372525));
#4816=CARTESIAN_POINT('Ctrl Pts',(4.67490526592673,-10.8933419821644,5.00026227851485));
#4817=CARTESIAN_POINT('Ctrl Pts',(4.68526797621653,-10.8982514084142,5.00069853886525));
#4818=CARTESIAN_POINT('Ctrl Pts',(4.69489943112065,-10.9028143959154,5.00110401405214));
#4819=CARTESIAN_POINT('Ctrl Pts',(4.70425115375588,-10.9072357528808,5.00169564054838));
#4820=CARTESIAN_POINT('Ctrl Pts',(4.71331133619679,-10.9115154920322,5.00249343707772));
#4821=CARTESIAN_POINT('Ctrl Pts',(4.72008884601657,-10.914716969962,5.00309023232407));
#4822=CARTESIAN_POINT('Ctrl Pts',(4.72670372032852,-10.917839819246,5.00380231478975));
#4823=CARTESIAN_POINT('Ctrl Pts',(4.73316314248124,-10.9208988660605,5.0046359111721));
#4824=CARTESIAN_POINT('Ctrl Pts',(4.74320469100271,-10.9256543327713,5.00593178537303));
#4825=CARTESIAN_POINT('Ctrl Pts',(4.75287123426824,-10.9302564281413,5.00752021139761));
#4826=CARTESIAN_POINT('Ctrl Pts',(4.76210713493513,-10.9346598667274,5.00946943641041));
#4827=CARTESIAN_POINT('Ctrl Pts',(4.7717758750388,-10.9392696719632,5.01151001163226));
#4828=CARTESIAN_POINT('Ctrl Pts',(4.780765438095,-10.943554552607,5.01390288306687));
#4829=CARTESIAN_POINT('Ctrl Pts',(4.78911134790022,-10.9475171488791,5.01667291757105));
#4830=CARTESIAN_POINT('Ctrl Pts',(4.79806782113174,-10.951769637615,5.01964560005457));
#4831=CARTESIAN_POINT('Ctrl Pts',(4.80628322663959,-10.95565121416,5.02305298261752));
#4832=CARTESIAN_POINT('Ctrl Pts',(4.81383920041014,-10.9592112578274,5.0269100001605));
#4833=CARTESIAN_POINT('Ctrl Pts',(4.8174215682653,-10.960899112548,5.02873865336687));
#4834=CARTESIAN_POINT('Ctrl Pts',(4.82085621310645,-10.9625153096252,5.03066812299743));
#4835=CARTESIAN_POINT('Ctrl Pts',(4.82415416815728,-10.9640679631424,5.03269855900554));
#4836=CARTESIAN_POINT('Ctrl Pts',(4.82687814051325,-10.9653503897353,5.03437561386876));
#4837=CARTESIAN_POINT('Ctrl Pts',(4.82953319722257,-10.9666014661144,5.03613681595673));
#4838=CARTESIAN_POINT('Ctrl Pts',(4.83212079967496,-10.9678237355125,5.03798480571899));
#4839=CARTESIAN_POINT('Ctrl Pts',(4.8389800990836,-10.971063766357,5.04288351613401));
#4840=CARTESIAN_POINT('Ctrl Pts',(4.84536345942445,-10.974098997065,5.04839253328463));
#4841=CARTESIAN_POINT('Ctrl Pts',(4.85122298293965,-10.9768849883647,5.05464134403));
#4842=CARTESIAN_POINT('Ctrl Pts',(4.85450190739003,-10.9784439982343,5.05813810930206));
#4843=CARTESIAN_POINT('Ctrl Pts',(4.85761738891926,-10.9799256839344,5.061866405811));
#4844=CARTESIAN_POINT('Ctrl Pts',(4.86056526688555,-10.9813274313992,5.06584638265165));
#4845=CARTESIAN_POINT('Ctrl Pts',(4.86551018687725,-10.983678793681,5.07252259763436));
#4846=CARTESIAN_POINT('Ctrl Pts',(4.86993830249223,-10.9857804188375,5.07984668537041));
#4847=CARTESIAN_POINT('Ctrl Pts',(4.87387969333397,-10.9876493182078,5.08785227988239));
#4848=CARTESIAN_POINT('Ctrl Pts',(4.87709917188248,-10.9891759065806,5.09439155518754));
#4849=CARTESIAN_POINT('Ctrl Pts',(4.8799942974515,-10.9905477056354,5.10138505175509));
#4850=CARTESIAN_POINT('Ctrl Pts',(4.88258793544735,-10.9917818965142,5.10882720946635));
#4851=CARTESIAN_POINT('Ctrl Pts',(4.88403816007111,-10.992471990508,5.11298846881867));
#4852=CARTESIAN_POINT('Ctrl Pts',(4.88539418620586,-10.9931191354978,5.11728976245204));
#4853=CARTESIAN_POINT('Ctrl Pts',(4.8866561913592,-10.9937216664767,5.12175122777617));
#4854=CARTESIAN_POINT('Ctrl Pts',(4.88879138235786,-10.9947410907788,5.12929959679489));
#4855=CARTESIAN_POINT('Ctrl Pts',(4.8906206868073,-10.9956116375984,5.13716979992985));
#4856=CARTESIAN_POINT('Ctrl Pts',(4.89217696276239,-10.9963492219957,5.14538562667738));
#4857=CARTESIAN_POINT('Ctrl Pts',(4.893828480856,-10.9971319456339,5.15410425172785));
#4858=CARTESIAN_POINT('Ctrl Pts',(4.8951725543146,-10.9977649644627,5.16321200266392));
#4859=CARTESIAN_POINT('Ctrl Pts',(4.89625021737276,-10.9982694574311,5.17267745116041));
#4860=CARTESIAN_POINT('Ctrl Pts',(4.89737561640342,-10.998796297331,5.18256217949188));
#4861=CARTESIAN_POINT('Ctrl Pts',(4.89821052424506,-10.9991830262525,5.1928365559258));
#4862=CARTESIAN_POINT('Ctrl Pts',(4.89880300119596,-10.9994553872043,5.20340581758269));
#4863=CARTESIAN_POINT('Ctrl Pts',(4.89944820632261,-10.9997519872361,5.21491570298094));
#4864=CARTESIAN_POINT('Ctrl Pts',(4.89980597689621,-10.9999130391091,5.22677492067283));
#4865=CARTESIAN_POINT('Ctrl Pts',(4.89993904950987,-10.9999726063039,5.23879853072183));
#4866=CARTESIAN_POINT('Ctrl Pts',(4.89998022787077,-10.9999910389429,5.24251915016575));
#4867=CARTESIAN_POINT('Ctrl Pts',(4.89999989047647,-10.9999997541308,5.24625511852815));
#4868=CARTESIAN_POINT('Ctrl Pts',(4.89999989047647,-10.9999997541308,5.25));
#4869=CARTESIAN_POINT('Ctrl Pts',(4.89999989047647,-10.9999997541308,5.25));
#4870=CARTESIAN_POINT('Ctrl Pts',(4.89999989047647,-9.79881531667678,5.25));
#4871=CARTESIAN_POINT('Ctrl Pts',(4.89999989047647,-8.59763087922272,5.25));
#4872=CARTESIAN_POINT('Ctrl Pts',(4.89999989047647,-7.39644644176866,5.25));
#4873=CARTESIAN_POINT('Ctrl Pts',(4.89999989047647,-10.9999997541308,5.18265649702985));
#4874=CARTESIAN_POINT('Ctrl Pts',(4.89999989047647,-9.79881531667678,5.18265649702985));
#4875=CARTESIAN_POINT('Ctrl Pts',(4.89999989047647,-8.59763087922272,5.18265649702985));
#4876=CARTESIAN_POINT('Ctrl Pts',(4.89999989047647,-7.39644644176866,5.18265649702985));
#4877=CARTESIAN_POINT('Ctrl Pts',(4.88758381228071,-10.9999997541308,5.09904893701029));
#4878=CARTESIAN_POINT('Ctrl Pts',(4.88758381228071,-9.79881531667678,5.09904893701029));
#4879=CARTESIAN_POINT('Ctrl Pts',(4.88758381228071,-8.59763087922272,5.09904893701029));
#4880=CARTESIAN_POINT('Ctrl Pts',(4.88758381228071,-7.39644644176866,5.09904893701029));
#4881=CARTESIAN_POINT('Ctrl Pts',(4.83913909128422,-10.9999997541308,5.03230723171734));
#4882=CARTESIAN_POINT('Ctrl Pts',(4.83913909128422,-9.79881531667679,5.03230723171734));
#4883=CARTESIAN_POINT('Ctrl Pts',(4.83913909128422,-8.59763087922272,5.03230723171734));
#4884=CARTESIAN_POINT('Ctrl Pts',(4.83913909128422,-7.39644644176866,5.03230723171734));
#4885=CARTESIAN_POINT('Ctrl Pts',(4.76364013675097,-10.9999997541308,5.00507701398147));
#4886=CARTESIAN_POINT('Ctrl Pts',(4.76364013675097,-9.79881531667678,5.00507701398147));
#4887=CARTESIAN_POINT('Ctrl Pts',(4.76364013675097,-8.59763087922273,5.00507701398147));
#4888=CARTESIAN_POINT('Ctrl Pts',(4.76364013675097,-7.39644644176867,5.00507701398147));
#4889=CARTESIAN_POINT('Ctrl Pts',(4.68367164196154,-10.9999997541308,5.));
#4890=CARTESIAN_POINT('Ctrl Pts',(4.68367164196154,-9.79881531667679,5.));
#4891=CARTESIAN_POINT('Ctrl Pts',(4.68367164196154,-8.59763087922272,5.));
#4892=CARTESIAN_POINT('Ctrl Pts',(4.68367164196154,-7.39644644176867,5.));
#4893=CARTESIAN_POINT('Ctrl Pts',(4.64999989047647,-10.9999997541308,5.));
#4894=CARTESIAN_POINT('Ctrl Pts',(4.64999989047647,-9.79881531667679,5.));
#4895=CARTESIAN_POINT('Ctrl Pts',(4.64999989047647,-8.59763087922272,5.));
#4896=CARTESIAN_POINT('Ctrl Pts',(4.64999989047647,-7.39644644176867,5.));
#4897=CARTESIAN_POINT('Ctrl Pts',(4.64999989047647,-10.8815299722319,5.));
#4898=CARTESIAN_POINT('Ctrl Pts',(4.64999989047647,-9.71983546207752,5.));
#4899=CARTESIAN_POINT('Ctrl Pts',(4.64999989047647,-8.55814095192309,5.));
#4900=CARTESIAN_POINT('Ctrl Pts',(4.64999989047647,-7.39644644176867,5.));
#4901=CARTESIAN_POINT('Origin',(-1.9499999564141,6.49999985471368,5.));
#4902=UNCERTAINTY_MEASURE_WITH_UNIT(LENGTH_MEASURE(0.01),#4906,
'DISTANCE_ACCURACY_VALUE',
'Maximum model space distance between geometric entities at asserted c
onnectivities');
#4903=UNCERTAINTY_MEASURE_WITH_UNIT(LENGTH_MEASURE(0.01),#4906,
'DISTANCE_ACCURACY_VALUE',
'Maximum model space distance between geometric entities at asserted c
onnectivities');
#4904=(
GEOMETRIC_REPRESENTATION_CONTEXT(3)
GLOBAL_UNCERTAINTY_ASSIGNED_CONTEXT((#4902))
GLOBAL_UNIT_ASSIGNED_CONTEXT((#4906,#4908,#4909))
REPRESENTATION_CONTEXT('','3D')
);
#4905=(
GEOMETRIC_REPRESENTATION_CONTEXT(3)
GLOBAL_UNCERTAINTY_ASSIGNED_CONTEXT((#4903))
GLOBAL_UNIT_ASSIGNED_CONTEXT((#4906,#4908,#4909))
REPRESENTATION_CONTEXT('','3D')
);
#4906=(
LENGTH_UNIT()
NAMED_UNIT(*)
SI_UNIT(.MILLI.,.METRE.)
);
#4907=(
LENGTH_UNIT()
NAMED_UNIT(*)
SI_UNIT($,.METRE.)
);
#4908=(
NAMED_UNIT(*)
PLANE_ANGLE_UNIT()
SI_UNIT($,.RADIAN.)
);
#4909=(
NAMED_UNIT(*)
SI_UNIT($,.STERADIAN.)
SOLID_ANGLE_UNIT()
);
#4910=SHAPE_DEFINITION_REPRESENTATION(#4911,#4912);
#4911=PRODUCT_DEFINITION_SHAPE('',$,#4914);
#4912=SHAPE_REPRESENTATION('',(#832),#4904);
#4913=PRODUCT_DEFINITION_CONTEXT('part definition',#4918,'design');
#4914=PRODUCT_DEFINITION('2026-05-30-20-12-50-107','Case top',#4915,#4913);
#4915=PRODUCT_DEFINITION_FORMATION('',$,#4920);
#4916=PRODUCT_RELATED_PRODUCT_CATEGORY('Case top','Case top',(#4920));
#4917=APPLICATION_PROTOCOL_DEFINITION('international standard',
'automotive_design',2009,#4918);
#4918=APPLICATION_CONTEXT(
'Core Data for Automotive Mechanical Design Process');
#4919=PRODUCT_CONTEXT('part definition',#4918,'mechanical');
#4920=PRODUCT('2026-05-30-20-12-50-107','Case top',$,(#4919));
#4921=PRESENTATION_STYLE_ASSIGNMENT((#4923));
#4922=PRESENTATION_STYLE_ASSIGNMENT((#4924));
#4923=SURFACE_STYLE_USAGE(.BOTH.,#4925);
#4924=SURFACE_STYLE_USAGE(.BOTH.,#4926);
#4925=SURFACE_SIDE_STYLE('',(#4927));
#4926=SURFACE_SIDE_STYLE('',(#4928));
#4927=SURFACE_STYLE_FILL_AREA(#4929);
#4928=SURFACE_STYLE_FILL_AREA(#4930);
#4929=FILL_AREA_STYLE('Steel - Satin',(#4931));
#4930=FILL_AREA_STYLE('PLA (White)',(#4932));
#4931=FILL_AREA_STYLE_COLOUR('Steel - Satin',#4933);
#4932=FILL_AREA_STYLE_COLOUR('PLA (White)',#4934);
#4933=COLOUR_RGB('Steel - Satin',0.627450980392157,0.627450980392157,0.627450980392157);
#4934=COLOUR_RGB('PLA (White)',0.796078431372549,0.172549019607843,0.188235294117647);
ENDSEC;
END-ISO-10303-21;
